NA,Code_Rep,B58C1,B58C2,B58C3,B58E1,B58E2,B58E3,BC1,BC2,BC3,BE1,BE2,BE3,BKC1,BKC2,BKC3,BKE1,BKE2,BKE3,CRC1,CRC2,CRC3,CRE1,CRE2,CRE3,CRE4C1,CRE4C2,CRE4C3,CRE4E1,CRE4E2,CRE4E3,E4C1,E4C2,E4C3,E4E1,E4E2,E4E3,PIC1,PIC2,PIC3,PIE1,PIE2,PIE3,B58C3,E4C2,E4C3,PIC3,B58C2,SC3,CRE4C3,SC2,SKBC2,SKBC3,CRC2,SKBC1,BC1,BC3,BC2,CRE4C2,PIC2,E4C1,CRE4C1,CRC1,BE2,SKBE1,BE1,E4E2,SKBE2,CRE3,CRE4E3,SE2,CRE2,E4E3,PIE1,B58C1,B58E1,B58E2,B58E3,CRC3,CRE1,CRE4E1,CRE4E2,E4E1,PIC1,PIE2,PIE3,SC1,SE1,SE3,SKBE3,BE3,SC1,SC2,SC3,SE1,SE2,SE3,SKBC1,SKBC2,SKBC3,SKBE1,SKBE2,SKBE3
NA,Code_SaZo,B58CS,B58CS,B58CS,B58ES,B58ES,B58ES,BCS,BCS,BCS,BES,BES,BES,BKC,BKC,BKC,BKE,BKE,BKE,CRCS,CRCS,CRCS,CRES,CRES,CRES,CRE4CS,CRE4CS,CRE4CS,CRE4ES,CRE4ES,CRE4ES,E4CS,E4CS,E4CS,E4ES,E4ES,E4ES,PICS,PICS,PICS,PIES,PIES,PIES,B58CR,E4CR,E4CR,PICR,B58CR,SCR,CRE4CR,SCR,SKBCR,SKBCR,CRCR,SKBCR,BCR,BCR,BCR,CRE4CR,PICR,E4CR,CRE4CR,CRCR,BER,SKBER,BER,E4ER,SKBER,CRER,CRE4ER,SER,CRER,E4ER,PIER,B58CR,B58ER,B58ER,B58ER,CRCR,CRER,CRE4ER,CRE4ER,E4ER,PICR,PIER,PIER,SCR,SER,SER,SKBER,BER,SCS,SCS,SCS,SES,SES,SES,SKBCS,SKBCS,SKBCS,SKBES,SKBES,SKBES
NA,Treatment,Con,Con,Con,Org,Org,Org,Con,Con,Con,Org,Org,Org,Con,Con,Con,Org,Org,Org,Con,Con,Con,Org,Org,Org,Con,Con,Con,Org,Org,Org,Con,Con,Con,Org,Org,Org,Con,Con,Con,Org,Org,Org,Con,Con,Con,Con,Con,Con,Con,Con,Con,Con,Con,Con,Con,Con,Con,Con,Con,Con,Con,Con,Org,Org,Org,Org,Org,Org,Org,Org,Org,Org,Org,Con,Org,Org,Org,Con,Org,Org,Org,Org,Con,Org,Org,Con,Org,Org,Org,Org,Con,Con,Con,Org,Org,Org,Con,Con,Con,Org,Org,Org
NA,Accession,Bol58,Bol58,Bol58,Bol58,Bol58,Bol58,Bola,Bola,Bola,Bola,Bola,Bola,Blank,Blank,Blank,Blank,Blank,Blank,CaliRed,CaliRed,CaliRed,CaliRed,CaliRed,CaliRed,CaliXEcu,CaliXEcu,CaliXEcu,CaliXEcu,CaliXEcu,CaliXEcu,Ecu994,Ecu994,Ecu994,Ecu994,Ecu994,Ecu994,Piquillo,Piquillo,Piquillo,Piquillo,Piquillo,Piquillo,Bol58,Ecu994,Ecu994,Piquillo,Bol58,Serrano,CaliXEcu,Serrano,SerrXBola,SerrXBola,CaliRed,SerrXBola,Bola,Bola,Bola,CaliXEcu,Piquillo,Ecu994,CaliXEcu,CaliRed,Bola,SerrXBola,Bola,Ecu994,SerrXBola,CaliRed,CaliXEcu,Serrano,CaliRed,Ecu994,Piquillo,Bol58,Bol58,Bol58,Bol58,CaliRed,CaliRed,CaliXEcu,CaliXEcu,Ecu994,Piquillo,Piquillo,Piquillo,Serrano,Serrano,Serrano,SerrXBola,Bola,Serrano,Serrano,Serrano,Serrano,Serrano,Serrano,SerrXBola,SerrXBola,SerrXBola,SerrXBola,SerrXBola,SerrXBola
NA,SPP,BACCATUM,BACCATUM,BACCATUM,BACCATUM,BACCATUM,BACCATUM,ANNUUM,ANNUUM,ANNUUM,ANNUUM,ANNUUM,ANNUUM,BLANK,BLANK,BLANK,BLANK,BLANK,BLANK,ANNUUM,ANNUUM,ANNUUM,ANNUUM,ANNUUM,ANNUUM,HY_AxCh,HY_AxCh,HY_AxCh,HY_AxCh,HY_AxCh,HY_AxCh,CHINENSE,CHINENSE,CHINENSE,CHINENSE,CHINENSE,CHINENSE,ANNUUM,ANNUUM,ANNUUM,ANNUUM,ANNUUM,ANNUUM,BACCATUM,CHINENSE,CHINENSE,ANNUUM,BACCATUM,ANNUUM,HY_AxCh,ANNUUM,HY_AxA,HY_AxA,ANNUUM,HY_AxA,ANNUUM,ANNUUM,ANNUUM,HY_AxCh,ANNUUM,CHINENSE,HY_AxCh,ANNUUM,ANNUUM,HY_AxA,ANNUUM,CHINENSE,HY_AxA,ANNUUM,HY_AxCh,ANNUUM,ANNUUM,CHINENSE,ANNUUM,BACCATUM,BACCATUM,BACCATUM,BACCATUM,ANNUUM,ANNUUM,HY_AxCh,HY_AxCh,CHINENSE,ANNUUM,ANNUUM,ANNUUM,ANNUUM,ANNUUM,ANNUUM,HY_AxA,ANNUUM,ANNUUM,ANNUUM,ANNUUM,ANNUUM,ANNUUM,ANNUUM,HY_AxA,HY_AxA,HY_AxA,HY_AxA,HY_AxA,HY_AxA
NA,SampZone,SOIL,SOIL,SOIL,SOIL,SOIL,SOIL,SOIL,SOIL,SOIL,SOIL,SOIL,SOIL,SOIL,SOIL,SOIL,SOIL,SOIL,SOIL,SOIL,SOIL,SOIL,SOIL,SOIL,SOIL,SOIL,SOIL,SOIL,SOIL,SOIL,SOIL,SOIL,SOIL,SOIL,SOIL,SOIL,SOIL,SOIL,SOIL,SOIL,SOIL,SOIL,SOIL,ROOT,ROOT,ROOT,ROOT,ROOT,ROOT,ROOT,ROOT,ROOT,ROOT,ROOT,ROOT,ROOT,ROOT,ROOT,ROOT,ROOT,ROOT,ROOT,ROOT,ROOT,ROOT,ROOT,ROOT,ROOT,ROOT,ROOT,ROOT,ROOT,ROOT,ROOT,ROOT,ROOT,ROOT,ROOT,ROOT,ROOT,ROOT,ROOT,ROOT,ROOT,ROOT,ROOT,ROOT,ROOT,ROOT,ROOT,ROOT,SOIL,SOIL,SOIL,SOIL,SOIL,SOIL,SOIL,SOIL,SOIL,SOIL,SOIL,SOIL
NA,SampZone2,1,1,1,1,1,1,1,1,1,1,1,1,1,1,1,1,1,1,1,1,1,1,1,1,1,1,1,1,1,1,1,1,1,1,1,1,1,1,1,1,1,1,2,2,2,2,2,2,2,2,2,2,2,2,2,2,2,2,2,2,2,2,2,2,2,2,2,2,2,2,2,2,2,2,2,2,2,2,2,2,2,2,2,2,2,2,2,2,2,2,1,1,1,1,1,1,1,1,1,1,1,1
NA,Treatment2,1,1,1,2,2,2,1,1,1,2,2,2,1,1,1,2,2,2,1,1,1,2,2,2,1,1,1,2,2,2,1,1,1,2,2,2,1,1,1,2,2,2,1,1,1,1,1,1,1,1,1,1,1,1,1,1,1,1,1,1,1,1,2,2,2,2,2,2,2,2,2,2,2,1,2,2,2,1,2,2,2,2,1,2,2,1,2,2,2,2,1,1,1,2,2,2,1,1,1,2,2,2
NA,SPP2,2,2,2,2,2,2,1,1,1,1,1,1,6,6,6,6,6,6,1,1,1,1,1,1,5,5,5,5,5,5,3,3,3,3,3,3,1,1,1,1,1,1,2,3,3,1,2,1,5,1,4,4,1,4,1,1,1,5,1,3,5,1,1,4,1,3,4,1,5,1,1,3,1,2,2,2,2,1,1,5,5,3,1,1,1,1,1,1,4,1,1,1,1,1,1,1,4,4,4,4,4,4
NA,Variety,1,1,1,1,1,1,2,2,2,2,2,2,9,9,9,9,9,9,3,3,3,3,3,3,4,4,4,4,4,4,5,5,5,5,5,5,6,6,6,6,6,6,1,5,5,6,1,7,4,7,8,8,3,8,2,2,2,4,6,5,4,3,2,8,2,5,8,3,4,7,3,5,6,1,1,1,1,3,3,4,4,5,6,6,6,7,7,7,8,2,7,7,7,7,7,7,8,8,8,8,8,8
NA,TxSp,2,2,2,7,7,7,1,1,1,6,6,6,11,11,11,12,12,12,1,1,1,6,6,6,5,5,5,10,10,10,3,3,3,8,8,8,1,1,1,6,6,6,2,3,3,1,2,1,5,1,4,4,1,4,1,1,1,5,1,3,5,1,6,9,6,8,9,6,10,6,6,8,6,2,7,7,7,1,6,10,10,8,1,6,6,1,6,6,9,6,1,1,1,6,6,6,4,4,4,9,9,9
NA,TxVar,1,1,1,9,9,9,2,2,2,10,10,10,17,17,17,18,18,18,3,3,3,11,11,11,4,4,4,12,12,12,5,5,5,13,13,13,6,6,6,14,14,14,1,5,5,6,1,7,4,7,8,8,3,8,2,2,2,4,6,5,4,3,10,16,10,13,16,11,12,15,11,13,14,1,9,9,9,3,11,12,12,13,6,14,14,7,15,15,16,10,7,7,7,15,15,15,8,8,8,16,16,16
NA,TRL,4667.38,3745.41,4631.19,2821.88,2815.61,904.88,2853.45,1960.72,1859.84,1512.36,1274.53,2079.37,,,,,,,1964.12,1247.47,1416.06,1971.23,1348.86,767.5,3829.26,1798.9,3178.1,2413.86,2228.88,1626.19,3093.46,3060.53,3164.7,3237.71,2137.47,3586.08,3679.5,4296.52,1818.64,1611.41,3965.07,3140.13,4631.19,3060.53,3164.7,1818.64,3745.41,3385.34,3178.1,4872.06,2089.97,1129.5,1247.47,3498.28,2853.45,1859.84,1960.72,1798.9,4296.52,3093.46,3829.26,1964.12,1274.53,2419.83,1512.36,2137.47,2639.63,767.5,1626.19,3647.75,1348.86,3586.08,1611.41,4667.38,2821.88,2815.61,904.88,1416.06,1971.23,2413.86,2228.88,3237.71,3679.5,3965.07,3140.13,2558.37,3201.53,3798.97,2133.06,2079.37,2558.37,4872.06,3385.34,3201.53,3647.75,3798.97,3498.28,2089.97,1129.5,2419.83,2639.63,2133.06
NA,TRA,459.92,340.1,326.5,281.96,267.8,80.24,251.42,170.53,155.97,132.24,118.24,198.37,,,,,,,177.11,125.8,124.53,178.42,131.69,84.89,380.49,206.05,317.02,246.4,214.02,202.37,299,325.12,285.16,309.96,234.67,365.59,378.71,381.83,183.95,149.07,371.38,295.33,326.5,325.12,285.16,183.95,340.1,357.51,317.02,474.17,225.52,129.96,125.8,388.13,251.42,155.97,170.53,206.05,381.83,299,380.49,177.11,118.24,252.55,132.24,234.67,272.79,84.89,202.37,397.22,131.69,365.59,149.07,459.92,281.96,267.8,80.24,124.53,178.42,246.4,214.02,309.96,378.71,371.38,295.33,278.49,316.89,459.73,221.21,198.37,278.49,474.17,357.51,316.89,397.22,459.73,388.13,225.52,129.96,252.55,272.79,221.21
NA,ARD,0.98,0.89,0.72,0.98,0.95,0.89,0.88,0.87,0.85,0.87,0.92,0.97,,,,,,,0.9,1.02,0.88,0.9,0.96,1.11,1,1.13,1,1.02,0.93,1.25,0.97,1.06,0.9,0.94,1.09,1,1.03,0.88,1.01,0.93,0.93,0.93,0.72,1.06,0.9,1.01,0.89,1.06,1,0.97,1.08,1.14,1.02,1.11,0.88,0.85,0.87,1.13,0.88,0.97,1,0.9,0.92,1.01,0.87,1.09,1.04,1.11,1.25,1.08,0.96,1,0.93,0.98,0.98,0.95,0.89,0.88,0.9,1.02,0.93,0.94,1.03,0.93,0.93,1.08,0.99,1.21,1.03,0.97,1.08,0.97,1.06,0.99,1.08,1.21,1.11,1.08,1.14,1.01,1.04,1.03
NA,TRV,35.83,24.49,18.44,22.37,20.01,5.59,17.41,11.65,10.34,9.09,8.64,14.99,,,,,,,12.54,10.02,8.63,12.75,10.17,7.37,30.85,18.6,24.87,19.75,16.37,19.84,22.7,27.25,20.25,23.42,20.33,29.42,30.69,26.94,14.72,10.85,27.69,21.89,18.44,27.25,20.25,14.72,24.49,30.03,24.87,36.6,19.12,11.86,10.02,34.07,17.41,10.34,11.65,18.6,26.94,22.7,30.85,12.54,8.64,21,9.09,20.33,22.28,7.37,19.84,34.75,10.17,29.42,10.85,35.83,22.37,20.01,5.59,8.63,12.75,19.75,16.37,23.42,30.69,27.69,21.89,24.35,24.82,44.13,18.11,14.99,24.35,36.6,30.03,24.82,34.75,44.13,34.07,19.12,11.86,21,22.28,18.11
NA,NRT,12019,7786,28087,5182,6004,1634,5568,4903,3669,3246,2947,4927,,,,,,,5623,3479,2613,4499,3575,1936,5633,3668,3956,4858,4064,3708,5254,6042,6571,5245,4800,9002,6962,7583,4245,2680,6998,5173,28087,6042,6571,4245,7786,8024,3956,10104,3052,3058,3479,8863,5568,3669,4903,3668,7583,5254,5633,5623,2947,3938,3246,4800,5193,1936,3708,7234,3575,9002,2680,12019,5182,6004,1634,2613,4499,4858,4064,5245,6962,6998,5173,5590,5997,7441,4031,4927,5590,10104,8024,5997,7234,7441,8863,3052,3058,3938,5193,4031
NA,TRL05,836.14,708.14,1689,370.93,626.75,112.39,608.7,509.17,605.99,328.93,251.19,464.91,,,,,,,250.39,126.85,218.06,502,228.23,128.41,1086.49,397.88,1253.74,623.46,862.05,389.29,1452.01,930.32,1173.12,956.8,602.19,1030.55,522.99,841.76,204.65,252.93,925.81,659.54,1689,930.32,1173.12,204.65,708.14,682.64,1253.74,964.54,496.13,113.03,126.85,481.1,608.7,605.99,509.17,397.88,841.76,1452.01,1086.49,250.39,251.19,408.72,328.93,602.19,416.98,128.41,389.29,548.49,228.23,1030.55,252.93,836.14,370.93,626.75,112.39,218.06,502,623.46,862.05,956.8,522.99,925.81,659.54,474.1,374.46,485.03,330.11,464.91,474.1,964.54,682.64,374.46,548.49,485.03,481.1,496.13,113.03,408.72,416.98,330.11
NA,TRL05_2,2940.86,2418.97,2164.27,2000.67,1687.88,663.06,1841.42,1137.86,967.54,906.1,751.37,1108.94,,,,,,,1367.45,864.95,981.46,1144.15,835.37,466.83,2018.55,965.38,1320.91,1268.72,994.04,775.26,1132.36,1554.51,1483.47,1659.21,983.68,1872.05,2454.16,2759.41,1199.91,1068.35,2332.7,1997.55,2164.27,1554.51,1483.47,1199.91,2418.97,1988.93,1320.91,3109.17,1126.67,709.24,864.95,2335.96,1841.42,967.54,1137.86,965.38,2759.41,1132.36,2018.55,1367.45,751.37,1539.79,906.1,983.68,1713.15,466.83,775.26,2263.75,835.37,1872.05,1068.35,2940.86,2000.67,1687.88,663.06,981.46,1144.15,1268.72,994.04,1659.21,2454.16,2332.7,1997.55,1459.6,2226.79,2465.06,1452.43,1108.94,1459.6,3109.17,1988.93,2226.79,2263.75,2465.06,2335.96,1126.67,709.24,1539.79,1713.15,1452.43
NA,TRL2,376.11,228.29,129.27,192.59,224.63,38.26,131.3,128.6,104.26,95.77,97.29,230.69,,,,,,,102.59,87.89,66.26,143.52,109.07,81.42,357.97,252.34,329.44,249.5,190.36,276.26,324.33,300.21,227.97,280.46,278.38,321.05,344.96,287.01,175.98,108.13,341.68,209.07,129.27,300.21,227.97,175.98,228.29,346.84,329.44,344.16,285.42,143.18,87.89,328.12,131.3,104.26,128.6,252.34,287.01,324.33,357.97,102.59,97.29,231.18,95.77,278.38,233.9,81.42,276.26,408.58,109.07,321.05,108.13,376.11,192.59,224.63,38.26,66.26,143.52,249.5,190.36,280.46,344.96,341.68,209.07,351.45,241.08,501.44,169.43,230.69,351.45,344.16,346.84,241.08,408.58,501.44,328.12,285.42,143.18,231.18,233.9,169.43
NA,NRF,7152,5116,8404,3287,4332,1428,3847,2980,2687,1962,1604,2578,,,,,,,1993,1187,1782,2717,1804,926,7070,3488,6864,3994,4394,2543,8762,6625,7485,6683,3986,8971,5394,5036,1551,1566,5149,5000,8404,6625,7485,1551,5116,4380,6864,6706,2502,1098,1187,4478,3847,2687,2980,3488,5036,8762,7070,1993,1604,2963,1962,3986,3906,926,2543,4519,1804,8971,1566,7152,3287,4332,1428,1782,2717,3994,4394,6683,5394,5149,5000,2993,3451,5912,3300,2578,2993,6706,4380,3451,4519,5912,4478,2502,1098,2963,3906,3300
NA,SFW,60.99,26.08,42.48,42.93,39.57,19.69,29.2,31.47,16.55,33.98,24.73,34.87,,,,,,,16.15,23.45,23,36.42,21.22,15.05,95.66,56.45,47.58,77.57,46.77,63.99,49.02,61.51,29.94,39.13,37.15,34.88,64.07,38.47,43.8,33.86,65.35,50.75,42.48,61.51,29.94,43.8,26.08,55.5,47.58,56.47,82.63,23.99,23.45,81.5,29.2,16.55,31.47,56.45,38.47,49.02,95.66,16.15,24.73,49.09,33.98,37.15,54.25,15.05,63.99,92.31,21.22,34.88,33.86,60.99,42.93,39.57,19.69,23,36.42,77.57,46.77,39.13,64.07,65.35,50.75,60.52,48.73,61.7,54.75,34.87,60.52,56.47,55.5,48.73,92.31,61.7,81.5,82.63,23.99,49.09,54.25,54.75
NA,SDW,21.2,9.55,13.26,13.77,12.96,6.01,9.43,10.65,4.45,11.44,7.26,11.52,,,,,,,4.3,6.88,6.66,10.45,6.27,3.54,36.95,22.13,17.34,29.73,17.11,23.68,20.17,24.92,13.07,17.55,16.56,15.74,21.44,13.36,13.97,11.05,23.79,17.54,13.26,24.92,13.07,13.97,9.55,21.54,17.34,22.51,31.35,7.53,6.88,27.25,9.43,4.45,10.65,22.13,13.36,20.17,36.95,4.3,7.26,19.82,11.44,16.56,18.53,3.54,23.68,32.77,6.27,15.74,11.05,21.2,13.77,12.96,6.01,6.66,10.45,29.73,17.11,17.55,21.44,23.79,17.54,23.92,18.13,21.72,19.58,11.52,23.92,22.51,21.54,18.13,32.77,21.72,27.25,31.35,7.53,19.82,18.53,19.58
NA,SWC,65.24,63.38,68.79,67.92,67.25,69.48,67.71,66.16,73.11,66.33,70.64,66.96,,,,,,,73.37,70.66,71.04,71.31,70.45,76.48,61.37,60.8,63.56,61.67,63.42,62.99,58.85,59.49,56.35,55.15,55.42,54.87,66.54,65.27,68.11,67.37,63.6,65.44,68.79,59.49,56.35,68.11,63.38,61.19,63.56,60.14,62.06,68.61,70.66,66.56,67.71,73.11,66.16,60.8,65.27,58.85,61.37,73.37,70.64,59.63,66.33,55.42,65.84,76.48,62.99,64.5,70.45,54.87,67.37,65.24,67.92,67.25,69.48,71.04,71.31,61.67,63.42,55.15,66.54,63.6,65.44,60.48,62.79,64.8,64.24,66.96,60.48,60.14,61.19,62.79,64.5,64.8,66.56,62.06,68.61,59.63,65.84,64.24
NA,RFW,26.6,14.98,12.03,14.07,15.7,5.19,11.88,9.01,8.83,7.79,8.25,13.6,,,,,,,8.63,9.08,8.23,13.78,6.44,8.44,42.1,19.19,39.78,19.71,24.12,31.74,29.01,38.89,19.65,23.7,25.09,29.36,24.39,17.6,13.34,10.56,29.8,21.06,12.03,38.89,19.65,13.34,14.98,37.38,39.78,37.97,25.8,16.95,9.08,40.9,11.88,8.83,9.01,19.19,17.6,29.01,42.1,8.63,8.25,25,7.79,25.09,20.6,8.44,31.74,41.55,6.44,29.36,10.56,26.6,14.07,15.7,5.19,8.23,13.78,19.71,24.12,23.7,24.39,29.8,21.06,26.75,25.37,48.17,22.81,13.6,26.75,37.97,37.38,25.37,41.55,48.17,40.9,25.8,16.95,25,20.6,22.81
NA,RDW,10.17,7.91,6.77,7.38,7.32,2.36,5.36,4.62,4.28,4.36,4.55,5.99,,,,,,,4.1,4.5,4.06,5.31,3.86,3.65,17.62,9.69,15.93,9.65,11.31,14.3,14.67,17.41,9.45,12.26,13.4,14.76,8.57,7.26,5.32,5.1,11.42,7.56,6.77,17.41,9.45,5.32,7.91,15.24,15.93,17.09,10.77,6.22,4.5,13.48,5.36,4.28,4.62,9.69,7.26,14.67,17.62,4.1,4.55,11.34,4.36,13.4,7.94,3.65,14.3,17.05,3.86,14.76,5.1,10.17,7.38,7.32,2.36,4.06,5.31,9.65,11.31,12.26,8.57,11.42,7.56,16.17,12.25,16.44,8.77,5.99,16.17,17.09,15.24,12.25,17.05,16.44,13.48,10.77,6.22,11.34,7.94,8.77
NA,RWC,61.77,47.2,43.72,47.55,53.38,54.53,54.88,48.72,51.53,44.03,44.85,55.96,,,,,,,52.49,50.44,50.67,61.47,40.06,56.75,58.15,49.5,59.95,51.04,53.11,54.95,49.43,55.23,51.91,48.27,46.59,49.73,64.86,58.75,60.12,51.7,61.68,64.1,43.72,55.23,51.91,60.12,47.2,59.23,59.95,54.99,58.26,63.3,50.44,67.04,54.88,51.53,48.72,49.5,58.75,49.43,58.15,52.49,44.85,54.64,44.03,46.59,61.46,56.75,54.95,58.97,40.06,49.73,51.7,61.77,47.55,53.38,54.53,50.67,61.47,51.04,53.11,48.27,64.86,61.68,64.1,39.57,51.71,65.87,61.55,55.96,39.57,54.99,59.23,51.71,58.97,65.87,67.04,58.26,63.3,54.64,61.46,61.55
NA,LFW,99.74,82.89,100.13,98.94,98.49,81.16,95.34,98.62,43.21,95.78,90.55,94.66,,,,,,,92.11,93.42,77.98,98.47,100,95.01,100.19,100.05,92.03,97.21,99,99.76,99.68,94.43,100.01,100.08,99.45,94.22,96.52,94.63,99.99,100.05,96.06,99.55,100.13,94.43,100.01,99.99,82.89,87.65,92.03,92.44,92.48,90.71,93.42,98.99,95.34,43.21,98.62,100.05,94.63,99.68,100.19,92.11,90.55,99.94,95.78,99.45,90.18,95.01,99.76,83.42,100,94.22,100.05,99.74,98.94,98.49,81.16,77.98,98.47,97.21,99,100.08,96.52,96.06,99.55,67.26,87.56,92.02,94.03,94.66,67.26,92.44,87.65,87.56,83.42,92.02,98.99,92.48,90.71,99.94,90.18,94.03
NA,LDW,24.59,20.53,21.23,22.44,19.3,18.13,23.8,25.99,11.53,22.37,24.77,25.21,,,,,,,16.95,17.82,19.46,19.83,20.3,18.49,23.98,22.84,26.95,26.69,25.13,26.52,27.87,24.8,23.42,26.67,31.7,25.85,18.15,20.69,20.96,21.06,21.01,24.55,21.23,24.8,23.42,20.96,20.53,23.46,26.95,28.12,28.44,24.91,17.82,22.24,23.8,11.53,25.99,22.84,20.69,27.87,23.98,16.95,24.77,28.21,22.37,31.7,24.87,18.49,26.52,24.6,20.3,25.85,21.06,24.59,22.44,19.3,18.13,19.46,19.83,26.69,25.13,26.67,18.15,21.01,24.55,23.23,26.52,24.11,19.47,25.21,23.23,28.12,23.46,26.52,24.6,24.11,22.24,28.44,24.91,28.21,24.87,19.47
NA,LWC,75.35,75.23,78.8,77.32,80.4,77.66,75.04,73.65,73.32,76.64,72.64,73.37,,,,,,,81.6,80.92,75.04,79.86,79.7,80.54,76.07,77.17,70.72,72.54,74.62,73.42,72.04,73.74,76.58,73.35,68.12,72.56,81.2,78.14,79.04,78.95,78.13,75.34,78.8,73.74,76.58,79.04,75.23,73.23,70.72,69.58,69.25,72.54,80.92,77.53,75.04,73.32,73.65,77.17,78.14,72.04,76.07,81.6,72.64,71.77,76.64,68.12,72.42,80.54,73.42,70.51,79.7,72.56,78.95,75.35,77.32,80.4,77.66,75.04,79.86,72.54,74.62,73.35,81.2,78.13,75.34,65.46,69.71,73.8,79.29,73.37,65.46,69.58,73.23,69.71,70.51,73.8,77.53,69.25,72.54,71.77,72.42,79.29
NA,Y_kg,0.29,0.18,0.31,0.43,0.49,0.05,0.14,0.45,0.02,0.34,2.44,1.04,,,,,,,0.1,0.02,0.06,0.68,0.12,0.61,1.05,1.14,1.48,0.91,1.12,1.77,1.24,1.75,0.73,1,1.72,0.88,0.36,0.62,0.47,0.22,0.57,0.39,0.31,1.75,0.73,0.47,0.18,0.59,1.48,0.94,0.84,0.55,0.02,0.54,0.14,0.02,0.45,1.14,0.62,1.24,1.05,0.1,2.44,0.92,0.34,1.72,0.7,0.61,1.77,1.31,0.12,0.88,0.22,0.29,0.43,0.49,0.05,0.06,0.68,0.91,1.12,1,0.36,0.57,0.39,0.59,0.9,0.76,0.57,1.04,0.59,0.94,0.59,0.9,1.31,0.76,0.54,0.84,0.55,0.92,0.7,0.57
NA,FFW,2.44,1.29,2.58,2.46,1.44,1.28,2.98,5.48,4.7,7.88,4.84,13.5,,,,,,,4.24,1.83,3.03,10.27,5.18,8.63,2.61,3.09,3.36,5.1,3.96,4.61,1.94,3.46,2.25,5.05,2.96,4.83,6.23,2.83,3.8,2.87,2.43,3.97,2.58,3.46,2.25,3.8,1.29,0.96,3.36,1.06,3.72,2.81,1.83,2.51,2.98,4.7,5.48,3.09,2.83,1.94,2.61,4.24,4.84,3.22,7.88,2.96,2.97,8.63,4.61,4.11,5.18,4.83,2.87,2.44,2.46,1.44,1.28,3.03,10.27,5.1,3.96,5.05,6.23,2.43,3.97,1.62,5.52,4.64,6.55,13.5,1.62,1.06,0.96,5.52,4.11,4.64,2.51,3.72,2.81,3.22,2.97,6.55
NA,FDW,0.27,0.17,0.3,0.48,0.19,0.15,0.26,0.6,0.52,0.71,0.67,1.31,,,,,,,0.42,0.19,0.3,0.89,0.43,0.71,0.3,0.32,0.31,0.51,0.37,0.47,0.22,0.41,0.22,0.71,0.36,0.66,0.5,0.36,0.3,0.21,0.2,0.41,0.3,0.41,0.22,0.3,0.17,0.12,0.31,0.13,0.35,0.32,0.19,0.27,0.26,0.52,0.6,0.32,0.36,0.22,0.3,0.42,0.67,0.36,0.71,0.36,0.37,0.71,0.47,0.56,0.43,0.66,0.21,0.27,0.48,0.19,0.15,0.3,0.89,0.51,0.37,0.71,0.5,0.2,0.41,0.23,0.78,0.69,0.79,1.31,0.23,0.13,0.12,0.78,0.56,0.69,0.27,0.35,0.32,0.36,0.37,0.79
NA,FWC,89.07,86.9,88.23,80.33,86.76,88.04,91.24,89.1,89.03,90.96,86.23,90.33,,,,,,,90.11,89.76,90,91.37,91.76,91.73,88.56,89.58,90.68,90.02,90.71,89.8,88.93,88.2,90.2,85.93,87.69,86.25,92.06,87.16,92.13,92.76,91.67,89.78,88.23,88.2,90.2,92.13,86.9,87.98,90.68,87.87,90.49,88.73,89.76,89.16,91.24,89.03,89.1,89.58,87.16,88.93,88.56,90.11,86.23,88.83,90.96,87.69,87.51,91.73,89.8,86.48,91.76,86.25,92.76,89.07,80.33,86.76,88.04,90,91.37,90.02,90.71,85.93,92.06,91.67,89.78,85.56,85.83,85.19,87.9,90.33,85.56,87.87,87.98,85.83,86.48,85.19,89.16,90.49,88.73,88.83,87.51,87.9
NA,RD,0.28,0.32,0.37,0.33,0.37,0.42,0.31,0.4,0.41,0.48,0.53,0.4,,,,,,,0.33,0.45,0.47,0.42,0.38,0.49,0.57,0.52,0.64,0.49,0.69,0.72,0.65,0.64,0.47,0.52,0.66,0.5,0.28,0.27,0.36,0.47,0.41,0.35,0.37,0.64,0.47,0.36,0.32,0.51,0.64,0.47,0.56,0.52,0.45,0.4,0.31,0.41,0.4,0.52,0.27,0.65,0.57,0.33,0.53,0.54,0.48,0.66,0.36,0.49,0.72,0.49,0.38,0.5,0.47,0.28,0.33,0.37,0.42,0.47,0.42,0.49,0.69,0.52,0.28,0.41,0.35,0.66,0.49,0.37,0.48,0.4,0.66,0.47,0.51,0.49,0.49,0.37,0.4,0.56,0.52,0.54,0.36,0.48
NA,BR,1.53,1.37,1.81,1.16,1.54,1.58,1.35,1.52,1.44,1.3,1.26,1.24,,,,,,,1.01,0.95,1.26,1.38,1.34,1.21,1.85,1.94,2.16,1.65,1.97,1.56,2.83,2.16,2.37,2.06,1.86,2.5,1.47,1.17,0.85,0.97,1.3,1.59,1.81,2.16,2.37,0.85,1.37,1.29,2.16,1.38,1.2,0.97,0.95,1.28,1.35,1.44,1.52,1.94,1.17,2.83,1.85,1.01,1.26,1.22,1.3,1.86,1.48,1.21,1.56,1.24,1.34,2.5,0.97,1.53,1.16,1.54,1.58,1.26,1.38,1.65,1.97,2.06,1.47,1.3,1.59,1.17,1.08,1.56,1.55,1.24,1.17,1.38,1.29,1.08,1.24,1.56,1.28,1.2,0.97,1.22,1.48,1.55
NA,B,4.62,3.95,3.74,7.77,3.93,3.3,5.01,4.19,5.76,4.55,4.69,4.29,,,,,,,4.92,4.81,5.13,4.05,5.98,4.68,5.73,4.48,5.07,5.9,5.29,6.45,5.05,4.04,4.53,4.49,4.02,3.99,5.85,4.79,4.6,4.99,5.75,3.82,3.74,4.04,4.53,4.6,3.95,,5.07,7.48,5.57,6.9,4.81,8.63,5.01,5.76,4.19,4.48,4.79,5.05,5.73,4.92,4.69,7.04,4.55,4.02,5.01,4.68,6.45,7.22,5.98,3.99,4.99,4.62,7.77,3.93,3.3,5.13,4.05,5.9,5.29,4.49,5.85,5.75,3.82,6.94,6.09,8.48,5.14,4.29,6.94,7.48,0.88,6.09,7.22,8.48,8.63,5.57,6.9,7.04,5.01,5.14
NA,Ca,2157.53,2277.3,2284.63,2180.56,2423.89,2325.37,3056.76,3320.52,2919.92,3047.52,3109.24,3351.18,,,,,,,2428.19,2710.15,2450.8,2582.37,2846.4,2548.35,2860.59,2424.71,2712.9,2547.27,2406.63,2805.84,2379.11,2061.47,2439.25,2061.77,2039.13,1781.88,2331.87,2261.78,1945.9,2197.71,2242.08,1960.56,2284.63,2061.47,2439.25,1945.9,2277.3,,2712.9,2404.95,3325.36,3149.69,2710.15,3309.47,3056.76,2919.92,3320.52,2424.71,2261.78,2379.11,2860.59,2428.19,3109.24,2909.92,3047.52,2039.13,2913.03,2548.35,2805.84,2927.79,2846.4,1781.88,2197.71,2157.53,2180.56,2423.89,2325.37,2450.8,2582.37,2547.27,2406.63,2061.77,2331.87,2242.08,1960.56,2487.76,2553.51,2998.07,2633.78,3351.18,2487.76,2404.95,18.59,2553.51,2927.79,2998.07,3309.47,3325.36,3149.69,2909.92,2913.03,2633.78
NA,Co,0.05,0,0.03,0,0.02,0,0.1,0.09,0.13,0.09,0.1,0.07,,,,,,,0,0,0.02,0.03,0.01,0.09,0.06,0.1,0.05,0.07,0.06,0.06,0.05,0.06,0.08,0.07,0.05,0.06,0.08,0.09,0.09,0.08,0.1,0.09,0.03,0.06,0.08,0.09,0,,0.05,0.07,0,0.02,0,0.01,0.1,0.13,0.09,0.1,0.09,0.05,0.06,0,0.1,0.02,0.09,0.05,0,0.09,0.06,0.05,0.01,0.06,0.08,0.05,0,0.02,0,0.02,0.03,0.07,0.06,0.07,0.08,0.1,0.09,0.07,0.03,0.04,0.03,0.07,0.07,0.07,0,0.03,0.05,0.04,0.01,0,0.02,0.02,0,0.03
NA,Cu,1.05,0.98,1.1,0.86,1.17,0.98,1.63,1.1,1.59,1.05,1.36,0.99,,,,,,,1.3,1.11,1.05,0.93,1.09,1.39,1.17,0.94,0.99,1.09,1.41,1.45,0.87,0.91,4.69,0.74,0.78,0.67,1.69,1.53,1.61,1.7,2.88,1.43,1.1,0.91,4.69,1.61,0.98,,0.99,4.73,1.28,1.66,1.11,1.08,1.63,1.59,1.1,0.94,1.53,0.87,1.17,1.3,1.36,1.36,1.05,0.78,0.98,1.39,1.45,2.02,1.09,0.67,1.7,1.05,0.86,1.17,0.98,1.05,0.93,1.09,1.41,0.74,1.69,2.88,1.43,1.9,1.36,1.45,1.22,0.99,1.9,4.73,0.08,1.36,2.02,1.45,1.08,1.28,1.66,1.36,0.98,1.22
NA,Fe,145.14,45.62,84.33,25.11,65.41,24.15,70.72,55.2,159,61.21,75.38,27.61,,,,,,,38.95,29.35,43.93,51.4,57.42,218.76,28.79,52.29,32.06,39.3,50.46,30.36,28.72,41.04,63.72,43.78,22.45,24.79,32.41,61.51,39.9,34.06,38.8,46.51,84.33,41.04,63.72,39.9,45.62,,32.06,173,47.37,63.16,29.35,38.56,70.72,159,55.2,52.29,61.51,28.72,28.79,38.95,75.38,47.27,61.21,22.45,42.06,218.76,30.36,71.79,57.42,24.79,34.06,145.14,25.11,65.41,24.15,43.93,51.4,39.3,50.46,43.78,32.41,38.8,46.51,200.32,27.51,51.87,77.81,27.61,200.32,173,2.1,27.51,71.79,51.87,38.56,47.37,63.16,47.27,42.06,77.81
NA,K,1501.61,1572.59,1582.45,1546.18,1599.28,1539.58,1392.59,1453.07,1230.12,1475.27,1180.44,1318.29,,,,,,,1670.51,1288.91,1565.43,1599.86,1446.58,1554.34,1383.25,1577.64,1346.36,1312.81,1223.85,1253.82,1369.09,1323.68,1428.74,1356.75,1269.59,1287.31,1508.32,1508.88,1463.03,1589.37,1601.38,1506.55,1582.45,1323.68,1428.74,1463.03,1572.59,,1346.36,1329.54,1320.24,1367.98,1288.91,1351.14,1392.59,1230.12,1453.07,1577.64,1508.88,1369.09,1383.25,1670.51,1180.44,1314.55,1475.27,1269.59,1274.26,1554.34,1253.82,1413.44,1446.58,1287.31,1589.37,1501.61,1546.18,1599.28,1539.58,1565.43,1599.86,1312.81,1223.85,1356.75,1508.32,1601.38,1506.55,1332.35,1345.19,1487.68,1562.51,1318.29,1332.35,1329.54,315.26,1345.19,1413.44,1487.68,1351.14,1320.24,1367.98,1314.55,1274.26,1562.51
NA,Mg,740.33,795.9,793.6,737.18,834.38,720.11,746.4,778.32,642.58,719.87,729.94,743.74,,,,,,,613.56,791.4,624.08,574.59,580.57,575.43,846.7,567.05,811.8,689.91,717.06,731.25,862.52,843.1,813.25,755.84,769.4,711.35,649.29,682.96,564.37,615.64,600.94,607.62,793.6,843.1,813.25,564.37,795.9,,811.8,712.25,910.47,701.88,791.4,843.54,746.4,642.58,778.32,567.05,682.96,862.52,846.7,613.56,729.94,725.05,719.87,769.4,715.57,575.43,731.25,785.2,580.57,711.35,615.64,740.33,737.18,834.38,720.11,624.08,574.59,689.91,717.06,755.84,649.29,600.94,607.62,699.68,773.51,793.03,598.91,743.74,699.68,712.25,80.55,773.51,785.2,793.03,843.54,910.47,701.88,725.05,715.57,598.91
NA,Mn,6.76,5.8,6.74,5.21,5.98,4.4,6.13,6.58,6.6,5.49,6,4.96,,,,,,,4.38,5.47,6.44,5.32,5.75,7.47,6.27,6.52,4.84,5,5.58,6.11,6.65,6.25,7.06,6.41,6.21,5.5,5.19,5.33,4.69,4.61,5.95,5.45,6.74,6.25,7.06,4.69,5.8,,4.84,8.03,5.53,6.47,5.47,6.12,6.13,6.6,6.58,6.52,5.33,6.65,6.27,4.38,6,6.04,5.49,6.21,5.48,7.47,6.11,8,5.75,5.5,4.61,6.76,5.21,5.98,4.4,6.44,5.32,5,5.58,6.41,5.19,5.95,5.45,8.73,5.87,8.02,5.97,4.96,8.73,8.03,0.08,5.87,8,8.02,6.12,5.53,6.47,6.04,5.48,5.97
NA,P,186.49,205.78,202.41,204.59,192.16,209.4,228.43,189.28,299.85,240.67,194.62,180.51,,,,,,,221.43,180.69,244.39,168.6,207.89,249.91,245.69,166.97,235.3,239.05,180.01,192.29,181.6,214.47,200.78,180.84,213.42,162.95,252.1,175.8,192.13,182.11,195.84,171.41,202.41,214.47,200.78,192.13,205.78,,235.3,189.32,187.07,180.94,180.69,192.91,228.43,299.85,189.28,166.97,175.8,181.6,245.69,221.43,194.62,181.72,240.67,213.42,174.95,249.91,192.29,238.59,207.89,162.95,182.11,186.49,204.59,192.16,209.4,244.39,168.6,239.05,180.01,180.84,252.1,195.84,171.41,229.16,212.3,196.13,233.34,180.51,229.16,189.32,145.24,212.3,238.59,196.13,192.91,187.07,180.94,181.72,174.95,233.34
NA,Si,162.96,55.26,102.12,35.35,84.86,37.19,99.04,52.36,330.38,117.99,142.54,18.13,,,,,,,47.76,31.4,62.07,59.57,70.16,195.18,32.33,31.38,19.5,78.16,65.45,49.81,78.17,93.78,160.98,104.63,52.52,60.13,61.07,118.45,75.85,71.09,83.42,83.32,102.12,93.78,160.98,75.85,55.26,,19.5,141.86,52.6,88.19,31.4,46.89,99.04,330.38,52.36,31.38,118.45,78.17,32.33,47.76,142.54,58.22,117.99,52.52,47.12,195.18,49.81,91.83,70.16,60.13,71.09,162.96,35.35,84.86,37.19,62.07,59.57,78.16,65.45,104.63,61.07,83.42,83.32,170.72,36.91,80.76,92.35,18.13,170.72,141.86,5.61,36.91,91.83,80.76,46.89,52.6,88.19,58.22,47.12,92.35
NA,Zn,1.91,1.82,2.07,1.83,2.23,1.97,6.1,3.78,3.51,3.39,5.33,2.95,,,,,,,3.3,2.37,3.85,3.02,2.66,3.91,2.62,2.93,2.44,2.79,2.2,2.28,1.44,1.6,2.55,1.87,1.41,1.34,5.52,5.05,4.46,4.25,4.03,3.75,2.07,1.6,2.55,4.46,1.82,,2.44,3.74,1.97,3.07,2.37,3.71,6.1,3.51,3.78,2.93,5.05,1.44,2.62,3.3,5.33,3.27,3.39,1.41,2.44,3.91,2.28,3.3,2.66,1.34,4.25,1.91,1.83,2.23,1.97,3.85,3.02,2.79,2.2,1.87,5.52,4.03,3.75,3.29,2.91,2.91,2.85,2.95,3.29,3.74,0.23,2.91,3.3,2.91,3.71,1.97,3.07,3.27,2.44,2.85
F,Macrophomina_phaseolina,0,0,0,0,0,0,0,0,0,0,0,0,0,0,0,0,0,0,0,0,0,0,0,0,0,0,0,0,0,0,0,0,0,0,0,0,0,0,0,0,0,0,17,79,0,0,153,285,254,0,1129,555,58,387,169,5797,135,731,510,463,1227,77,74,289,1114,0,109,1141,111,868,117,21,178,6,3000,0,4523,0,466,0,657,0,0,0,1382,0,,0,0,663,0,0,0,0,0,0,0,0,0,0,0,0
F,Cladosporium_sp,0,10,0,0,0,0,0,0,0,0,0,0,0,0,0,0,0,0,0,0,0,0,14,0,14,0,0,0,15,0,0,0,5,0,0,0,0,14,0,0,0,0,0,0,0,0,257,0,0,0,0,0,0,0,0,0,0,0,0,13,128,0,0,0,0,0,0,0,2821,0,0,0,0,0,0,0,0,0,34,499,0,0,0,0,0,0,,0,0,76,0,0,12,39,0,0,0,0,0,0,0,0
F,Cladosporium_aciculare,0,0,0,0,0,0,0,0,0,0,0,0,0,0,0,0,0,0,0,0,0,0,0,0,0,0,0,0,0,0,0,0,0,0,0,0,0,0,0,0,0,0,0,0,0,0,0,0,0,0,0,0,0,0,0,0,0,0,0,0,0,0,0,0,0,0,0,0,0,0,0,0,0,0,0,0,0,0,0,18,0,0,0,0,0,0,,0,0,0,0,0,0,0,0,0,0,0,0,0,0,0
F,Cladosporium_aggregatocicatricatum,0,0,0,0,14,0,0,0,0,0,0,0,0,0,0,0,0,0,5,0,0,0,0,0,0,0,0,0,0,0,0,0,0,18,0,0,11,0,0,0,0,0,0,0,0,0,0,0,0,0,0,0,0,0,0,0,0,0,0,0,102,0,0,0,0,0,0,0,0,0,0,0,0,0,0,12802,0,0,0,91,0,0,0,0,0,0,,0,0,0,0,0,0,0,0,0,0,0,0,4,0,0
F,Cladosporium_cycadicola,0,0,0,0,0,0,0,0,0,8,0,0,0,0,0,0,0,0,0,0,0,0,0,0,0,0,0,0,0,0,0,0,0,41,0,0,0,0,0,0,0,0,0,0,0,0,155,0,0,0,0,0,0,0,0,0,0,0,0,0,0,0,0,0,0,0,0,0,0,4056,0,77,1419,0,1840,0,0,0,12,241,0,0,0,0,0,0,,0,0,37,0,0,0,0,0,0,0,0,0,0,0,0
F,Cladosporium_puyae,0,0,0,0,0,32,0,0,0,0,0,0,0,0,0,0,0,0,0,0,0,0,0,0,0,0,7,0,0,0,0,0,0,0,0,0,0,0,0,0,0,0,0,0,0,0,0,0,0,0,0,0,0,0,0,0,0,0,0,0,0,0,0,0,0,0,0,0,422,0,0,0,0,0,0,0,0,0,0,0,0,0,0,0,0,0,,0,0,0,0,0,0,0,0,0,0,15,9,0,0,0
F,Cladosporium_rhusicola,0,0,0,0,0,0,0,0,0,0,0,0,0,0,0,0,0,0,0,0,0,0,0,0,0,0,0,0,0,0,0,0,0,0,0,0,0,0,0,0,0,0,0,0,0,0,0,0,0,0,0,0,0,0,0,0,0,0,0,0,0,0,0,0,0,0,0,0,0,0,0,0,0,9,0,0,0,0,0,0,0,0,0,0,0,0,,0,0,0,0,0,0,0,0,0,0,0,0,0,0,0
F,Unid_Teratosphaeriaceae,0,0,0,0,0,0,0,0,0,0,0,0,0,0,0,0,0,0,0,0,0,0,0,0,0,0,0,0,0,0,0,0,0,0,0,0,0,0,0,0,0,0,0,0,0,0,0,0,0,0,0,0,0,0,0,0,0,0,0,0,0,0,0,0,0,0,0,0,0,0,0,0,0,0,0,0,0,0,0,0,0,0,0,0,0,0,,0,0,0,0,0,0,0,0,0,0,0,0,0,0,7
F,Penidiella_sp,0,0,0,0,0,0,0,0,0,0,0,0,0,0,0,0,0,0,0,0,0,0,0,0,0,0,0,0,0,0,0,0,0,0,0,0,0,0,0,0,0,0,0,0,0,0,0,0,0,0,0,0,0,0,0,0,0,0,0,0,750,0,0,0,0,0,0,0,0,0,0,0,0,0,0,0,0,0,0,0,0,0,0,0,0,0,,0,0,0,0,0,0,0,0,0,0,0,0,0,0,0
F,Cercospora_musigena,45,0,0,0,0,0,0,0,0,0,0,0,0,0,0,0,0,0,0,0,0,0,0,0,0,0,0,0,0,0,0,0,0,0,0,0,0,0,0,0,0,0,0,0,0,0,0,0,0,0,0,0,0,0,0,0,0,0,0,0,0,0,0,0,0,0,0,0,0,0,0,0,0,0,0,0,0,0,0,0,0,0,0,0,0,0,,0,0,0,0,0,0,0,0,0,0,0,0,0,0,0
F,Unid_Cucurbitariaceae,0,0,0,0,0,0,0,0,0,0,0,0,0,0,0,0,0,0,0,0,0,0,0,0,0,0,0,0,0,0,0,0,0,0,6,238,0,0,0,0,0,0,0,0,0,0,0,0,0,0,0,0,0,0,0,0,0,0,0,0,0,0,0,0,0,0,0,0,0,0,0,0,0,0,0,0,0,0,0,0,0,0,0,0,0,0,,0,0,0,0,0,0,0,0,0,0,0,0,0,0,0
F,Aaosphaeria_arxii,0,0,0,0,0,0,0,0,0,0,0,0,0,0,0,0,0,0,0,0,0,0,0,0,0,0,0,0,0,0,0,0,0,0,135,0,0,0,0,0,0,0,0,0,0,0,0,0,0,0,0,0,0,0,0,0,0,0,0,0,0,0,0,0,0,0,0,0,0,0,0,0,0,0,0,0,0,0,0,0,0,0,0,0,0,0,,0,0,0,0,0,0,0,0,0,0,0,0,0,0,0
F,Unid_Didymellaceae,0,40,151,0,0,0,0,0,0,0,0,0,0,0,0,0,0,0,0,0,0,0,0,0,0,0,0,0,0,27,0,0,0,0,0,0,0,0,0,0,0,0,0,0,0,0,0,0,0,0,0,0,0,0,0,0,0,0,0,0,850,0,0,0,0,0,30,0,0,0,0,0,0,0,0,0,0,0,0,0,0,0,0,0,0,0,,0,0,0,0,0,0,0,0,0,0,0,0,0,0,0
F,Unid_Didymellaceae2,0,0,0,0,0,0,0,0,0,0,0,0,0,0,0,0,0,0,0,0,0,0,36,0,0,0,0,0,0,0,0,0,0,0,0,0,0,0,0,0,0,0,0,0,0,0,0,0,0,0,0,0,0,0,0,0,0,0,0,0,0,0,0,0,0,0,0,0,0,0,0,0,0,0,0,0,0,0,0,0,0,0,0,0,0,0,,0,0,0,0,0,0,0,0,0,0,0,0,0,0,0
F,Unid_Lophiostomataceae,0,0,0,0,0,0,0,0,0,0,0,0,0,0,0,0,0,0,0,0,0,0,0,0,0,0,0,0,0,0,0,0,0,0,0,0,0,0,0,0,0,0,0,0,0,0,0,0,0,0,0,0,0,0,0,0,0,0,0,0,0,0,0,0,0,0,0,0,0,0,0,0,0,0,0,0,0,0,0,0,0,0,0,0,0,0,,0,0,1356,0,0,0,0,0,0,0,70,0,0,0,0
F,Lophiotrema_rubi,0,29,0,0,0,0,0,0,0,175,0,0,0,0,0,0,0,0,0,0,0,0,0,0,0,0,0,0,0,0,0,0,0,0,0,0,0,0,0,0,0,0,0,0,0,0,0,0,0,0,0,0,0,0,0,0,0,0,0,0,0,0,0,0,0,0,0,0,0,0,0,0,0,0,0,0,0,0,0,0,0,0,0,0,0,0,,0,0,0,0,0,0,0,0,0,0,0,0,0,0,0
F,Phaeosphaeria_graminis,0,0,0,0,0,0,0,0,0,0,0,0,0,0,0,0,0,0,0,0,0,0,0,0,0,0,0,0,8,0,0,0,0,0,0,0,0,0,0,0,0,0,0,0,0,0,0,0,0,0,0,0,0,0,0,0,0,0,0,0,0,0,0,0,0,0,0,0,0,0,0,0,0,0,0,0,0,0,0,0,0,0,0,0,0,0,,0,0,0,0,0,0,0,0,0,0,0,0,0,0,0
F,Alternaria_sp,0,0,0,75,0,21,19,0,50,0,0,0,29,0,0,0,0,0,0,0,0,23,0,0,0,0,0,0,0,0,0,0,0,0,0,0,0,0,0,0,75,0,0,0,0,0,0,0,0,0,0,0,30,0,0,0,0,0,0,0,0,0,0,0,0,0,0,0,0,0,0,0,0,0,0,0,0,0,0,0,0,0,0,0,0,0,,0,0,0,0,0,52,80,0,0,0,11,151,0,0,0
F,Alternaria_alternata,0,16,0,0,0,0,0,0,18,0,35,30,56,0,0,0,0,0,28,26,59,0,0,0,0,0,0,0,0,0,39,0,0,246,0,101,0,0,0,60,0,41,0,1915,0,0,204,0,0,0,0,0,113,0,0,0,0,0,0,64,598,0,0,0,0,15,0,0,0,0,0,0,0,0,0,0,0,0,0,0,0,0,0,0,0,0,,0,0,610,0,0,72,225,20,0,10,11,0,0,31,33
F,Alternaria_cinerariae,0,5,0,0,0,0,0,0,0,0,0,0,0,0,0,0,0,0,0,0,0,0,0,0,0,0,0,0,0,0,0,0,0,0,0,0,0,0,0,0,0,0,0,0,0,0,0,0,0,0,0,0,0,0,1393,0,0,0,0,0,0,0,0,0,0,0,0,0,0,0,0,0,0,0,0,0,0,0,0,0,0,0,0,0,0,0,,0,0,0,0,0,0,0,0,0,0,0,0,0,0,0
F,Bipolaris_yamadae,0,0,0,0,0,0,0,0,0,0,0,0,0,0,0,0,0,0,0,0,0,8,0,0,0,0,0,0,0,0,0,0,0,0,0,0,0,0,0,0,0,0,0,0,0,0,0,0,0,0,0,0,0,0,0,0,0,0,0,0,51,0,0,0,0,0,0,0,0,0,0,0,0,0,0,0,0,0,0,0,0,0,0,0,0,0,,0,0,0,0,0,0,0,0,0,0,0,0,0,0,0
F,Curvularia_pisi,0,0,0,0,18,0,0,0,0,0,0,0,0,0,0,0,0,0,0,0,0,0,0,0,0,0,0,0,0,0,0,0,0,0,0,0,0,0,0,0,0,0,0,0,0,0,0,0,0,0,0,0,0,0,0,0,0,0,0,0,0,0,0,0,0,0,0,0,0,0,0,0,0,0,0,0,0,0,0,0,0,0,0,0,0,0,,0,0,0,0,0,0,0,0,0,0,0,0,0,0,0
F,Curvularia_tuberculata,0,0,0,0,176,0,0,0,0,0,112,0,0,0,0,0,0,0,0,0,0,0,0,0,0,0,0,0,0,0,0,0,0,0,0,0,0,0,17,0,0,0,0,0,0,0,0,0,0,0,0,0,0,0,0,0,0,0,0,0,0,0,0,0,0,0,0,0,0,0,0,0,0,0,0,0,0,0,0,0,0,0,0,0,0,0,,0,0,0,0,0,0,0,0,0,8,0,0,0,0,0
F,Dichotomophthora_lutea,0,85,0,0,0,34,0,0,0,0,0,38,0,0,0,0,0,0,0,0,247,14,10,55,0,0,0,10,0,0,0,0,0,0,101,0,0,0,0,42,0,0,0,0,0,0,42,0,0,0,0,0,0,0,0,0,0,0,104,0,0,0,0,0,0,0,0,0,0,0,0,0,0,0,0,0,0,0,0,0,0,0,0,0,0,0,,0,0,0,0,0,0,0,0,0,0,0,81,0,160,67
F,Stemphylium_vesicarium,0,0,0,0,0,0,0,0,0,0,17,0,0,0,0,0,0,0,41,0,0,0,0,0,0,0,0,0,0,0,0,0,0,0,0,0,0,0,0,0,0,0,0,0,0,0,0,0,0,0,0,0,0,0,0,0,0,0,0,0,0,0,0,0,0,0,0,0,0,0,0,0,0,0,0,0,0,0,0,0,0,0,0,0,0,0,,0,0,0,0,0,0,0,0,0,0,0,0,0,0,0
F,Unid_Pleosporaceae,0,0,0,0,0,0,0,0,0,0,0,0,0,0,0,0,0,0,0,0,0,0,0,0,0,0,0,0,0,0,0,0,0,0,0,0,0,0,0,0,0,0,0,0,0,0,0,0,0,0,0,0,20,0,70,0,0,0,0,215,0,0,0,0,0,0,0,0,0,0,0,0,0,0,0,0,0,0,0,0,0,0,0,0,0,0,,0,0,0,0,0,0,0,0,0,0,0,0,0,0,0
F,Polyschema_larviformis,0,0,0,0,0,0,0,0,0,0,0,0,0,0,0,360,0,98,0,0,0,0,0,0,0,0,0,0,0,0,0,0,0,0,0,0,0,0,0,0,0,0,0,0,0,0,0,0,0,0,0,0,0,0,0,0,0,0,0,0,0,0,0,0,0,0,0,0,0,0,0,0,0,0,0,0,0,0,0,0,0,0,0,0,0,0,,0,0,0,0,0,0,0,0,0,0,0,0,0,0,0
F,Unid_Sporormiaceae,0,41,0,0,0,0,0,0,0,0,0,0,0,0,0,0,0,0,157,0,0,0,0,0,0,0,0,0,131,0,0,0,0,0,0,0,0,0,0,0,0,0,0,0,0,0,0,0,0,0,0,0,0,0,0,0,0,0,0,0,0,0,0,0,0,0,0,0,0,0,0,0,0,0,0,0,0,0,0,0,0,0,0,0,0,0,,0,0,0,0,39,0,0,0,0,37,250,333,0,0,0
F,Preussia_terricola,0,84,43,105,0,0,120,0,0,0,31,0,0,66,0,0,0,0,0,0,31,0,31,0,294,0,95,49,0,0,0,0,75,0,0,0,0,0,0,33,0,0,0,0,0,0,0,0,0,0,0,0,0,0,0,0,0,0,0,0,0,0,0,0,0,0,0,0,0,0,0,0,0,0,0,0,0,0,0,0,0,13162,0,0,0,0,,0,0,0,0,0,179,0,172,158,216,0,0,14,491,0
F,Preussia_sp,0,0,0,0,76,0,0,0,0,0,0,0,0,0,0,0,0,0,0,0,0,0,0,0,0,0,70,0,0,0,0,0,0,0,0,0,0,0,0,0,0,0,0,0,0,0,0,0,0,0,0,0,0,0,0,0,0,0,0,0,0,0,0,0,0,55,0,0,0,0,0,0,0,0,0,0,0,0,0,0,0,0,0,0,0,0,,0,0,0,0,0,0,0,0,0,0,0,0,0,0,0
F,Unid_Sporormiaceae3,157,0,0,0,0,0,0,0,0,0,0,0,0,0,0,0,0,0,0,0,0,0,214,0,0,0,0,0,0,0,0,0,0,0,0,0,0,0,0,0,0,0,0,0,0,0,0,0,0,0,0,0,0,0,0,0,0,0,0,0,0,0,0,0,0,0,0,0,0,0,0,0,0,0,0,0,0,0,0,0,0,0,0,0,0,0,,0,0,0,0,0,0,0,0,0,0,68,0,0,0,0
F,Parathyridaria_ramulicola,0,0,0,0,0,0,0,0,0,0,0,0,0,0,0,0,0,0,0,0,0,0,0,0,0,0,0,72,0,0,0,0,0,0,0,0,56,0,0,0,0,0,0,0,0,0,0,0,0,0,0,0,0,0,0,0,0,0,0,0,0,0,0,0,0,0,0,0,0,0,0,0,0,0,0,0,0,0,0,0,0,0,0,0,0,0,,0,0,0,0,0,0,0,0,0,0,0,0,0,0,0
F,Unid_Pleosporales,0,0,0,0,0,0,0,0,0,0,0,0,0,0,0,0,0,0,0,0,0,0,0,0,0,0,0,0,0,0,0,0,0,0,0,0,43,0,0,0,0,0,0,0,0,0,0,0,0,0,0,0,0,0,0,0,0,0,0,0,0,0,0,0,0,0,0,0,0,0,0,0,0,0,0,0,0,0,0,0,0,0,0,0,0,0,,0,0,0,0,0,0,0,0,0,0,0,0,0,0,0
F,Cyphellophora_pluriseptata,0,0,0,0,0,0,0,0,0,0,0,0,0,0,0,0,0,0,0,0,0,0,0,0,0,0,0,35,0,0,0,0,0,0,0,0,0,0,0,0,0,0,0,0,0,0,0,0,0,0,0,0,0,0,0,0,0,0,0,0,0,0,0,0,0,0,0,0,0,0,0,0,0,0,0,0,0,0,0,0,0,0,0,0,0,0,,0,0,0,0,0,0,0,0,0,0,0,0,0,0,0
F,Exophiala_sp,0,39,0,0,0,0,0,0,0,0,0,0,0,0,0,0,0,0,0,0,0,0,0,0,0,0,0,0,0,0,0,0,0,0,0,0,0,0,0,0,0,0,0,0,0,0,0,0,0,0,0,0,0,0,0,0,0,0,0,0,0,0,0,0,0,0,0,0,0,0,0,0,0,0,0,0,0,0,0,0,0,0,0,0,0,0,,0,0,0,0,0,0,0,0,0,0,0,0,0,0,0
F,Unid_Aspergillaceae,228,0,0,0,0,0,0,0,249,139,0,0,0,0,0,0,0,0,0,0,0,0,33,0,0,0,0,0,0,158,188,0,116,0,0,0,0,0,0,0,0,0,0,0,0,0,0,0,0,0,0,0,0,0,0,0,0,0,0,0,0,0,0,0,0,0,0,0,0,0,0,0,0,0,0,0,0,0,0,0,0,0,0,0,0,0,,0,0,0,0,0,151,0,0,0,0,0,0,0,0,0
F,Aspergillus_sp,371,25,14,174,193,0,398,368,142,352,345,81,126,166,267,201,0,0,138,0,415,85,107,0,193,199,0,424,149,20,341,588,77,69,137,98,113,154,38,124,0,71,0,0,0,0,25,0,0,0,0,0,86,0,0,0,0,0,0,87,249,0,0,0,0,0,0,0,0,0,0,0,0,11918,0,0,0,0,0,0,0,0,0,0,0,0,,0,0,0,198,0,82,139,55,0,197,400,148,106,0,300
F,Aspergillus_arxii,0,0,0,0,0,0,0,0,0,0,0,0,0,0,0,0,0,0,89,0,0,0,0,0,0,0,0,0,0,0,0,0,0,0,0,0,0,0,0,0,0,0,0,0,0,0,0,0,0,0,0,0,0,0,0,0,0,0,0,0,0,0,0,0,0,0,0,0,0,0,0,0,0,0,0,0,0,0,0,0,0,0,0,0,0,0,,0,0,0,0,0,0,0,0,0,0,0,0,0,0,0
F,Aspergillus_awamori,0,0,0,0,0,0,134,0,0,0,0,0,186,0,0,0,0,0,17,73,40,33,0,0,0,0,0,19,0,0,0,0,0,0,0,0,0,0,104,0,0,0,0,0,0,0,0,0,0,0,0,0,0,0,0,0,0,0,0,0,0,0,0,0,0,0,0,0,0,0,0,0,0,0,0,0,0,0,0,0,0,0,0,0,0,0,,0,0,0,91,30,0,0,0,0,0,0,28,0,0,0
F,Aspergillus_fumigatus,0,0,0,0,0,0,0,0,0,0,0,0,0,10,0,0,0,0,0,0,0,0,0,0,0,0,0,0,0,0,0,0,0,0,0,0,0,0,0,0,0,0,0,0,0,0,0,0,0,0,0,0,0,0,0,0,0,0,0,0,0,0,0,0,0,0,0,0,0,0,0,0,0,0,0,0,0,0,0,0,0,0,0,0,0,0,,0,0,0,0,0,0,0,0,0,0,0,0,0,0,0
F,Aspergillus_heterocaryoticus,37,0,0,0,162,29,157,0,0,0,0,0,0,179,0,0,0,0,115,58,0,0,0,0,0,50,0,0,42,131,0,0,0,0,0,262,70,93,0,0,101,0,0,0,0,0,0,0,0,0,0,0,640,0,0,0,0,0,0,283,671,0,0,0,0,13,0,2902,0,0,0,0,0,0,0,0,0,0,138,0,0,0,0,0,0,974,,0,0,89,0,0,0,0,58,0,0,0,59,307,0,0
F,Aspergillus_micronesiensis,0,0,0,0,0,0,0,0,0,0,0,10,0,0,0,0,0,0,0,40,0,0,0,0,176,0,0,0,0,0,0,0,31,0,0,268,0,0,0,0,0,0,0,0,0,0,0,0,0,0,0,0,0,0,0,0,0,0,0,0,0,0,0,0,0,0,0,0,0,0,0,0,0,0,0,0,0,0,0,0,0,0,0,0,0,0,,0,0,0,0,0,62,0,0,0,0,0,0,0,0,73
F,Aspergillus_ochraceopetaliformis,35,45,18,0,0,0,153,43,0,170,0,24,0,41,0,0,0,0,59,17,53,290,80,81,521,0,147,84,152,0,113,239,62,65,38,0,0,51,322,0,0,34,0,0,0,0,0,0,0,0,0,0,293,0,0,0,0,0,0,114,1271,0,0,0,0,0,0,0,0,0,0,0,0,0,0,0,0,0,0,0,0,0,0,0,0,0,,0,0,0,43,0,171,0,22,0,41,171,126,211,0,11
F,Aspergillus_ochraceus,0,0,290,0,0,0,0,61,34,0,0,27,0,0,0,0,0,0,94,0,33,0,0,0,0,0,0,12,0,0,0,29,98,92,0,125,0,0,0,0,0,89,0,0,0,0,0,0,0,0,0,0,89,0,0,0,0,0,0,0,0,0,0,0,0,56,0,0,0,0,0,0,0,0,0,0,0,0,0,0,0,0,0,0,0,0,,0,0,12,0,0,0,0,0,0,0,0,81,113,0,9
F,Aspergillus_penicillioides,0,0,21,0,0,0,0,0,0,0,0,0,0,0,0,0,0,0,0,0,0,0,0,0,0,0,0,0,0,0,0,0,0,0,0,0,0,0,0,0,15,0,0,0,0,0,0,0,0,0,0,0,0,0,0,0,0,0,0,0,0,0,0,0,0,0,0,0,0,0,0,0,0,0,0,0,0,0,0,0,0,0,0,0,0,0,,0,0,0,0,0,0,0,0,0,0,0,0,0,0,0
F,Aspergillus_persii,0,0,23,0,0,0,85,0,0,0,0,0,0,0,0,0,0,0,127,0,0,0,0,0,0,0,0,0,0,0,0,0,0,0,0,0,0,0,0,0,0,0,0,0,0,0,0,0,0,0,0,0,72,0,0,0,0,0,0,0,0,0,0,0,0,0,0,0,0,0,0,0,0,0,0,0,0,0,0,0,0,0,0,0,0,0,,0,0,0,325,0,0,0,0,0,0,49,97,0,0,0
F,Aspergillus_tamarii,0,0,35,382,0,0,59,0,73,0,35,0,0,0,0,0,0,49,87,0,243,145,0,0,26,0,0,221,70,0,243,0,30,26,58,477,0,0,221,0,0,0,0,0,0,0,0,0,0,0,0,0,0,0,0,0,0,0,0,0,0,0,0,0,0,0,0,0,0,0,0,0,0,0,0,0,0,0,0,0,0,0,0,0,0,0,,0,0,0,0,0,63,52,0,145,0,0,137,77,0,0
F,Aspergillus_keveii,0,0,0,0,0,0,102,0,136,0,147,0,0,0,0,0,0,0,0,0,0,0,0,0,0,0,0,0,0,0,64,0,14,0,0,0,131,68,0,0,0,0,0,0,0,0,0,0,0,0,0,0,0,0,0,0,0,0,0,0,0,0,0,0,0,0,0,0,0,0,0,0,0,0,0,0,0,38,0,0,0,0,0,0,0,0,,0,0,0,0,0,0,0,0,0,0,0,0,12,0,51
F,Aspergillus_oerlinghausenensis,0,0,0,0,0,0,0,0,0,0,0,0,0,0,0,0,0,0,0,0,0,0,0,0,0,0,0,0,0,0,0,0,0,0,0,0,0,0,0,0,0,0,0,0,0,0,0,0,0,0,0,0,0,0,0,0,0,0,0,0,0,0,0,0,0,23,0,0,0,0,0,0,0,0,0,0,0,0,0,0,0,0,0,0,0,0,,0,0,0,0,0,0,0,23,0,0,0,0,0,0,0
F,Aspergillus_sulphureoviridis,0,0,8,0,0,0,0,0,0,0,0,0,0,54,0,0,0,0,0,0,0,0,0,0,0,0,0,0,0,0,92,0,0,0,0,0,0,0,44,0,107,90,0,0,0,0,0,0,0,0,0,0,0,0,0,0,0,0,0,0,0,0,0,0,0,0,0,0,0,0,0,0,0,0,0,0,0,0,0,0,0,0,0,0,0,0,,0,0,0,0,0,0,0,0,0,0,0,0,0,0,0
F,Penicillium_sp,68,0,35,0,0,0,72,0,12,0,0,142,0,47,104,0,0,0,0,36,116,0,23,0,0,0,318,90,33,0,0,0,102,59,36,0,119,0,0,0,344,0,0,0,0,0,450,0,0,0,0,0,66,0,0,0,0,0,0,0,0,0,0,0,0,0,0,0,0,0,0,0,0,0,0,0,0,0,95,232,0,0,0,0,0,0,,0,0,89,0,0,150,0,25,110,58,310,0,0,238,27
F,Penicillium_fuscoglaucum,7,0,0,6,0,0,19,14,37,124,0,7,9,15,122,32,0,0,15,21,0,0,8,27,16,9,53,0,0,0,0,35,0,32,27,37,5,53,17,8,0,0,0,0,0,0,0,0,0,0,0,0,0,0,0,0,0,0,0,0,0,0,0,0,0,0,0,0,0,0,0,0,0,0,0,0,0,0,36,208,0,0,0,0,0,0,,0,0,116,37,28,0,14,0,0,0,31,9,9,0,0
F,Penicillium_albidum,0,0,0,0,0,0,0,0,0,0,0,0,0,0,0,0,0,0,0,0,126,0,0,0,0,0,0,0,0,0,0,0,0,0,0,0,0,0,0,0,0,0,0,0,0,0,0,0,0,0,0,0,0,0,0,0,0,0,0,0,0,0,0,0,0,0,0,0,0,0,0,0,0,0,0,0,0,0,0,0,0,0,0,0,0,0,,0,0,0,0,0,0,0,0,0,0,0,0,0,0,0
F,Penicillium_brocae,0,0,0,0,0,0,0,0,0,0,0,0,0,0,0,0,0,0,0,0,0,0,52,0,0,0,0,0,0,0,0,0,0,0,0,0,0,0,0,0,0,0,0,0,0,0,0,0,0,0,0,0,11,0,0,0,0,0,0,0,0,0,0,0,0,73,0,0,0,0,0,0,0,0,0,0,0,0,0,0,0,0,0,0,0,0,,0,0,0,0,0,0,0,0,0,0,0,0,0,0,0
F,Penicillium_terrenum,0,0,0,0,0,0,0,0,0,0,0,0,0,0,0,0,0,0,0,0,12,0,0,0,0,0,0,0,0,0,0,0,0,0,0,0,0,0,0,0,0,0,0,0,0,0,0,0,0,0,0,0,0,0,0,0,0,0,0,0,0,0,0,0,0,0,0,0,0,0,0,0,0,0,0,0,0,0,0,0,0,0,0,0,0,0,,0,0,0,0,0,0,0,0,0,0,0,0,0,0,0
F,Penicillium_terrigenum,76,0,0,0,0,0,0,0,0,0,0,0,0,0,0,0,0,0,0,0,0,0,0,0,0,0,0,0,0,0,0,0,0,0,0,0,0,0,0,0,0,0,0,0,0,0,0,0,0,0,0,0,0,0,0,0,0,0,0,0,0,0,0,0,0,0,0,0,0,0,0,0,0,0,0,0,0,0,0,0,0,0,0,0,0,0,,0,0,0,0,0,0,0,0,0,0,0,0,0,0,0
F,Talaromyces_rufus,0,0,0,0,0,0,0,0,0,0,0,0,0,0,0,0,0,0,0,0,0,0,0,0,0,0,0,0,0,104,0,0,0,480,0,0,0,0,0,0,0,0,0,0,0,0,136,0,0,0,0,0,0,0,0,0,0,0,0,0,0,0,0,0,0,0,0,0,0,0,0,0,0,0,0,0,0,0,0,0,0,0,0,0,0,0,,0,0,0,303,0,0,0,0,0,171,0,0,0,0,0
F,Unid_Trichocomaceae,0,0,0,0,0,0,0,0,0,0,0,0,0,0,0,0,0,0,0,0,0,0,0,0,0,0,0,0,0,0,0,0,0,0,0,0,0,0,0,0,0,0,0,0,0,0,0,0,0,0,0,0,0,0,0,0,0,0,0,0,0,0,0,0,0,0,0,0,0,0,0,0,0,0,0,0,0,0,22,0,0,0,0,0,0,0,,0,0,0,0,0,0,0,0,0,0,0,0,0,0,0
F,Ctenomyces_sp,0,0,0,167,0,0,0,0,0,0,0,0,0,42,0,0,0,0,0,0,43,0,10,0,0,0,0,10,0,0,44,0,0,0,0,0,0,0,0,0,0,0,0,0,0,0,0,0,0,0,0,0,0,0,0,0,0,0,0,0,0,0,0,0,0,0,0,0,0,0,0,0,0,0,0,0,0,0,0,0,0,0,0,0,0,0,,0,0,0,0,230,0,140,37,78,0,0,0,0,0,0
F,Unid_Onygenaceae,0,0,0,0,0,0,0,0,0,0,92,0,70,0,0,0,0,0,0,0,39,0,0,0,0,0,0,0,0,0,0,0,0,0,0,0,0,0,0,0,0,0,0,0,0,0,0,0,0,0,0,0,0,0,0,0,0,0,0,0,0,0,0,0,0,0,0,0,0,0,0,0,0,0,0,0,0,0,0,0,0,0,0,0,0,0,,0,0,0,0,0,0,0,0,0,0,0,0,0,0,0
F,Chrysosporium_carmichaelii,0,0,0,0,0,0,0,0,0,0,0,0,0,0,0,0,0,0,0,0,0,0,0,0,0,0,0,0,0,0,0,0,0,0,0,0,0,0,0,0,0,0,0,0,0,0,0,0,0,0,0,0,0,0,0,0,0,0,0,0,0,0,0,0,0,0,0,0,0,0,0,0,0,0,0,0,0,0,0,0,0,0,0,0,0,0,,0,0,0,0,0,0,0,0,40,0,0,0,0,0,0
F,Unid_Erysiphaceae,0,0,0,0,0,0,0,0,0,0,0,0,0,0,0,0,0,0,0,0,0,0,0,0,0,147,0,0,0,0,0,0,0,0,0,0,0,0,0,0,0,0,0,0,0,0,0,0,0,0,0,0,0,0,0,0,0,0,0,0,0,0,0,0,0,0,0,0,0,0,0,0,0,0,0,0,9765,0,0,0,0,0,0,0,0,0,,0,0,0,0,0,0,0,0,0,0,0,0,0,0,0
F,Podosphaera_xanthii,0,0,0,0,0,0,0,0,0,0,0,0,0,0,0,0,0,0,0,0,0,0,0,0,0,0,0,0,0,0,0,0,0,0,0,0,0,0,0,0,0,0,0,0,0,0,0,0,0,0,0,0,0,0,0,0,0,0,0,0,1354,0,0,0,0,0,0,0,0,0,0,0,0,0,0,0,0,0,0,0,0,0,0,0,0,0,,0,0,0,0,0,0,0,0,0,0,0,0,0,0,0
F,Unid_Helotiales,0,0,0,0,0,0,0,0,0,0,0,0,0,0,0,0,0,0,0,0,0,0,0,0,0,0,0,0,0,0,0,0,0,0,0,0,0,0,0,0,0,0,0,0,0,0,0,0,0,0,0,0,0,0,0,0,0,0,0,0,0,0,0,0,0,0,0,0,0,0,0,0,0,0,0,0,0,0,0,0,0,0,0,0,0,0,,0,0,0,0,0,0,0,0,0,0,0,0,0,41,0
F,Botryotinia_ranunculi,0,0,0,0,0,0,0,0,0,0,0,0,0,0,0,0,0,0,0,0,0,0,0,0,0,0,0,0,0,0,0,0,0,0,0,0,0,0,0,8,0,0,0,0,0,0,0,0,0,0,0,0,0,0,0,0,0,0,0,0,0,0,0,0,0,0,0,0,0,0,0,0,0,0,0,0,0,0,0,0,0,0,0,0,0,0,,0,0,0,0,0,0,0,0,0,0,0,0,0,0,0
F,Unid_Helotiales4,0,0,0,0,0,0,0,0,0,0,0,0,0,0,0,0,0,0,0,0,0,0,0,0,0,0,0,0,0,0,0,0,0,0,0,0,0,0,0,0,0,0,0,0,0,0,0,0,0,0,0,0,0,0,0,0,0,0,0,0,0,0,0,0,0,0,0,0,0,0,0,0,0,0,0,0,0,0,0,0,0,0,0,0,0,0,,0,0,0,0,0,110,0,0,0,0,0,0,0,0,0
F,Ascobolus_sp,0,0,0,0,0,0,0,0,0,0,0,0,0,0,0,0,0,0,0,0,0,0,0,0,0,0,0,0,0,0,0,0,0,0,0,0,0,0,0,0,0,0,0,0,0,0,0,0,0,0,0,0,0,0,0,0,0,0,0,0,0,0,0,0,0,0,0,0,0,0,0,0,0,0,0,0,0,0,0,0,0,0,0,0,0,0,,0,0,0,0,0,0,0,0,0,0,72,0,0,0,0
F,Aleuria_aurantia,0,0,0,0,0,224,0,0,0,0,0,0,0,0,0,0,0,0,0,0,0,0,0,0,0,0,0,0,0,0,0,0,0,0,0,0,0,0,0,0,0,0,0,0,0,0,0,0,0,0,0,0,0,0,0,0,0,0,0,0,0,0,0,0,0,0,0,0,0,0,0,0,0,0,0,0,0,0,0,0,0,0,0,0,0,0,,0,0,0,0,0,0,0,0,0,0,0,0,0,0,0
F,Unid_Pyronemataceae,5674,1428,830,1183,0,111,1519,13,2020,280,249,1371,0,155,0,2741,2269,704,2962,4079,235,400,58,3370,121,0,169,1309,1070,1180,3716,1348,4205,5074,399,84,254,209,973,2253,95,93,0,0,0,0,0,0,0,0,0,0,0,0,0,0,0,0,0,0,0,0,0,0,0,0,0,0,0,0,0,0,0,0,0,0,0,0,0,0,0,0,0,0,0,0,,0,0,0,521,522,412,3072,200,806,2323,335,1382,196,111,747
F,Unid_Sordariomycetes,0,0,0,0,0,0,0,0,0,0,0,0,0,31,0,0,0,0,0,0,25,0,89,0,0,0,0,0,0,0,0,0,0,0,0,0,0,0,0,0,0,0,0,0,0,0,48,0,0,0,0,0,0,0,0,0,0,0,0,0,0,0,0,0,0,0,0,0,0,0,344,0,0,0,0,0,0,0,0,0,0,0,0,0,0,0,,0,0,0,0,0,0,0,0,0,0,0,0,0,0,0
F,Colletotrichum_karsti,0,0,0,0,0,0,0,0,0,0,0,0,423,0,74,0,320,507,0,0,0,0,0,62,0,0,0,0,0,0,0,0,0,0,0,0,0,0,0,0,0,0,0,0,0,0,0,0,0,0,0,0,0,0,0,0,0,0,0,0,0,0,0,0,0,0,0,0,0,0,0,0,0,0,0,0,0,0,0,0,0,0,0,0,0,0,,0,0,0,0,0,0,0,0,0,0,225,0,0,0,0
F,Unid_Bionectriaceae,0,0,0,0,0,0,0,0,0,0,0,0,0,0,0,0,0,0,0,0,0,0,0,0,0,0,0,0,0,0,0,0,0,0,0,0,0,0,0,0,0,0,0,0,0,0,0,0,0,0,0,0,0,0,0,0,0,0,0,0,0,0,0,0,0,0,0,0,0,0,0,0,0,0,0,0,0,0,0,0,0,0,0,0,0,0,,0,0,0,0,0,0,0,0,49,0,0,0,0,0,0
F,Bionectria_rossmaniae,0,0,0,0,0,0,0,0,46,0,0,0,0,0,0,0,0,0,0,0,0,0,0,0,0,0,0,0,0,0,0,0,0,0,0,0,0,0,0,0,0,0,0,0,0,0,0,0,0,0,0,0,0,0,0,0,0,0,0,0,0,0,0,0,0,0,0,0,0,0,0,0,0,0,0,0,0,0,0,0,0,0,0,0,0,0,,0,0,0,0,0,0,0,0,0,0,0,0,0,0,0
F,Clonostachys_sp,0,7,0,0,0,0,26,0,0,100,0,0,100,17,0,0,0,0,0,0,0,16,14,0,0,0,0,0,56,0,0,0,0,44,0,0,0,132,0,0,0,0,0,0,0,0,0,0,0,0,0,0,0,0,0,0,0,0,0,0,0,0,0,0,0,0,0,0,0,0,0,0,0,0,0,0,0,0,0,0,0,0,0,0,0,0,,0,0,0,105,0,58,0,0,0,13,0,0,0,0,42
F,Claviceps_purpurea,0,0,0,0,0,0,0,0,0,0,0,0,0,0,0,0,0,0,0,0,0,0,0,0,0,0,0,0,0,0,0,0,0,121,0,0,0,0,0,0,0,0,0,0,0,0,0,0,0,0,0,0,0,0,0,0,0,0,0,0,0,0,0,0,0,0,0,0,0,0,0,0,0,0,0,0,0,0,0,0,0,0,0,0,0,0,,0,0,0,0,0,0,0,0,0,0,0,0,0,0,0
F,Beauveria_bassiana,23,68,0,0,0,0,0,0,77,0,0,0,0,74,0,0,0,0,0,0,0,0,0,0,0,0,139,111,0,0,0,212,0,0,263,0,0,0,0,0,0,0,0,0,0,0,0,0,0,0,0,0,0,0,0,0,0,0,0,0,0,0,0,0,0,0,0,0,0,0,0,0,0,0,0,0,0,0,0,0,0,0,0,0,0,0,,0,0,0,0,0,0,0,0,0,83,54,0,0,0,0
F,Beauveria_felina,0,0,0,0,2013,0,0,0,0,0,0,0,0,0,0,0,0,0,0,0,0,0,0,0,0,0,0,0,0,0,0,0,0,0,0,0,0,0,0,0,0,0,0,0,0,0,0,0,0,0,0,0,0,0,0,0,0,0,0,0,0,0,0,0,0,0,0,0,0,0,0,0,0,0,0,0,0,0,0,0,0,0,0,0,0,0,,0,0,0,0,0,0,0,0,0,0,0,0,0,0,0
F,Simplicillium_sp,0,0,0,0,0,0,0,0,0,0,0,0,0,0,0,0,0,0,0,0,0,0,0,0,0,0,0,0,0,0,0,0,0,0,0,0,0,0,0,0,0,0,0,614,0,0,0,0,0,0,0,0,672,0,0,0,0,0,915,277,165,0,0,0,0,0,0,0,0,0,0,0,0,0,0,0,0,0,0,0,0,0,0,0,0,0,,0,0,178,0,0,0,0,0,0,0,0,0,0,0,0
F,Unid_Cordycipitaceae,0,0,0,0,0,0,0,0,0,0,0,0,0,0,0,0,0,0,0,0,0,0,0,0,0,0,0,297,0,0,0,159,0,0,0,0,0,0,0,0,0,0,0,0,0,0,0,0,0,0,0,0,0,0,0,0,0,0,0,0,0,0,0,0,0,0,0,0,0,0,0,0,0,0,0,0,0,0,0,0,0,0,0,0,0,0,,0,0,0,0,0,0,0,0,0,0,0,0,0,0,0
F,Trichoderma_lixii,0,0,0,0,0,0,0,0,0,0,0,0,0,0,0,0,0,0,0,0,0,0,0,0,0,0,0,0,0,0,87,0,0,0,0,0,0,0,0,0,0,0,0,0,0,0,0,0,0,0,0,0,0,0,0,0,0,0,0,0,0,0,0,0,0,0,0,0,0,0,0,0,0,0,0,0,0,0,0,0,0,0,0,0,0,0,,0,0,0,0,0,0,0,0,0,0,0,0,0,0,0
F,Trichoderma_virilente,0,0,0,0,0,0,0,0,0,0,0,0,0,0,0,0,0,0,0,0,0,0,0,0,0,0,0,0,0,0,0,0,0,0,0,0,0,0,0,0,0,0,0,0,0,0,0,0,0,0,0,0,0,0,0,0,0,0,0,0,0,0,0,0,0,0,0,0,0,0,0,0,0,0,0,0,0,0,0,0,0,0,0,0,0,0,,0,0,0,0,0,0,0,0,89,0,0,0,0,0,0
F,Trichoderma_sp,0,0,0,0,0,0,92,58,0,0,0,0,0,0,0,0,0,0,0,0,0,0,0,0,0,0,0,0,0,0,0,0,0,0,0,0,0,0,0,0,0,0,0,0,0,0,0,0,0,0,0,0,0,0,0,0,0,0,0,0,0,0,0,0,0,0,0,0,0,0,0,0,0,0,0,0,0,0,0,0,0,0,0,0,0,0,,0,0,0,0,0,0,0,0,0,0,0,0,0,0,0
F,Acremonium_chrysogenum,0,0,0,0,0,0,0,0,0,0,0,0,0,0,0,0,0,0,0,0,0,0,0,0,0,0,0,0,0,0,0,0,0,0,0,0,0,0,0,0,0,0,0,0,0,0,0,0,0,0,0,0,0,0,0,0,0,0,0,0,0,0,0,0,0,0,0,0,0,0,0,0,0,0,0,0,0,0,0,0,0,0,0,0,0,0,,0,0,0,0,0,0,0,0,0,0,0,0,0,0,87
F,Acremonium_pilosum,0,0,8,0,0,0,20,99,0,0,0,0,0,0,0,0,0,0,0,0,0,0,94,0,194,0,0,63,143,282,0,0,56,0,0,0,0,0,0,0,0,0,0,0,0,0,0,0,0,0,0,0,0,0,0,0,0,0,0,0,0,0,0,0,0,0,0,0,0,0,0,0,0,0,0,0,0,0,0,0,0,0,0,0,0,0,,0,0,0,0,0,0,0,142,0,0,0,0,0,0,0
F,Emericellopsis_sp,3456,443,4486,0,775,1787,702,649,1689,4365,2045,3771,379,1275,464,0,147,0,933,350,1839,101,1741,270,1562,2646,3148,1028,979,885,566,1173,560,588,1778,347,229,2328,789,472,4061,3944,0,0,0,0,0,0,0,0,0,0,0,0,0,0,0,0,0,225,0,0,0,0,0,227,0,0,0,0,0,0,0,0,0,0,0,0,273,0,0,0,0,0,0,0,,0,0,2080,424,344,1822,525,877,0,558,2063,150,752,359,247
F,Fusariella_sp,0,0,26,0,0,0,0,0,0,0,0,0,0,0,0,0,0,0,0,0,0,0,0,0,0,0,0,100,0,0,0,0,56,0,0,0,0,0,0,20,0,0,0,0,0,0,0,0,0,0,0,0,0,0,0,0,0,0,0,0,0,0,0,0,0,40,0,0,0,0,0,0,0,0,0,0,0,0,0,0,0,0,0,0,0,0,,0,0,0,0,0,0,0,0,0,0,0,0,0,0,0
F,Unid_Nectriaceae,80,481,712,623,1149,798,904,994,505,1398,1518,903,288,233,0,0,2495,0,404,329,858,912,799,621,1741,0,763,927,593,88,451,579,910,659,1178,1078,591,868,1526,552,706,98,0,0,0,15093,0,0,0,0,0,0,35,0,0,0,0,0,0,0,0,3028,0,0,12437,0,0,0,0,0,0,0,0,27556,0,0,0,0,0,1046,0,0,0,0,0,0,,0,0,0,754,664,810,1341,1297,653,1036,1486,492,518,1080,1305
F,Cylindrocarpon_sp,0,0,135,0,0,0,55,0,39,0,0,0,0,123,0,0,0,0,0,49,0,0,0,0,0,0,0,0,0,0,0,0,0,0,6,0,6,0,0,0,0,0,0,0,0,0,0,0,0,0,0,0,0,0,0,0,0,0,0,0,0,0,0,0,0,0,0,0,0,0,0,0,0,0,0,0,0,0,0,0,0,0,0,0,0,0,,0,0,0,65,0,0,0,0,0,0,0,0,0,0,0
F,Dactylonectria_alcacerensis,0,313,0,155,66,0,77,0,132,44,102,0,0,89,0,0,0,0,0,207,0,0,72,0,0,0,0,63,0,0,0,0,0,0,14,255,0,0,0,207,0,0,0,0,0,0,0,0,0,0,0,0,0,0,0,0,0,0,0,0,0,0,0,0,0,48,0,0,0,0,0,0,0,0,0,0,0,0,0,0,0,0,0,0,0,0,,0,0,0,0,912,0,0,195,0,0,0,0,347,212,97
F,Fusarium_sp,0,0,0,0,0,0,0,129,0,0,118,0,87,0,0,0,0,0,0,0,0,0,0,0,0,0,0,0,145,0,0,0,51,0,200,0,0,0,0,0,0,0,0,0,0,0,0,0,0,0,0,0,0,0,0,0,0,0,0,0,0,0,0,0,0,0,0,0,0,0,0,0,0,0,0,0,0,0,0,0,0,0,0,0,0,0,,0,0,0,0,0,0,0,0,0,0,0,0,0,0,0
F,Fusarium_proliferatum,1267,7995,17552,4461,2011,15132,7069,3084,13162,3425,2933,15935,4939,6661,1782,3290,4283,0,6388,4746,13687,13427,8806,6997,10599,17991,9241,7201,4331,9006,7472,8128,12599,1902,5602,15636,6977,5712,2888,2370,11256,12434,0,6829,0,0,4671,0,0,0,0,12221,0,0,0,0,0,0,0,195,0,0,0,0,0,78,0,0,7589,0,0,4499,0,0,0,0,32,0,0,1381,0,0,0,0,0,0,,0,0,126,10728,5851,14330,3192,12593,5954,7189,9742,8709,10951,2757,10889
F,Fusarium_solani,1851,287,157,549,1049,653,1290,658,836,0,1094,1322,372,1682,613,4602,1107,749,208,740,943,1397,545,146,356,643,1269,734,1013,862,632,1208,110,368,393,1234,628,455,877,155,1882,1533,0,0,0,0,12472,0,0,0,0,0,97,0,0,0,0,0,1840,955,0,0,0,0,0,26,0,0,0,0,0,4017,0,0,0,0,0,4052,120,1067,0,0,0,0,0,0,,0,0,1306,133,396,682,1438,602,1060,642,137,1212,361,1072,462
F,Fusarium_sp5,0,0,26,0,0,0,0,0,0,0,0,0,0,264,0,0,0,0,0,0,0,97,0,136,0,0,0,0,0,0,0,0,0,0,0,0,0,273,0,0,0,0,0,0,0,0,0,0,0,0,0,0,0,0,0,0,0,0,0,0,0,0,0,0,0,0,0,0,0,0,0,0,0,0,0,0,0,0,0,0,0,0,0,0,0,0,,0,0,0,0,0,0,0,0,0,0,0,0,47,0,0
F,Gibberella_sp,0,0,0,0,0,0,0,0,68,0,0,0,0,0,0,0,0,0,0,0,0,0,0,0,0,0,0,0,0,0,0,0,0,0,0,0,0,0,0,0,0,0,0,0,0,0,0,0,0,0,0,0,0,0,0,0,0,0,0,320,0,0,0,0,0,0,0,0,0,0,0,0,0,0,0,0,0,1619,0,0,0,0,0,0,0,0,,0,0,0,0,0,0,0,0,0,0,0,0,0,0,0
F,Gibberella_fujikuroi,0,0,0,0,0,0,0,0,0,0,0,0,0,0,0,0,0,0,0,0,0,0,0,0,0,0,0,0,0,0,0,0,0,0,0,0,0,0,0,0,0,0,0,0,0,0,0,0,0,0,0,0,0,0,0,0,0,0,0,0,0,0,0,0,0,0,0,0,0,0,0,0,0,66,0,0,0,0,0,0,0,0,0,0,0,0,,0,0,0,0,0,0,0,0,0,0,0,0,0,0,0
F,Gibberella_tricincta,0,0,0,0,0,0,0,0,0,0,0,308,0,0,0,0,0,0,0,0,0,0,0,0,0,0,0,0,0,0,0,0,0,0,0,0,0,0,0,0,0,0,0,0,0,0,0,0,0,0,0,0,0,0,0,0,0,0,0,0,0,0,0,0,0,0,0,0,0,0,0,0,0,0,0,0,0,0,0,0,0,0,0,0,0,0,,0,0,0,0,0,0,0,0,0,0,0,0,167,0,0
F,Pleiocarpon_sp,0,0,14,0,0,0,38,37,0,0,0,49,0,0,0,0,0,0,0,0,22,0,0,0,0,0,9,0,51,0,0,32,0,40,0,0,0,82,0,25,0,0,0,0,0,0,0,0,0,0,0,0,0,0,0,0,0,0,0,0,0,0,0,0,0,0,0,0,0,0,0,0,0,0,0,0,0,0,67,0,0,0,0,0,0,0,,0,0,0,0,0,6,0,0,0,0,0,0,0,0,0
F,Volutella_ciliata,0,33,0,0,0,0,0,0,0,0,0,0,0,200,0,0,0,0,0,0,0,0,0,0,0,0,0,0,0,0,0,0,0,0,23,0,0,0,0,0,0,0,0,0,0,0,0,0,0,0,0,0,0,0,0,0,0,0,0,0,0,0,0,0,0,0,0,0,0,0,0,0,0,0,0,0,0,11,0,0,0,0,0,0,0,0,,0,0,0,0,0,0,0,0,0,0,0,0,0,0,0
F,Tolypocladium_sp,0,0,0,0,0,0,0,0,0,0,0,0,0,0,0,0,0,0,0,0,0,0,0,0,0,0,0,0,0,0,0,0,0,0,0,0,0,0,0,0,0,0,0,0,0,0,0,0,0,0,0,0,0,0,0,0,0,0,0,0,0,0,0,0,0,0,0,0,0,0,0,0,0,0,0,0,0,0,0,0,0,0,0,0,0,0,,0,0,0,0,0,0,0,0,0,0,0,0,279,0,0
F,Myrothecium_roridum,0,0,87,0,73,0,40,0,216,0,625,0,69,0,0,0,0,0,102,0,127,97,0,0,0,0,82,118,0,0,29,24,89,0,149,0,66,0,0,15,0,0,0,0,0,0,0,0,0,0,0,0,0,0,0,0,0,0,0,0,0,0,0,0,0,0,0,0,0,0,0,0,0,0,0,0,0,0,0,0,0,0,0,0,0,0,,0,0,0,59,82,168,72,0,0,52,0,0,0,490,19
F,Unid_Stachybotryaceae,96,0,0,0,0,0,0,0,0,0,0,0,0,0,0,0,0,0,0,0,0,0,0,0,0,0,0,0,0,0,0,0,0,0,0,0,0,0,0,0,0,0,0,0,0,0,0,0,0,0,0,0,0,0,0,0,0,0,0,0,0,0,0,0,0,0,0,0,0,0,0,0,0,0,0,0,0,0,0,0,0,0,0,0,0,0,,0,0,0,0,0,0,0,0,0,0,0,0,0,0,0
F,Emericellopsis_pusilla,0,0,0,0,0,0,0,0,0,0,0,0,0,0,0,0,0,0,0,0,0,0,0,0,0,0,0,0,0,0,0,0,0,0,0,0,0,0,0,0,0,0,0,0,0,0,0,0,0,0,0,0,0,0,0,0,0,0,0,0,0,0,0,0,0,0,0,0,0,0,0,0,0,0,0,0,0,0,0,0,0,0,0,0,0,0,,0,0,0,0,0,0,0,0,0,0,0,0,0,0,203
F,Unid_Hypocreales,0,0,0,0,0,0,76,0,0,0,0,0,0,0,0,0,0,0,84,0,0,0,0,0,196,152,0,37,109,91,0,0,0,0,0,0,0,0,0,70,0,0,19930,0,0,0,0,0,0,0,0,0,0,0,0,0,0,0,0,154,86,0,0,0,0,0,0,0,0,0,0,0,0,0,12,0,0,885,0,0,0,0,0,0,0,0,,0,12342,0,0,0,0,0,33,0,110,0,70,0,0,0
F,Unid_Lulworthiaceae,0,0,0,0,0,0,0,0,0,0,0,0,0,0,0,0,0,0,0,0,0,0,0,0,0,0,0,0,0,0,0,0,0,0,0,0,0,0,0,0,0,0,0,0,0,0,0,0,0,0,0,0,0,0,0,0,0,0,0,0,0,0,0,0,0,0,0,0,0,0,0,0,0,0,0,0,0,0,0,0,0,0,0,0,0,0,,0,0,0,0,242,0,0,0,0,0,0,0,0,0,0
F,Unid_Microascaceae,0,0,0,0,53,0,0,0,31,0,0,0,0,0,0,0,0,0,0,0,0,0,0,0,0,0,0,0,0,0,0,0,0,0,0,0,0,0,0,0,0,0,0,0,0,0,0,0,0,0,0,0,0,0,0,0,0,0,0,0,0,0,0,0,0,0,0,0,0,0,0,0,0,0,0,0,0,0,0,0,0,0,0,0,0,0,,0,0,0,0,0,0,0,0,0,0,0,0,0,0,0
F,Cephalotrichum_sp,0,0,0,0,0,0,0,0,0,0,0,0,0,30,0,0,247,0,19,0,0,93,182,0,0,0,0,0,0,0,0,0,0,0,0,0,0,0,0,0,0,0,0,0,0,0,0,0,0,0,0,0,0,0,0,0,0,0,0,0,0,0,0,0,0,0,0,0,0,0,0,0,0,0,0,0,0,0,0,0,0,0,0,0,0,0,,0,0,0,0,0,0,0,36,0,0,0,0,0,223,0
F,Microascus_brevicaulis,0,0,0,0,0,0,0,72,0,0,0,0,0,0,0,0,0,0,0,97,0,0,0,0,0,0,0,0,0,581,38,0,0,0,0,109,0,0,0,0,0,0,0,0,0,0,0,0,0,0,0,0,0,0,0,0,0,0,0,78,0,0,0,0,0,0,0,0,0,0,0,0,0,0,0,0,0,0,0,0,0,0,0,0,0,0,,0,0,0,14,0,0,0,0,0,0,0,0,0,0,0
F,Microascus_longicollis,0,0,0,0,0,0,0,0,0,0,0,0,0,0,0,0,0,0,0,0,0,0,0,0,49,0,0,0,0,0,0,0,0,0,0,0,0,0,0,0,0,0,0,0,0,0,0,0,0,0,0,0,0,0,0,0,0,0,0,0,0,0,0,0,0,0,0,0,0,0,0,0,0,0,0,0,0,0,0,0,0,0,0,0,0,0,,0,0,0,0,0,0,0,0,0,0,0,0,0,0,0
F,Microascus_sp,53,12,32,14,0,0,159,20,70,0,0,120,0,0,54,0,0,0,46,79,0,0,0,0,0,0,120,0,0,0,56,0,87,0,0,0,0,0,0,225,202,0,0,0,0,0,0,0,0,0,0,0,194,0,0,0,0,0,0,676,363,0,0,0,3782,8,0,0,0,6203,0,0,1050,85,0,0,0,0,0,383,0,0,0,0,0,0,,0,0,0,77,281,158,145,560,54,0,0,0,0,157,0
F,Petriella_musispora,0,104,0,0,0,0,0,0,0,0,0,23,0,0,0,0,0,0,0,0,0,0,149,0,0,0,9,0,0,0,74,0,0,0,0,0,0,0,0,0,0,0,0,0,0,0,0,0,0,0,0,0,0,0,0,0,0,0,0,0,0,0,0,0,0,0,0,0,0,0,0,0,0,0,0,0,0,0,0,0,0,0,0,0,0,0,,15587,0,0,0,0,0,0,75,0,0,0,0,29,0,0
F,Unid_Chaetomiaceae,1984,1462,4798,1510,1664,170,941,3596,2333,3100,3145,3036,2362,3080,2048,4128,2880,0,3493,2090,3302,1356,2548,4011,5943,2357,784,2684,2639,1724,1862,2717,1649,4790,4082,2554,1387,857,2890,3053,2431,1129,0,3580,0,0,0,0,0,0,0,0,2963,0,0,0,0,0,0,778,0,8437,0,0,0,0,0,0,0,0,0,0,0,0,0,0,0,0,0,0,0,0,0,0,0,10166,,0,0,2117,6394,3140,2882,3071,3244,1755,5443,5715,2667,4495,2727,1470
F,Chaetomium_sp,957,1258,1027,2196,994,2554,3852,3933,3055,5537,3966,2050,1101,1724,1829,2463,5745,2476,2020,2985,3483,2564,1718,1000,2595,483,2550,2587,6073,4913,2931,3269,3195,2388,1363,1028,802,1607,5907,1326,3194,4079,0,0,8878,0,0,0,0,0,0,0,1263,0,0,0,0,903,0,0,0,0,0,0,0,0,0,0,0,0,0,0,0,0,0,0,0,147,219,0,0,0,0,0,0,0,,0,0,109,3042,0,1325,4566,819,1525,1414,2677,4493,3788,226,1626
F,Chaetomium_uniapiculatum,0,0,0,0,0,0,0,0,0,0,0,0,0,0,0,0,0,0,0,0,0,0,0,0,0,0,0,0,0,0,0,0,0,0,0,0,0,0,0,0,0,0,0,0,0,0,0,0,0,0,0,0,0,0,0,0,0,0,0,0,0,0,0,0,0,0,0,0,0,0,0,0,0,0,0,0,0,0,0,0,0,0,0,0,0,0,,0,0,0,0,0,0,0,0,0,84,0,0,0,0,0
F,Chaetomium_sp6,3863,4130,3683,7281,9428,5263,7012,5374,6982,6425,5725,8964,3754,5127,8410,3603,5768,7142,5221,4316,3326,2733,7260,4487,2992,3867,7852,2859,6289,5419,3344,8005,2508,7950,7407,5202,3477,9363,8153,7907,3224,4075,0,0,0,0,388,0,0,0,0,0,0,0,0,0,0,6134,0,2305,0,0,0,0,0,2681,0,0,0,0,0,0,0,0,0,0,0,0,0,0,0,0,0,0,0,0,,0,0,0,5281,8810,8113,11412,5187,5734,5746,5104,8253,6066,7392,2190
F,Retroconis_fusiformis,0,131,0,0,0,0,0,0,0,0,59,0,0,80,0,0,0,0,0,0,0,0,16,0,0,0,0,0,0,0,0,226,0,0,0,0,0,0,0,0,0,113,0,418,0,0,585,0,0,0,0,0,862,0,0,0,0,0,0,0,0,2525,0,0,0,0,0,0,0,0,0,0,0,0,0,0,0,0,0,0,0,0,0,0,0,0,,0,0,668,0,0,0,0,80,0,0,0,210,0,0,0
F,Trichocladium_arxii,467,0,0,0,0,0,3899,78,0,0,0,0,1484,0,742,0,0,0,0,0,0,0,0,0,0,0,0,0,144,0,0,0,123,0,0,0,0,0,239,0,0,560,0,0,0,0,0,0,0,0,0,0,0,0,0,0,0,0,0,0,0,0,0,0,0,0,0,0,0,0,0,0,0,0,0,0,0,0,0,0,0,0,0,0,0,0,,0,0,0,0,1161,0,0,0,0,1192,291,0,0,0,105
F,Unid_Chaetomiaceae7,0,0,0,0,0,0,0,0,0,0,0,0,0,0,0,0,0,0,0,0,0,0,0,0,0,0,0,0,0,0,0,0,0,0,0,0,0,0,0,0,23,0,0,0,0,0,0,0,0,0,0,0,0,0,0,0,0,0,0,0,0,0,0,0,0,0,0,0,0,0,0,0,0,0,0,0,0,0,0,0,0,0,0,0,0,0,,0,0,0,0,40,0,222,0,0,0,0,0,0,0,0
F,Cercophora_sp,0,110,0,0,0,0,0,0,341,0,0,0,0,41,0,0,0,0,48,0,55,0,177,0,0,0,0,199,0,0,210,0,261,0,0,0,0,0,0,201,115,0,0,0,0,0,0,0,0,0,0,0,0,0,0,0,0,0,0,0,0,0,0,0,0,153,0,0,0,0,0,0,0,0,0,0,0,0,0,0,0,0,0,0,0,0,,0,0,0,0,0,26,0,93,219,0,0,0,0,29,0
F,Cladorrhinum_hyalocarpum,0,0,0,0,0,0,0,0,0,0,0,0,0,0,0,0,0,0,0,0,0,0,0,0,0,0,0,201,0,0,0,0,0,0,0,0,0,0,0,0,291,0,0,0,0,0,0,0,0,0,0,0,0,0,0,0,0,0,0,0,0,0,0,0,0,0,0,0,0,0,0,0,0,0,0,0,0,0,0,0,0,0,0,0,0,0,,0,0,0,0,0,0,723,0,0,0,0,0,0,0,44
F,Schizothecium_sp,0,179,0,0,0,0,0,0,0,0,0,0,0,35,935,0,0,0,0,0,0,0,0,0,0,0,310,0,0,94,0,0,160,0,0,0,0,0,162,0,0,35,0,0,0,0,0,0,0,0,0,0,0,0,0,0,0,0,0,0,0,0,0,0,0,0,0,0,0,0,0,0,0,0,0,0,0,0,0,0,0,0,0,0,0,0,,0,0,0,0,0,151,0,0,0,0,0,0,0,0,25
F,Schizothecium_inaequale,0,0,0,0,0,0,0,0,0,0,0,0,0,0,717,0,0,0,0,0,0,0,0,0,0,0,0,0,0,0,0,0,0,0,0,0,0,0,0,59,0,0,0,0,0,0,0,0,0,0,0,0,0,0,0,0,0,0,0,0,0,0,0,0,0,0,0,0,0,0,0,0,0,0,0,0,0,0,0,0,0,0,0,0,0,0,,0,0,0,0,0,0,0,0,0,0,0,0,0,0,0
F,Gelasinospora_brevispora,0,0,0,0,0,0,0,0,0,0,0,0,0,0,0,0,0,0,0,0,739,0,0,0,0,0,0,0,0,0,0,0,0,0,0,0,0,0,0,0,0,303,0,0,0,0,0,0,0,0,0,0,0,0,0,0,0,0,0,0,0,0,0,0,0,0,0,0,0,0,0,0,0,0,0,0,0,0,0,0,0,0,0,0,0,0,,0,0,0,0,0,0,0,0,0,0,33,0,0,0,11
F,Unid_Sordariaceae,306,1790,306,1182,891,913,1413,393,491,261,1021,549,615,1870,218,0,718,0,488,2461,2612,1236,638,113,0,109,268,1564,0,296,865,165,358,153,1220,742,672,0,1091,871,519,0,0,0,0,0,2172,0,0,0,0,0,91,0,0,0,0,0,0,0,0,0,0,0,0,142,0,0,0,0,0,0,0,0,0,0,0,400,0,439,0,0,0,14461,0,0,,0,0,0,535,2523,401,306,1009,745,252,574,879,647,1631,4360
F,Phaeoacremonium_sp,368,1192,327,748,941,805,584,1589,1061,1160,1805,598,2013,1931,2828,1976,2108,3138,834,1196,865,1535,681,1016,435,3928,859,1277,2517,2643,1323,1031,844,2617,1679,992,989,2894,1517,694,712,830,0,7247,0,0,0,0,0,0,0,0,0,0,0,0,0,0,0,0,0,0,0,0,0,163,0,0,0,0,0,0,0,0,0,0,0,0,0,0,0,0,0,0,0,0,,0,0,0,1253,2995,1287,3825,1087,3161,984,3684,1739,1294,2367,1295
F,Nigrospora_oryzae,0,0,0,0,0,0,0,0,0,0,0,0,0,0,0,0,0,0,0,0,0,0,0,0,0,0,0,14,0,0,0,0,0,0,0,0,0,0,0,0,0,0,0,0,0,0,0,0,0,0,0,0,0,0,0,0,0,0,0,0,0,0,0,0,0,0,0,0,0,0,373,0,0,0,0,0,0,0,54,0,0,0,0,0,0,0,,0,0,0,0,0,0,0,0,0,0,0,0,0,0,0
F,Unid_Diatrypaceae,0,0,0,0,0,0,0,0,0,0,0,0,0,0,104,0,0,0,0,0,0,0,0,0,0,0,0,0,0,0,0,0,0,0,0,0,0,0,0,0,0,0,0,0,0,0,0,0,0,0,0,0,0,0,0,0,0,0,0,0,0,0,0,0,0,0,0,0,0,0,0,0,0,0,0,0,0,0,0,0,0,0,0,0,0,0,,0,0,0,0,0,0,0,0,0,0,0,0,0,0,0
F,Eutypella_prunastri,0,0,0,0,0,0,0,0,0,0,0,0,0,0,0,0,0,0,21,0,0,0,0,0,18,0,15,0,0,0,0,0,0,0,0,0,0,0,0,0,0,0,0,0,0,0,0,0,0,0,0,0,0,0,0,0,0,0,0,0,0,0,0,0,0,0,0,0,0,0,0,0,0,0,0,0,0,0,0,0,0,0,0,0,0,0,,0,0,0,0,0,0,0,9,0,8,0,0,0,0,0
F,Idriella_sp,0,5,55,0,0,0,0,0,10,0,0,0,0,0,0,0,147,0,0,0,0,0,0,0,0,0,0,0,0,0,0,0,0,928,0,308,95,0,44,0,0,0,0,0,0,0,0,0,0,0,0,0,0,0,0,0,0,0,0,0,0,0,0,0,0,0,0,0,0,0,0,0,0,0,0,0,0,0,0,0,0,0,0,0,0,0,,0,0,0,0,0,0,0,0,0,0,0,0,0,0,84
F,Unid_Xylariales,0,0,0,0,0,0,0,0,0,0,0,0,0,0,98,0,0,0,0,0,0,0,0,0,0,0,0,0,0,0,0,0,0,0,0,0,0,0,0,0,0,0,0,0,0,0,0,0,0,0,0,0,0,0,0,0,0,0,0,0,0,0,0,0,0,0,0,0,0,0,0,0,0,0,0,0,0,0,0,0,0,0,0,0,0,0,,0,0,0,0,0,0,0,0,0,0,0,0,0,0,0
F,Agaricus_sp,0,0,0,0,0,0,0,0,0,0,0,0,0,0,0,0,0,0,0,0,0,0,0,0,0,0,0,0,0,0,0,0,0,0,0,0,0,19,0,0,0,0,0,0,0,0,0,0,0,0,0,0,0,0,0,0,0,0,0,0,0,0,0,0,0,0,0,0,0,0,0,0,0,0,0,0,0,0,0,0,0,0,0,0,0,0,,0,0,0,0,0,0,0,0,0,0,0,0,0,0,0
F,Agaricus_inoxydabilis,0,0,0,0,0,0,0,0,0,0,0,0,0,0,0,0,0,0,0,0,0,0,8,0,0,0,0,0,0,0,0,0,0,0,0,0,0,0,0,0,0,0,0,0,0,0,0,0,0,0,0,0,0,0,0,0,0,0,0,0,0,0,0,0,0,0,0,0,0,0,0,0,0,0,0,0,0,0,0,0,0,0,0,0,0,0,,0,0,0,0,0,0,0,0,0,0,0,0,0,0,0
F,Conocybe_apala,0,0,0,0,0,0,0,0,0,0,0,0,0,0,0,0,0,0,0,0,0,0,0,0,0,0,0,0,35,0,0,0,0,0,0,0,0,0,0,0,0,0,0,0,0,0,0,0,0,0,0,0,0,0,0,0,0,0,0,0,0,0,0,0,0,0,0,0,0,0,0,0,0,0,0,0,0,0,0,0,0,0,0,0,0,0,,0,0,0,0,0,0,0,0,0,0,0,0,0,0,16
F,Conocybe_sp,0,0,0,0,0,0,0,0,0,0,0,0,0,0,0,0,0,0,0,0,0,0,0,0,0,0,0,0,0,0,0,0,0,0,0,0,0,0,0,0,45,0,0,0,0,0,0,0,0,0,0,0,0,0,0,0,0,0,0,0,0,0,3039,0,0,0,0,0,0,0,0,0,0,0,0,0,0,0,0,0,0,0,0,0,0,0,,0,0,0,0,0,0,0,0,0,0,0,0,0,0,0
F,Clitopilus_sp,0,0,0,0,0,0,0,0,0,0,0,0,0,0,0,384,0,0,0,0,0,0,0,88,0,0,0,0,0,0,0,0,0,0,0,0,0,0,0,0,0,0,0,0,0,0,0,0,0,0,0,0,0,0,0,0,0,0,0,0,0,0,0,0,0,0,0,0,0,0,0,0,0,0,0,0,0,0,0,0,0,0,0,0,0,0,,0,0,0,0,0,0,0,0,0,0,0,0,0,0,0
F,Entoloma_sp,0,0,0,0,0,0,0,0,0,0,0,0,0,0,0,0,0,0,0,0,0,0,0,0,0,0,0,7,0,0,0,0,0,0,0,0,0,0,0,0,0,0,0,0,0,0,0,0,0,0,0,0,0,0,0,0,0,0,0,0,0,0,0,0,0,0,0,0,0,0,0,0,0,0,0,0,0,0,0,0,0,0,0,0,0,0,,0,0,0,0,0,0,0,0,0,0,0,0,0,0,0
F,Unid_Psathyrellaceae,0,0,0,0,0,0,0,0,0,0,0,0,0,0,0,0,0,0,0,0,0,0,0,0,0,0,0,0,0,0,0,0,0,0,0,0,0,0,11,0,0,0,0,0,0,0,0,0,0,0,0,0,0,0,0,0,0,0,0,0,0,0,0,0,0,0,0,0,0,0,0,0,0,0,0,0,0,0,0,0,0,0,0,0,0,0,,0,0,0,0,0,0,0,0,0,0,0,0,0,0,0
F,Coprinellus_sp,0,0,0,0,30,0,0,0,0,0,0,0,0,0,0,392,0,0,0,0,0,0,0,0,0,0,0,0,0,0,0,0,0,0,0,0,0,0,0,0,0,0,0,0,0,0,0,0,0,0,0,0,0,0,0,0,0,0,0,0,0,0,0,0,0,0,0,0,0,0,0,0,0,0,0,0,0,0,0,0,0,0,0,0,0,0,,0,0,0,0,0,0,0,0,0,0,0,0,0,0,0
F,Coprinellus_radians,0,0,0,0,0,0,0,0,0,0,0,0,0,0,0,0,0,0,0,0,0,0,0,0,0,0,697,0,0,0,0,0,0,0,0,0,0,0,0,0,0,0,0,0,0,0,0,0,0,0,0,0,0,0,0,0,0,0,0,0,0,0,0,0,0,0,0,0,0,0,0,0,0,0,0,0,0,0,0,0,0,0,0,0,0,0,,0,0,0,0,0,0,33,0,0,0,0,0,0,0,0
F,Psathyrella_luteopallida,0,0,0,0,0,0,0,0,0,0,0,0,0,0,0,0,0,0,0,0,0,0,0,0,0,0,0,0,0,0,0,0,0,0,0,251,0,0,0,0,0,0,0,0,0,0,0,0,0,0,0,0,0,0,0,0,0,0,0,0,0,0,0,0,0,0,0,0,0,0,0,773,0,0,0,0,0,0,0,0,0,0,0,0,0,0,,0,0,0,0,0,0,0,0,0,0,0,0,0,0,0
F,Unid_Ceratobasidiaceae,0,0,0,0,0,0,0,0,0,0,0,7,0,0,0,0,0,0,0,0,0,0,0,44,0,0,0,0,35,59,0,0,0,0,0,0,0,0,0,0,0,0,0,0,126,0,0,0,0,0,0,0,0,0,0,0,0,0,0,0,0,0,0,0,0,0,0,0,21,0,0,0,0,0,0,0,0,241,0,0,0,0,0,0,0,0,,0,0,104,0,0,0,0,0,0,0,0,0,0,0,0
F,Rhizoctonia_sp,0,0,0,12,0,0,0,0,0,0,0,0,0,0,0,0,0,0,0,0,20,0,0,0,0,0,0,0,0,0,0,0,0,0,0,0,0,0,0,0,0,0,0,0,0,0,0,0,0,0,0,0,0,0,0,0,0,0,0,0,0,0,0,0,0,26781,0,0,0,0,15005,0,0,0,0,0,0,0,0,0,0,0,0,0,0,0,,0,0,0,0,0,52,0,47,102,0,0,0,0,0,174
F,Thanatephorus_cucumeris,0,0,0,0,0,0,0,0,0,0,0,0,0,0,0,0,0,0,0,0,0,0,0,0,0,0,0,0,0,0,0,0,0,0,0,0,0,0,0,0,0,0,0,0,0,0,0,0,0,15498,0,0,0,0,0,0,0,0,0,0,0,0,0,0,0,0,0,0,0,0,0,0,0,0,0,0,0,0,0,0,0,0,0,0,0,0,,0,0,0,0,282,0,0,0,0,0,0,0,0,0,0
F,Ganoderma_sp,0,0,0,0,0,0,0,0,0,0,0,0,0,0,0,0,0,0,0,0,0,0,0,0,0,0,0,0,0,0,0,64,0,0,0,0,0,0,0,0,0,0,0,0,0,0,0,0,0,0,0,0,0,0,0,0,0,0,0,0,0,0,0,0,0,0,0,0,0,0,0,0,0,0,0,0,0,0,0,0,0,0,0,0,0,0,,0,0,0,0,0,0,0,0,0,0,0,0,0,0,0
F,Cystobasidium_sp,0,0,0,0,0,0,0,0,0,0,0,0,0,0,0,0,0,0,0,0,6,0,0,0,0,0,0,0,0,0,0,0,0,0,0,0,0,0,0,0,0,0,0,0,0,0,1300,0,0,0,4269,0,650,0,0,0,13282,0,0,407,2292,0,1320,0,0,0,81,0,0,0,0,0,0,0,0,0,0,0,0,2625,0,0,0,0,0,0,,0,0,799,0,0,0,0,0,0,0,0,0,0,0,0
F,Erythrobasidium_yunnanense,0,0,0,0,0,0,0,0,0,0,0,0,0,0,0,0,0,0,0,0,0,0,0,0,0,0,0,0,0,0,0,0,0,0,0,0,0,0,0,0,0,0,0,0,0,0,0,0,0,0,0,0,0,0,0,0,0,0,0,0,955,0,0,0,0,0,0,0,0,0,0,0,0,0,0,0,0,0,0,0,0,0,0,0,0,0,,0,0,0,0,0,0,0,0,0,0,0,0,0,0,0
F,Mrakia_sp,0,0,0,0,0,0,0,0,0,0,0,0,0,0,0,0,0,0,0,0,0,0,0,0,0,0,0,0,0,0,0,0,0,0,0,0,0,0,0,0,0,0,0,0,0,0,0,0,0,0,0,0,0,0,0,0,0,0,0,0,3207,0,0,0,0,0,0,0,0,0,0,0,0,0,0,0,0,0,0,0,0,0,0,0,0,0,,0,0,0,0,0,0,0,0,0,0,0,0,0,0,0
F,Filobasidium_magnum,0,15,0,0,0,0,0,0,13,0,0,0,0,0,0,0,0,0,0,0,0,0,0,0,0,0,0,0,0,0,0,0,0,0,0,0,0,0,0,0,0,0,0,0,0,0,157,0,0,0,0,0,0,0,0,0,0,0,0,0,0,0,0,0,0,0,0,0,0,0,0,0,0,0,0,0,0,0,0,0,0,0,0,0,0,0,,0,0,0,0,0,0,0,0,0,0,0,0,0,0,0
F,Solicoccozyma_sp,0,0,0,0,0,0,0,0,155,0,0,0,0,0,0,0,248,0,0,0,0,0,45,0,0,0,0,0,0,0,0,0,0,0,0,0,0,0,0,0,0,0,0,0,0,0,0,0,0,0,0,0,0,0,0,0,0,0,0,0,0,0,0,0,0,0,0,0,0,0,0,0,0,0,0,0,0,0,0,0,0,0,0,0,0,0,,0,0,0,0,0,0,0,17,0,0,0,0,0,184,0
F,Vishniacozyma_sp,0,0,0,0,0,0,187,0,0,147,0,0,0,0,0,0,0,0,0,0,0,0,99,9,0,0,0,0,0,0,0,0,0,0,0,0,0,0,0,0,0,174,0,0,0,0,0,0,0,0,0,0,0,0,0,0,0,0,0,0,0,0,0,0,0,0,0,0,0,0,0,0,0,0,0,0,0,0,0,0,0,0,0,0,0,0,,0,0,0,0,0,0,0,0,0,0,0,0,0,0,0
F,Wallemia_sp,0,0,0,0,0,0,0,0,0,0,0,0,0,0,0,0,0,0,0,0,0,0,0,0,0,0,0,51,0,0,0,0,0,0,0,0,0,0,0,0,0,0,0,0,0,0,0,0,0,0,0,0,0,0,0,0,0,0,0,452,0,0,0,0,0,0,0,0,0,0,0,0,0,0,0,0,0,0,418,936,0,0,0,0,4554,0,,0,0,0,0,0,0,0,0,0,0,0,0,0,0,0
F,Catenaria_sp,0,0,0,0,0,0,0,0,0,0,0,0,0,0,0,0,0,0,0,0,0,0,0,0,0,0,0,0,0,0,0,0,0,0,0,0,0,0,0,0,0,0,0,0,0,0,0,0,0,0,0,0,0,0,0,0,0,0,0,0,0,0,0,0,0,0,0,0,0,0,0,0,0,0,0,0,0,0,0,0,0,0,0,0,0,0,,0,0,0,0,0,6,0,0,0,0,0,0,0,0,0
F,Rhizophlyctis_rosea,49,63,241,0,0,0,17,0,214,0,0,0,0,0,0,0,0,0,0,32,0,137,0,0,305,0,0,0,0,0,0,0,104,0,0,204,8,0,0,0,0,877,0,0,0,0,0,0,0,0,0,0,0,0,0,0,0,0,0,0,0,0,0,0,0,0,0,0,0,0,0,0,0,0,0,0,0,0,0,0,0,0,0,0,0,0,,0,0,0,0,23,17,0,20,293,0,0,25,0,0,0
F,Fimicolochytrium_jonesii,0,0,0,0,0,0,0,0,0,0,0,0,0,0,0,0,0,0,0,0,0,0,0,0,0,0,0,0,0,0,0,0,0,0,0,0,0,0,0,0,0,0,0,0,0,0,0,0,0,0,0,0,0,0,0,0,0,0,0,0,0,0,0,0,0,0,0,0,0,0,0,0,0,0,0,0,0,0,0,0,0,0,0,0,0,0,,0,0,0,0,0,0,0,0,0,0,0,7,0,0,0
F,Dominikia_iranica,0,0,0,0,0,0,0,0,0,0,0,0,0,0,0,0,0,0,0,0,0,0,0,0,0,0,0,0,0,0,0,0,0,0,0,0,0,0,0,0,0,0,5,0,6,11,0,0,0,120,0,0,0,0,7,0,0,0,0,0,0,0,0,0,0,0,0,0,0,0,0,0,0,0,0,0,0,0,0,0,0,0,11,0,0,0,,0,0,0,0,0,0,0,0,0,0,0,0,0,0,0
F,Glomus_aggregatum,0,0,0,0,0,0,0,0,0,0,0,0,0,0,0,0,0,0,0,0,0,0,0,0,0,0,0,0,0,0,0,0,0,0,0,0,0,0,0,0,0,0,0,0,0,0,0,0,0,0,0,0,0,23,0,0,0,0,0,0,0,0,0,0,0,0,0,0,0,0,0,0,0,0,0,0,0,0,0,0,0,0,0,0,0,0,,0,0,0,0,0,0,0,0,0,0,0,0,0,0,0
F,Unid_Mortierellaceae,102,0,0,0,0,0,106,58,114,0,0,0,94,0,0,0,126,0,0,217,33,0,0,0,0,55,104,60,92,0,20,226,0,0,0,0,0,0,0,39,0,15,0,0,0,0,0,0,0,0,0,0,0,0,0,0,0,0,0,0,0,0,0,0,0,0,0,0,0,0,0,0,0,0,0,0,0,0,0,0,0,0,0,0,0,0,,0,0,0,266,0,0,0,184,66,0,0,195,0,76,0
F,Mortierella_sp,63,0,0,45,38,0,0,0,0,48,118,0,597,0,0,0,83,72,0,227,0,0,0,24,0,0,145,0,0,69,0,0,0,0,0,0,0,46,12,149,0,0,0,0,0,0,48,0,0,0,0,0,0,0,0,0,0,0,0,0,0,0,0,0,0,0,0,0,0,0,0,0,761,0,0,0,0,0,0,0,0,0,0,0,0,0,,0,0,0,0,0,0,0,0,108,0,147,152,0,0,33
F,Unid_Mortierellaceae8,230,85,0,250,174,1219,338,166,441,420,679,602,0,354,539,422,1209,1177,23,314,55,155,926,580,694,290,882,0,289,227,406,245,116,0,864,368,145,236,1079,246,169,343,0,0,0,0,302,0,0,0,0,0,0,0,0,0,0,0,0,0,0,0,0,0,0,0,0,17730,0,0,0,0,18316,0,0,0,0,171,0,242,0,0,0,12167,0,9570,,0,0,34,764,200,547,502,195,712,309,109,876,596,744,133
F,Unid_Mortierellales,0,0,0,338,0,344,357,162,279,604,113,156,639,435,0,59,1877,0,0,93,370,78,237,189,128,190,0,60,93,115,0,546,55,134,184,332,0,0,110,0,279,0,0,0,0,0,0,0,0,0,0,0,0,0,0,0,0,0,0,0,0,0,0,0,0,0,0,0,0,0,0,0,0,0,0,0,0,0,0,0,0,0,0,0,0,0,,0,0,0,0,95,194,601,99,293,0,92,276,196,206,0
F,Olpidium_bornovanus,0,0,0,0,0,12,0,0,0,0,0,0,0,0,0,0,0,0,0,0,0,0,0,0,0,0,0,0,0,0,0,8,0,0,0,0,0,0,0,0,0,0,0,0,0,0,0,0,0,0,0,0,0,0,0,0,0,0,0,0,0,0,0,0,0,0,0,0,0,0,0,0,0,0,0,0,0,0,0,0,0,0,0,0,0,0,,0,0,0,0,0,9,0,0,0,0,0,0,0,0,0
F,Unid_Rozellomycota,70,26,33,68,102,0,0,93,76,1133,104,125,1897,762,3504,0,882,0,0,278,0,0,0,0,0,0,80,38,0,0,37,0,52,67,0,147,0,83,120,213,210,0,0,0,0,0,0,0,0,0,0,0,113,0,0,0,0,0,0,0,681,0,0,0,0,0,0,0,0,0,0,0,0,0,0,0,0,0,108,0,0,0,0,0,0,0,,0,0,378,147,0,500,70,58,0,0,351,58,180,105,72
F,Rhinosporidium_sp,0,0,0,0,0,0,0,0,0,0,0,0,0,0,0,0,0,0,0,0,0,0,0,0,33,0,0,0,0,0,0,0,0,0,0,0,9,0,0,0,0,0,0,0,0,0,0,0,0,0,0,0,0,0,0,0,0,0,0,0,0,0,0,0,0,0,0,0,0,0,0,0,0,0,0,0,0,0,0,0,0,0,0,0,0,0,,0,0,0,0,0,0,0,0,0,0,0,0,0,0,0
F,Thaumatomonas_sp,0,0,0,0,0,0,0,0,0,0,0,0,0,0,0,0,0,0,0,0,0,0,0,0,0,0,0,0,0,0,0,0,0,0,0,0,0,0,0,0,0,0,0,0,0,0,0,0,0,0,0,0,15,0,0,0,0,0,0,0,0,0,0,0,0,0,0,0,0,0,0,0,0,0,0,0,0,0,0,0,0,0,0,0,0,0,,0,0,0,0,0,0,0,0,0,0,0,0,0,0,0
B,Candidatus_Nitrosotalea_sp,0,0,0,0,0,0,0,0,0,0,0,0,0,0,0,0,0,0,0,0,0,0,0,0,0,0,0,0,0,0,0,0,0,0,0,0,0,0,0,0,0,0,0,0,0,0,0,0,0,0,0,Unid_Vicinamibacterales32,0,0,0,0,0,Unid_Vicinamibacterales38,0,0,0,0,0,0,0,0,0,0,0,0,0,0,0,0,0,0,0,0,Unid_Acidimicrobiia55,Iamia_sp,0,0,0,Unid_Ilumatobacteraceae,18,0,0,0,0,Unid_Ilumatobacteraceae63,0,0,0,0,0,0,0,0,0,0,0,0
B,Unid_Woesearchaeales,0,0,0,0,0,0,0,0,0,0,0,0,0,0,0,0,0,0,0,0,0,0,0,0,0,0,0,0,3,0,0,0,0,0,0,0,0,0,0,0,0,0,0,0,0,0,0,0,0,0,0,3,0,0,0,0,0,0,0,0,0,0,0,0,0,0,0,0,0,0,0,0,0,0,0,0,0,0,0,0,0,0,0,99,0,0,0,0,0,0,0,0,0,0,0,0,0,0,0,0,0,0
B,Woesearchaeales_sp,0,0,0,0,0,0,0,0,0,0,0,0,0,0,0,0,0,3,0,0,0,0,0,0,0,0,0,0,0,0,0,0,0,0,0,0,0,0,0,0,0,0,0,0,0,0,0,0,0,0,0,0,0,0,0,0,0,0,0,0,0,0,0,0,0,0,0,0,0,0,0,0,0,0,0,0,0,0,0,72,0,0,0,0,0,0,0,0,0,0,0,0,0,0,0,0,0,0,0,0,0,0
B,Unid_Thermoplasmata,62,0,0,0,0,0,0,0,51,19,0,38,0,26,0,0,0,0,0,0,0,59,0,0,28,0,0,0,0,0,0,0,0,0,14,0,0,56,0,0,0,0,0,0,0,0,0,0,0,0,0,0,0,0,0,0,0,0,0,0,0,0,0,0,0,0,0,0,0,0,0,0,0,0,0,0,0,0,0,77,0,0,0,143,0,0,0,0,0,0,0,48,68,0,42,31,60,0,37,51,0,0
B,Unid_Thermoplasmata2,0,0,0,0,0,0,0,0,0,0,0,0,0,0,0,0,0,0,0,0,0,0,0,0,11,0,0,0,0,0,0,0,0,0,0,0,0,0,0,0,0,0,0,0,0,0,0,0,0,0,0,0,0,0,0,0,0,0,0,0,0,0,0,0,0,0,0,0,0,0,0,0,0,0,0,0,0,0,0,61,0,0,0,112,0,0,0,0,0,0,0,0,0,0,0,0,19,0,0,0,0,0
B,Unid_Methanomassiliicoccaceae,0,0,0,0,0,0,18,0,9,0,0,0,0,0,0,0,0,0,0,0,0,0,0,0,0,0,0,0,0,0,0,0,0,0,0,0,0,0,0,0,0,13,0,0,0,0,0,0,0,0,0,0,0,0,0,0,0,0,0,0,0,0,0,0,0,0,0,0,0,0,0,0,0,0,0,0,0,0,0,0,0,0,0,0,0,0,0,0,0,0,0,0,0,0,0,0,0,0,0,0,0,0
B,Methanomassiliicoccus_sp,0,0,0,0,0,0,0,0,0,0,0,0,0,0,0,0,0,0,0,0,0,0,0,0,0,0,0,0,0,0,0,0,0,0,0,0,0,0,0,0,0,0,0,0,0,0,0,0,0,0,0,0,0,0,0,0,0,0,0,0,0,0,0,0,0,0,0,0,0,0,0,0,0,0,0,0,0,0,0,70,0,0,0,0,0,0,0,0,0,0,0,0,0,0,0,0,0,0,0,7,0,0
B,Unid_Acidobacteriales,0,0,0,0,0,0,0,0,0,0,0,0,0,0,0,0,0,0,0,0,0,0,0,0,0,0,0,0,0,0,0,0,0,0,0,0,0,0,0,0,0,0,0,0,0,0,0,0,0,0,0,0,0,0,0,0,0,0,0,0,0,0,0,0,0,0,0,0,0,0,0,0,0,0,0,0,0,0,0,0,0,0,0,0,32,0,0,0,0,0,0,0,0,0,0,0,0,0,0,0,0,0
B,Bryobacter_sp,0,110,108,0,0,0,0,0,150,0,0,79,55,126,33,0,0,28,0,69,125,0,112,119,0,0,0,0,0,0,90,125,0,0,129,93,0,0,155,0,0,66,0,0,0,0,0,0,0,0,0,0,0,0,0,0,0,0,0,0,0,0,0,0,0,0,0,0,0,0,0,0,0,0,0,0,0,0,0,73,0,0,0,0,91,0,0,0,0,223,0,123,0,0,0,59,102,87,135,67,0,0
B,Bryobacter_sp3,0,0,0,0,80,52,115,77,0,0,82,0,57,0,0,56,46,0,0,0,0,77,0,0,62,0,71,79,0,136,0,0,80,48,0,0,64,98,0,76,0,0,0,0,0,0,0,0,0,0,0,0,0,0,0,0,0,0,0,0,0,0,0,0,0,0,0,0,0,0,0,0,0,0,0,0,0,0,0,0,0,0,0,0,0,0,0,0,0,0,66,0,95,0,93,0,0,0,0,0,0,0
B,Bryobacter_sp4,0,0,0,0,0,0,0,0,0,0,0,0,0,0,0,0,0,0,0,0,0,0,0,0,0,0,73,0,49,0,0,0,0,0,0,0,0,0,0,0,0,0,0,0,0,0,0,0,0,0,0,190,0,0,0,0,0,0,0,0,0,0,0,0,0,0,0,0,0,0,0,0,0,0,0,0,0,0,0,112,0,0,0,0,0,0,0,0,0,0,0,0,0,0,0,0,0,0,0,0,0,0
B,Unid_Acidobacteriae,0,0,0,0,0,0,0,0,0,0,0,0,0,0,0,0,0,0,0,0,0,0,0,0,0,0,10,0,0,0,0,0,0,0,0,0,0,0,0,0,0,0,0,0,0,0,0,0,0,0,0,0,0,0,0,0,0,0,0,0,0,0,0,0,0,0,0,0,0,0,0,0,0,0,0,0,0,0,0,76,0,0,0,0,0,0,0,0,0,0,0,0,0,0,0,0,0,0,0,0,0,0
B,Unid_Acidobacteriae5,0,0,0,0,0,0,0,0,0,0,0,11,0,0,0,0,0,0,0,0,0,15,0,7,0,0,0,0,0,0,0,0,0,0,0,0,0,0,0,0,0,0,0,0,0,0,0,0,0,0,0,0,0,0,0,0,0,0,0,0,0,0,0,0,0,0,0,0,0,0,0,0,0,0,0,0,0,0,0,0,0,0,0,0,0,0,0,0,0,0,0,0,0,0,0,0,0,9,0,0,0,18
B,Unid_Acidobacteriae6,0,0,0,0,0,0,0,0,0,0,14,0,21,0,0,17,11,0,14,0,0,0,0,0,0,0,0,0,0,0,0,0,0,0,0,0,0,0,0,10,16,0,0,0,0,0,0,0,0,0,0,0,0,0,0,0,0,0,0,0,0,0,0,0,0,0,0,0,0,0,0,0,0,0,0,0,0,0,0,81,0,0,0,78,0,0,0,0,0,0,0,0,0,0,18,0,12,0,0,24,15,0
B,Unid_Acidobacteriae7,0,0,0,0,0,0,0,0,0,0,0,0,0,0,0,0,22,0,0,0,0,0,0,0,0,0,0,0,0,0,34,0,0,0,0,0,0,0,0,0,0,0,0,0,0,0,0,0,0,0,0,127,0,0,0,0,0,0,0,0,0,0,0,0,0,0,0,0,0,0,0,0,0,0,0,0,0,0,0,50,0,0,0,0,0,0,0,0,0,10,0,0,0,0,0,17,0,0,0,0,0,0
B,Candidatus_Solibacter_sp,0,0,0,0,0,0,0,0,0,0,0,0,0,0,0,0,0,0,0,0,0,0,0,0,0,0,0,0,0,0,0,0,0,0,0,0,0,0,23,0,0,0,0,0,0,0,0,0,0,0,0,0,0,0,0,0,0,0,0,0,0,0,0,0,0,0,0,0,0,0,0,0,0,0,0,0,0,0,0,0,0,0,0,0,46,0,0,0,0,0,37,0,0,0,0,0,0,0,0,0,0,0
B,Candidatus_Solibacter_sp8,0,0,0,0,0,0,0,0,0,0,0,0,0,0,0,0,0,0,0,0,0,0,0,0,0,0,0,0,0,0,0,0,0,0,0,0,0,0,0,0,0,0,0,0,0,0,0,0,0,0,0,0,0,0,0,0,0,0,0,0,0,0,0,0,0,0,0,0,0,0,0,0,0,0,0,0,0,0,0,0,0,0,0,0,30,0,0,0,0,0,0,0,0,0,0,0,0,0,0,0,0,0
B,Unid_Acidobacteriae9,0,0,0,0,0,0,0,0,0,0,0,0,0,0,0,0,0,0,0,0,0,0,0,0,0,0,0,0,0,0,0,0,0,0,0,0,0,0,0,0,0,0,0,0,0,0,0,0,0,0,0,0,0,0,0,0,0,0,0,0,0,0,0,0,0,0,0,0,0,0,0,0,0,0,0,0,0,0,0,28,0,0,0,0,25,0,0,0,0,0,0,0,0,0,0,0,0,0,0,0,0,0
B,Unid_Blastocatellia,0,0,0,0,0,0,0,0,0,0,0,0,0,0,0,0,0,0,0,0,0,0,0,0,0,0,0,0,0,0,0,0,0,0,0,0,0,0,0,0,0,0,0,0,0,0,0,0,0,0,0,0,0,0,0,0,0,0,0,0,0,0,0,0,0,0,0,0,0,0,0,0,0,0,0,0,0,0,0,0,0,0,0,0,0,0,0,0,0,0,13,0,0,0,0,0,0,0,0,0,0,0
B,Unid_Blastocatellaceae,0,0,0,65,63,0,0,56,0,0,0,0,0,28,0,18,0,23,0,0,0,0,0,112,0,43,0,64,0,70,0,89,0,0,0,0,63,0,42,0,0,0,0,0,0,0,0,0,0,0,0,0,0,0,0,0,0,0,0,0,0,0,0,0,0,0,0,0,0,0,0,0,0,0,0,0,0,0,0,54,0,0,0,0,0,0,0,0,0,0,0,0,0,57,0,44,0,0,0,0,0,0
B,Aridibacter_sp,0,0,0,0,0,0,0,0,0,0,0,0,0,0,0,0,0,0,0,0,0,0,0,0,0,0,0,0,0,0,0,0,0,0,0,0,0,0,0,0,0,0,0,0,0,0,0,0,0,0,0,0,0,0,0,0,0,0,0,0,0,0,0,0,0,0,0,0,0,0,0,0,0,0,0,0,0,0,0,0,0,0,0,0,47,0,0,0,0,0,0,0,0,0,0,0,0,0,0,0,0,0
B,Acidobacteria_bacterium,0,0,0,0,0,0,0,0,0,0,0,0,0,0,0,0,0,0,0,0,0,36,0,0,0,0,0,0,0,0,0,0,0,0,0,0,0,0,0,0,0,0,0,0,0,0,0,0,0,0,0,0,0,0,0,0,0,1,0,0,0,0,0,0,0,0,0,0,0,0,0,0,0,0,0,0,0,0,0,0,0,0,0,0,0,0,0,0,0,0,0,0,0,0,0,0,0,0,0,0,0,0
B,Unid_Blastocatellaceae10,0,80,57,0,0,48,130,0,44,48,85,0,158,80,0,0,0,0,75,0,63,0,89,0,59,0,114,0,45,0,0,0,0,0,61,0,0,98,75,71,0,61,0,0,0,0,0,0,0,0,0,0,0,0,0,0,0,0,0,0,0,0,0,0,0,0,0,0,0,0,0,0,0,0,0,0,0,0,0,94,0,0,0,0,0,0,0,0,0,204,106,97,100,0,0,0,0,103,0,120,0,50
B,Unid_Blastocatellaceae11,0,0,0,0,0,0,0,0,71,0,0,0,0,0,0,0,0,0,0,56,73,0,0,0,0,0,0,0,0,0,66,0,80,26,0,0,0,0,0,0,0,0,0,0,0,0,0,0,0,0,0,0,0,0,0,0,0,0,0,0,0,0,0,0,0,0,0,0,0,0,0,0,0,0,0,0,0,0,0,71,0,0,0,0,0,0,0,0,0,210,0,0,0,0,76,0,0,0,99,0,69,0
B,Unid_Blastocatellia12,0,20,0,0,0,0,35,0,32,0,0,0,0,0,0,0,0,0,0,0,0,0,0,19,0,19,22,0,15,0,0,39,0,0,0,0,0,0,0,0,0,31,0,0,0,0,0,0,0,0,0,157,0,0,0,0,0,0,0,0,0,0,0,0,0,0,0,0,0,0,0,0,0,0,0,0,0,0,0,0,0,0,0,0,0,0,0,0,0,101,0,34,0,0,0,0,32,34,0,0,39,0
B,Unid_Blastocatellia13,0,0,0,0,0,0,0,0,0,0,0,0,0,0,0,0,0,0,0,0,0,0,0,0,0,0,0,0,0,0,0,0,33,0,0,0,0,0,0,0,0,0,0,0,0,0,0,0,0,0,0,0,0,0,0,0,0,0,0,0,0,0,0,0,0,0,0,0,0,0,0,0,0,0,0,0,0,0,0,0,0,0,0,0,0,0,0,0,0,0,0,0,0,0,0,0,0,0,19,0,0,0
B,Unid_Blastocatellia14,0,0,0,0,0,0,0,0,0,0,0,0,0,0,0,0,0,0,0,0,0,0,0,0,0,0,0,0,0,0,0,0,0,0,0,0,0,0,0,0,0,0,0,0,0,0,0,0,0,0,0,0,0,0,0,0,0,0,0,0,0,0,0,0,0,0,0,0,0,0,0,0,0,0,0,0,0,0,0,0,0,0,0,0,0,0,0,0,0,0,0,0,44,0,0,0,0,0,0,0,0,0
B,Unid_Blastocatellia15,0,0,0,0,0,0,0,0,0,0,0,0,0,0,0,0,0,0,0,0,0,0,0,0,0,0,0,0,0,0,0,0,0,0,0,0,0,0,0,0,0,0,0,0,0,0,0,0,0,0,0,0,0,0,0,0,0,0,0,0,0,0,0,0,0,0,0,0,0,0,0,0,0,0,0,0,0,0,0,65,0,0,0,0,0,0,0,0,0,0,31,0,0,0,0,0,0,0,0,0,0,0
B,Unid_Blastocatellia16,0,0,0,0,0,0,0,0,0,0,0,0,0,0,0,0,0,0,0,0,0,0,1,0,0,0,0,0,0,0,0,0,0,0,0,0,0,0,0,0,0,0,0,0,0,0,0,0,0,0,0,0,0,0,0,0,0,0,0,0,0,0,0,0,0,0,0,0,0,0,0,0,0,0,0,0,0,0,0,62,0,0,0,0,0,0,0,0,0,171,0,0,0,0,0,0,0,0,0,0,0,0
B,Unid_Pyrinomonadaceae,0,188,0,157,111,78,242,129,257,94,166,121,218,129,77,79,111,72,210,130,232,93,112,137,193,186,243,142,84,151,200,0,119,84,172,149,163,351,236,0,90,151,0,0,0,0,0,0,0,0,0,0,0,0,0,0,0,0,0,0,0,0,0,0,0,0,0,0,0,0,0,0,0,0,0,0,0,0,0,29,0,0,0,0,30,0,0,0,0,0,287,167,273,106,155,138,0,147,0,0,199,0
B,uncultivated_soil,0,0,0,0,0,0,0,0,0,0,0,0,0,0,0,0,0,0,0,0,0,0,0,0,0,0,0,0,0,0,0,0,0,0,0,0,0,0,0,0,0,0,0,0,0,0,0,0,0,0,0,0,0,0,0,0,0,0,0,0,0,0,0,0,0,0,0,0,0,0,0,0,0,0,0,0,0,0,0,96,0,0,0,0,71,0,0,0,0,108,0,0,0,0,0,0,0,0,0,0,0,0
B,Unid_Pyrinomonadaceae17,0,0,137,0,75,0,0,70,0,0,0,80,0,61,84,48,0,0,0,0,28,0,0,0,0,0,0,0,51,92,0,294,115,0,0,0,0,86,0,0,75,0,0,0,0,0,0,0,0,0,0,0,0,0,0,0,0,0,0,0,0,0,0,0,0,0,0,0,0,0,0,0,0,0,0,0,0,0,0,71,0,0,0,0,0,0,0,0,0,0,0,38,0,39,0,0,0,0,130,153,0,105
B,Unid_Pyrinomonadaceae18,0,0,0,0,0,0,0,0,0,0,0,0,0,0,0,0,0,0,0,0,0,0,0,0,0,0,0,0,0,0,0,0,0,0,0,0,0,0,0,183,0,0,0,0,0,0,0,0,0,0,0,63,0,0,0,0,0,0,0,0,0,0,0,0,0,0,0,0,0,0,0,0,0,0,0,0,0,0,0,0,0,0,0,0,0,0,0,0,0,0,0,0,0,0,0,0,0,0,0,0,0,0
B,Unid_Pyrinomonadaceae19,0,0,0,0,0,0,0,0,8,0,0,0,0,0,0,0,0,0,0,0,0,0,0,0,0,0,0,0,0,0,0,0,0,0,0,0,0,0,0,0,0,0,0,0,0,0,0,0,0,0,0,0,0,0,0,0,0,0,0,0,0,0,0,0,0,0,0,0,0,0,0,0,0,0,0,0,0,0,0,0,0,0,0,189,0,0,0,0,0,0,0,0,0,0,0,0,0,0,0,0,0,0
B,Geothrix_sp,0,0,0,0,0,0,0,0,0,0,0,0,0,0,0,0,0,0,0,0,0,0,0,0,0,0,0,0,0,0,0,0,0,0,0,0,0,0,0,0,0,0,0,0,0,0,0,0,0,0,0,0,0,0,0,0,0,0,0,0,0,0,0,0,0,0,0,0,0,0,0,0,0,0,0,0,0,0,0,0,0,0,0,103,45,0,0,0,0,0,0,0,0,0,0,0,0,0,0,0,0,0
B,Geothrix_sp20,0,0,0,0,0,0,0,0,0,0,0,0,0,0,0,0,0,0,0,0,0,0,0,0,0,0,0,0,0,0,0,0,0,0,0,0,0,0,0,0,0,0,0,0,0,0,0,0,0,0,0,0,0,0,0,0,0,0,0,0,0,0,0,0,0,0,0,0,0,0,0,0,0,0,0,0,0,0,0,93,0,0,0,0,23,0,0,0,0,0,0,0,0,0,0,0,0,0,0,0,0,0
B,Unid_Holophagae,0,110,0,0,21,49,0,57,136,0,0,0,0,0,0,0,73,82,0,0,0,128,0,0,50,0,77,0,0,0,0,167,0,0,49,0,0,61,28,0,0,63,0,0,0,0,0,0,0,0,0,0,0,0,0,0,0,0,0,0,0,0,0,0,0,0,0,0,0,0,0,0,0,0,0,0,0,0,0,0,0,0,0,0,0,0,0,0,0,0,0,187,58,0,0,0,0,0,51,93,0,100
B,Unid_Holophagae21,98,0,188,87,40,0,113,0,0,63,0,51,72,159,0,124,0,0,0,0,189,0,83,124,130,101,44,31,71,0,112,0,94,52,0,63,124,139,95,91,75,0,0,0,0,0,0,0,0,0,0,106,0,0,0,0,0,0,0,0,0,0,0,0,0,0,0,0,0,0,0,0,0,0,0,0,0,0,0,0,0,0,0,0,0,0,0,0,0,0,0,0,123,0,83,90,195,0,87,0,0,0
B,Unid_Holophagae22,0,0,0,0,0,0,0,0,0,0,0,0,0,0,0,0,0,0,0,0,0,0,0,0,0,0,0,0,0,0,0,0,1,0,0,0,0,0,0,0,0,0,0,0,0,0,0,0,0,0,0,0,0,0,0,0,0,0,0,0,0,0,0,0,0,0,0,0,0,0,0,0,0,0,0,0,0,0,0,0,0,0,0,0,0,0,0,0,0,0,0,0,0,0,0,0,0,0,0,0,0,0
B,Unid_Acidobacteriota,0,0,0,0,0,0,0,0,27,0,17,0,0,0,0,0,0,0,12,0,32,0,0,0,0,0,14,0,0,17,0,0,0,20,0,0,19,39,21,0,0,25,0,0,0,0,0,0,0,0,0,0,0,0,0,0,0,0,0,0,0,0,0,0,0,0,0,0,0,0,0,0,0,0,0,0,0,0,0,46,0,0,0,0,0,0,0,0,0,0,0,0,0,0,0,0,25,25,0,0,41,0
B,Unid_Acidobacteriota23,43,57,39,0,55,0,79,55,0,0,73,86,107,76,0,0,0,0,31,41,0,78,62,0,56,55,0,0,35,43,74,0,0,0,62,0,0,69,57,0,0,75,0,0,0,0,0,0,0,0,0,0,0,0,0,0,0,0,0,0,0,0,0,0,0,0,0,0,0,0,0,0,0,0,0,0,0,0,0,68,0,0,0,0,0,0,0,0,0,0,0,103,0,0,63,0,40,83,0,0,0,59
B,Unid_Acidobacteriota24,0,0,0,0,0,5,0,0,0,0,0,0,0,0,0,0,0,0,0,0,0,0,0,0,0,0,24,0,0,0,0,0,0,0,0,0,6,0,0,0,0,0,0,0,0,0,0,0,0,0,0,5,0,0,0,0,0,0,0,0,0,0,0,0,0,0,0,0,0,0,0,0,0,0,0,0,0,0,0,102,0,0,0,0,0,0,0,0,0,0,0,0,0,0,0,0,0,0,40,0,0,0
B,Unid_Acidobacteriota25,0,0,0,0,0,0,0,0,57,64,0,0,0,0,0,63,0,0,0,0,77,0,0,0,0,0,0,41,0,0,1,0,0,0,0,56,0,0,0,0,63,0,0,0,0,0,0,0,0,0,0,0,0,0,0,0,0,0,0,0,0,0,0,0,0,0,0,0,0,0,0,0,0,0,0,0,0,0,0,0,0,0,0,0,0,0,0,0,0,0,86,0,0,0,0,44,0,0,0,79,102,0
B,Unid_Thermoanaerobaculaceae,0,0,0,0,0,0,0,0,0,0,0,0,0,0,0,0,0,0,0,0,0,0,0,0,0,0,0,0,0,0,0,0,0,0,4,0,0,0,0,0,0,0,0,0,0,0,0,0,0,0,0,0,0,0,0,0,0,0,0,0,0,0,0,0,0,0,0,0,0,0,0,0,0,0,0,0,0,0,0,0,0,0,0,0,0,0,0,0,0,0,0,0,0,0,0,0,0,0,0,0,0,0
B,Acidobacteria_bacterium26,0,0,0,0,0,0,0,0,0,0,0,0,0,0,0,0,0,0,0,0,0,0,0,0,0,0,0,0,0,0,0,0,0,0,0,0,0,0,0,0,0,12,0,0,0,0,0,0,0,0,0,0,0,0,0,0,0,0,0,0,0,0,0,0,0,0,0,0,0,0,0,0,0,0,0,0,0,0,0,0,0,0,0,0,0,0,0,0,0,0,0,0,0,0,0,0,6,0,0,0,0,0
B,Unid_Thermoanaerobaculaceae27,0,0,0,0,0,0,0,0,0,0,11,0,0,0,0,0,0,0,0,0,0,0,0,0,0,16,0,0,12,0,0,0,0,0,0,0,0,20,0,16,0,0,0,0,0,0,0,0,0,0,0,0,0,0,0,0,0,0,0,0,0,0,0,0,0,0,0,0,0,0,0,0,0,0,0,0,0,0,0,0,0,0,0,0,0,0,0,0,0,0,0,0,0,0,0,0,0,0,0,24,21,0
B,Unid_Vicinamibacteria,0,0,0,0,1,0,1,2,80,0,94,0,0,1,13,34,106,0,0,64,0,0,1,84,0,0,54,0,0,33,2,0,0,60,2,1,2,2,0,0,0,64,0,0,0,0,0,0,0,0,0,0,0,0,0,0,0,0,0,0,0,0,0,0,0,0,0,0,0,0,0,0,0,0,0,0,0,0,0,0,0,0,0,0,0,0,0,0,0,0,86,2,0,0,0,0,0,0,0,0,0,2
B,Unid_Vicinamibacteria28,0,0,0,0,0,0,0,0,0,77,0,0,0,0,0,57,0,0,0,0,0,0,0,0,0,0,0,0,0,0,0,0,0,0,0,0,0,0,0,0,0,0,0,0,0,0,0,0,0,0,0,0,0,0,0,0,0,0,0,0,0,0,0,0,0,0,0,0,0,0,0,0,0,0,0,0,0,0,0,0,0,0,0,0,0,0,0,0,0,0,0,0,0,0,0,0,0,59,0,0,0,0
B,Unid_Vicinamibacteria29,0,0,0,0,0,0,0,0,0,0,0,0,0,0,0,0,0,0,116,0,148,0,0,0,0,0,0,40,0,0,0,65,0,0,0,0,0,0,0,142,0,0,0,0,0,0,0,0,0,0,0,0,0,0,0,0,0,0,0,0,0,0,0,0,0,0,0,0,0,0,0,0,0,0,0,0,0,0,0,0,0,0,0,0,0,0,0,0,0,0,0,0,0,0,0,0,1,0,0,0,0,0
B,Unid_Vicinamibacteria30,0,0,1,0,0,0,0,0,0,0,0,0,0,0,0,0,0,0,0,0,0,0,0,0,0,0,0,0,0,0,0,0,0,0,0,0,0,0,0,0,0,0,0,0,0,0,0,0,0,0,0,0,0,0,0,0,0,0,0,0,0,0,0,0,0,0,0,0,0,0,0,0,0,0,0,0,0,0,0,0,0,0,0,0,0,0,0,0,0,0,0,0,0,0,0,0,0,0,0,0,0,0
B,Unid_Vicinamibacteria31,0,0,0,0,0,0,0,0,0,0,15,0,0,0,0,0,0,0,0,0,0,0,0,0,0,0,0,0,0,22,12,0,0,0,0,0,0,0,0,0,0,0,0,0,0,0,0,0,0,0,0,0,0,0,0,0,0,0,0,0,0,0,0,0,0,0,0,0,0,0,0,0,0,0,0,0,0,0,0,0,0,0,0,0,0,0,0,0,0,0,0,0,0,0,0,0,0,0,0,0,0,0
B,Unid_Vicinamibacterales,268,745,863,126,72,131,751,205,527,459,78,118,697,402,276,485,312,237,675,459,868,913,449,477,525,551,477,355,598,561,615,787,331,119,395,432,196,326,571,362,473,327,0,0,0,0,0,0,0,0,0,0,0,0,0,0,0,0,0,0,0,0,0,0,0,0,0,0,0,0,0,0,0,0,0,0,0,0,0,0,0,0,0,0,0,0,0,0,0,0,568,688,630,389,648,278,599,586,37,560,246,356
B,Unid_Vicinamibacterales32,3,0,0,0,0,0,0,0,0,190,0,0,0,127,0,0,0,0,0,0,0,0,0,157,0,0,0,0,0,0,0,63,0,0,0,0,106,0,0,0,5,0,0,0,0,0,0,0,0,0,0,,0,0,0,0,0,,0,0,0,0,0,0,0,0,0,0,0,0,0,0,0,0,0,0,0,0,,,0,0,0,,0,0,0,0,0,,168,0,0,0,0,0,0,61,0,1,180,0
B,Unid_Vicinamibacterales33,0,0,0,0,0,120,0,0,0,0,0,24,0,0,0,0,15,0,0,0,0,0,54,0,0,0,0,0,58,0,62,0,0,33,0,0,0,0,0,23,0,0,0,0,0,0,0,0,0,0,0,0,0,0,0,0,0,0,0,0,0,0,0,0,0,0,0,0,0,0,0,0,0,0,0,0,0,0,0,0,0,0,0,0,0,0,0,0,0,0,0,2,0,0,0,0,0,0,26,0,25,0
B,Unid_Vicinamibacterales34,0,0,0,0,0,0,0,0,0,21,0,0,0,14,0,0,60,43,0,0,58,0,0,0,0,0,0,0,0,15,1,0,0,24,0,0,0,0,0,0,0,0,0,0,0,0,0,0,0,0,0,0,0,0,0,0,0,0,0,0,0,0,0,0,0,0,0,0,0,0,0,0,0,0,0,0,0,0,0,0,0,0,0,0,0,0,0,0,0,0,0,0,0,0,0,0,0,0,19,0,0,0
B,Unid_Vicinamibacterales35,0,0,0,0,0,23,0,0,0,0,0,0,0,60,0,46,0,0,1,0,0,45,1,51,0,0,0,0,0,0,0,0,0,0,67,31,0,0,0,36,0,0,0,0,0,0,0,0,0,0,0,0,0,0,0,0,0,0,0,0,0,0,0,0,0,0,0,0,0,0,0,0,0,0,0,0,0,0,0,0,0,0,0,0,0,0,0,0,0,0,0,0,0,19,0,51,0,0,0,0,82,0
B,Unid_Vicinamibacterales36,47,52,42,183,44,141,62,40,198,0,246,119,188,53,290,13,122,0,64,122,1,23,21,59,126,21,151,48,112,144,55,1,183,0,63,136,219,1,91,75,137,182,0,0,0,0,0,0,0,0,0,0,0,0,0,0,0,0,0,0,0,0,0,0,0,0,0,0,0,0,0,0,0,0,0,0,0,0,0,0,0,0,0,0,0,0,0,0,0,0,256,32,139,390,52,105,148,64,14,78,161,155
B,Unid_Vicinamibacterales37,0,0,0,0,0,0,0,1,0,0,0,11,0,0,0,0,0,0,0,0,0,0,51,0,0,0,0,0,0,0,0,0,0,0,0,0,0,0,0,0,0,0,0,0,0,0,0,0,0,0,0,0,0,0,0,0,0,0,0,0,0,0,0,0,0,0,0,0,0,0,0,0,0,0,0,0,0,0,0,0,0,0,0,0,0,0,0,0,0,0,0,1,1,0,0,0,0,0,0,0,0,0
B,Unid_Vicinamibacterales38,0,0,0,0,0,0,0,0,0,0,0,0,0,0,0,0,0,0,0,0,1,0,0,0,0,0,0,0,0,0,0,0,0,0,0,0,0,0,0,0,0,0,0,0,0,0,0,0,0,0,0,,0,0,0,0,0,,0,0,0,0,0,0,0,0,0,0,0,0,0,0,0,0,0,0,0,0,,,0,0,0,,0,0,0,0,0,,0,0,0,0,0,0,0,0,0,0,0,0
B,Unid_Vicinamibacteraceae,0,1,0,0,0,0,0,0,20,0,0,0,0,0,0,0,0,0,0,0,0,1,2,0,0,0,20,0,0,0,0,0,1,0,0,0,0,0,0,0,18,0,0,0,0,0,0,0,0,0,0,0,0,0,0,0,0,0,0,0,0,0,0,0,0,0,0,0,0,0,0,0,0,0,0,0,0,0,0,0,0,0,0,0,0,0,0,0,0,0,0,0,0,0,0,0,0,4,0,0,0,0
B,Unid_Vicinamibacteraceae39,0,0,0,0,0,0,0,0,0,0,0,0,0,0,0,0,0,0,0,0,0,0,2,1,0,0,0,0,0,0,0,0,0,0,21,0,0,0,0,0,0,0,0,0,0,0,0,0,0,0,0,0,0,0,0,0,0,0,0,0,0,0,0,0,0,0,0,0,0,0,0,0,0,0,0,0,0,60,0,0,0,0,0,0,0,0,0,0,0,0,0,0,0,0,0,0,0,0,0,0,0,0
B,Unid_Vicinamibacteraceae40,0,0,0,0,0,0,0,0,0,0,0,0,0,0,0,0,0,0,0,0,0,0,0,14,21,0,0,0,0,0,0,0,0,0,0,0,0,0,25,0,0,0,0,0,0,0,0,0,0,0,0,0,0,0,0,0,0,0,0,0,0,0,0,0,0,0,0,0,0,0,0,0,0,0,0,0,0,0,0,0,0,0,0,0,0,0,0,0,0,0,0,0,0,0,0,0,0,0,0,0,0,0
B,Vicinamibacteraceae_sp,323,505,667,366,177,205,604,373,645,638,602,361,432,525,495,332,496,504,319,117,481,678,317,444,494,557,784,415,634,670,703,535,561,522,645,371,623,647,322,630,710,715,0,0,0,0,0,0,0,0,0,0,0,0,0,0,0,0,0,0,0,0,0,0,0,0,0,0,0,0,0,0,0,0,0,0,0,0,0,0,0,0,0,0,0,0,0,0,0,0,403,704,392,439,731,721,632,370,458,592,355,439
B,Vicinamibacteraceae_sp41,0,0,0,0,0,0,66,0,0,0,0,0,19,0,0,0,0,0,0,0,0,0,0,0,0,0,0,0,0,0,0,0,0,0,0,0,0,0,0,0,0,0,0,0,0,0,0,0,0,0,0,0,0,0,0,0,0,0,0,0,0,0,0,0,0,0,0,0,0,0,0,0,0,0,0,0,0,0,0,0,0,0,0,0,0,0,0,0,0,0,0,0,0,0,0,0,0,0,0,0,0,0
B,Vicinamibacteraceae_sp42,0,0,0,0,0,0,0,0,0,0,0,0,0,0,0,0,0,0,0,0,0,0,0,0,0,0,0,0,0,0,0,0,0,0,0,0,0,0,0,0,0,0,0,0,0,0,0,0,0,0,0,0,0,0,0,0,0,0,0,0,0,0,0,0,0,0,0,0,0,0,0,0,0,0,0,0,0,0,0,0,0,0,0,0,0,0,0,0,0,0,0,0,0,0,0,0,0,0,0,0,38,0
B,Vicinamibacteraceae_sp43,0,0,0,0,0,0,0,0,0,0,0,0,0,0,0,0,0,0,0,0,0,0,0,0,0,0,0,0,0,0,0,0,0,0,0,0,0,0,0,0,0,0,0,0,0,0,0,0,0,0,0,0,0,0,0,0,0,0,0,0,0,0,0,0,0,0,0,0,0,0,0,0,0,0,0,0,0,0,0,0,0,0,0,0,0,0,0,0,0,0,33,0,0,0,0,0,0,0,0,0,0,0
B,Vicinamibacteraceae_sp44,0,0,0,0,0,0,0,0,0,0,0,0,0,0,0,0,0,0,0,0,0,0,0,0,0,0,0,0,0,0,1,0,0,0,0,0,0,0,0,0,0,0,0,0,0,0,0,0,0,0,0,0,0,0,0,0,0,0,0,0,0,0,0,0,0,0,0,0,0,0,0,0,0,0,0,0,0,0,0,0,0,0,0,0,0,0,0,0,0,0,0,0,0,0,0,1,0,0,0,0,0,0
B,Vicinamibacteraceae_sp45,61,0,193,62,151,143,56,154,73,185,88,84,256,0,239,0,109,113,185,156,197,55,96,145,0,34,30,225,99,115,0,0,164,0,36,43,0,0,72,101,200,0,0,0,0,0,0,0,0,0,0,0,0,0,0,0,0,0,0,0,0,0,0,0,0,0,0,0,0,0,0,0,0,0,0,0,0,0,0,0,0,0,0,0,0,0,0,0,0,0,122,190,0,172,25,94,0,61,0,0,219,195
B,Vicinamibacteraceae_sp46,0,0,0,0,0,0,0,0,0,0,0,0,0,0,0,0,0,0,0,0,0,0,0,0,0,0,26,0,0,0,0,0,0,0,0,0,0,0,0,0,0,0,0,0,0,0,0,0,0,0,0,0,0,0,0,0,0,0,0,0,0,0,0,0,0,0,0,0,0,0,0,0,0,0,0,0,0,0,0,0,0,0,0,0,0,0,0,0,0,0,0,0,0,0,0,0,0,0,0,0,0,0
B,Vicinamibacteraceae_sp47,0,0,0,0,0,0,0,0,0,0,95,52,0,0,0,0,0,0,0,0,0,0,0,0,0,0,0,0,0,0,0,0,0,0,0,0,0,0,0,0,0,0,0,0,0,0,0,0,0,0,0,0,0,0,0,0,0,0,0,0,0,0,0,0,0,0,0,0,0,0,0,0,0,0,0,0,0,0,0,0,0,0,0,0,0,0,0,0,0,0,0,0,70,0,0,93,27,0,0,0,0,0
B,Vicinamibacteraceae_sp48,0,0,0,0,0,1,0,0,0,0,0,0,0,0,0,0,0,0,0,0,0,0,0,1,0,0,0,0,0,0,0,0,0,0,0,0,0,0,0,0,0,0,0,0,0,0,0,0,0,0,0,0,0,0,0,0,0,0,0,0,0,0,0,0,0,0,0,0,0,0,0,0,0,0,0,0,0,0,0,0,0,0,0,0,0,0,0,0,0,0,0,0,2,0,0,0,0,2,3,0,0,0
B,Unid_Actinomarinales,76,94,37,82,0,66,0,93,72,70,86,69,71,97,0,0,0,33,0,79,116,101,78,104,92,72,121,78,0,100,73,129,87,0,93,78,54,0,0,95,68,136,0,0,0,0,0,0,0,0,0,0,0,0,0,0,0,0,0,0,0,0,0,0,0,0,0,0,0,0,0,0,0,0,0,0,0,0,0,0,0,0,0,0,0,0,0,0,0,0,0,93,80,94,83,91,118,0,79,77,126,91
B,Unid_Actinomarinales49,0,0,0,0,59,0,0,0,0,0,0,0,49,0,0,0,0,0,0,37,0,0,0,44,0,0,0,69,49,0,0,64,66,0,0,0,0,0,0,0,75,0,0,0,0,0,0,0,0,0,0,0,0,0,0,0,0,0,0,0,0,0,0,0,0,0,0,0,0,0,0,0,0,0,0,0,0,0,0,0,0,0,0,0,0,0,0,0,0,0,78,0,0,40,60,57,0,36,0,0,0,54
B,Unid_Actinomarinales50,0,0,0,0,86,0,114,0,0,0,0,0,0,0,40,57,30,0,114,0,0,0,0,0,0,0,0,0,69,0,0,0,0,40,0,0,0,92,84,0,0,0,0,0,0,0,0,0,0,0,0,0,0,0,0,0,0,0,0,0,0,0,0,0,0,0,0,0,0,0,0,0,0,0,0,0,0,0,0,0,0,0,0,0,0,0,0,0,0,0,142,0,0,0,0,0,0,76,0,0,0,0
B,Unid_Acidimicrobiia,199,0,32,141,149,0,148,2,295,0,110,147,62,1,97,39,0,0,106,0,80,101,138,126,170,0,8,0,0,0,0,165,69,0,26,0,212,266,0,43,13,223,0,0,0,0,0,0,0,0,0,0,0,0,0,0,0,0,0,0,0,0,0,0,0,0,0,0,0,0,0,0,0,0,0,0,0,0,0,0,0,0,0,0,19,0,0,0,0,0,152,0,0,0,0,0,240,121,0,158,247,120
B,Unid_Acidimicrobiia51,0,0,0,14,0,0,0,0,39,0,0,0,0,22,0,0,18,0,84,88,0,21,0,0,0,69,0,0,0,105,23,0,0,0,0,66,0,0,0,92,65,0,0,0,0,0,0,0,0,0,0,0,0,0,0,0,0,0,0,0,0,0,0,0,0,0,0,0,0,0,0,0,0,0,0,0,0,0,0,0,0,0,0,0,0,0,0,0,0,0,0,78,130,1,159,37,0,0,47,15,0,0
B,Unid_Acidimicrobiia52,0,0,0,0,0,0,0,0,0,0,0,0,0,0,0,0,0,0,0,0,0,0,0,0,0,0,0,0,0,0,0,0,0,0,0,0,0,75,0,0,0,0,0,0,0,0,0,0,0,0,0,0,0,0,0,0,0,0,0,0,0,0,0,0,0,0,0,0,0,0,0,0,0,0,0,0,0,0,0,0,0,0,0,0,0,0,0,0,0,0,0,0,0,0,0,0,0,0,0,0,56,0
B,Unid_Acidimicrobiia53,0,0,0,0,0,0,0,0,0,0,0,0,0,2,0,0,0,0,0,0,0,0,0,0,0,0,0,0,0,3,0,1,0,2,0,0,0,0,0,0,0,0,0,0,0,0,0,0,0,0,0,0,0,0,0,0,0,0,0,0,0,0,0,0,0,0,0,0,0,0,0,0,0,0,0,0,0,0,0,0,0,0,0,0,0,0,0,0,0,0,0,0,0,0,0,3,0,0,5,0,0,0
B,Unid_Acidimicrobiia54,0,0,116,0,0,0,0,90,0,0,0,0,0,0,0,8,0,0,0,0,61,0,61,0,0,81,129,113,0,0,0,0,0,0,0,0,0,0,0,0,0,0,0,0,0,0,0,0,0,0,0,0,0,0,0,0,0,0,0,0,0,0,0,0,0,0,0,0,0,0,0,0,0,0,0,0,0,0,0,0,0,0,0,0,0,0,0,0,0,0,0,0,0,0,0,100,103,37,67,0,66,0
B,Unid_Acidimicrobiia55,0,0,0,0,0,0,0,0,0,0,0,0,0,0,0,0,0,0,0,0,0,0,0,0,0,0,0,0,0,0,0,0,0,0,0,0,0,0,0,0,0,0,0,0,0,0,0,0,0,0,0,,0,0,0,0,0,,0,0,0,0,0,0,0,0,0,0,0,0,0,0,0,0,0,0,0,0,,,0,0,0,,0,0,0,0,0,,0,0,0,45,0,0,0,0,0,0,0,0
B,Iamia_sp,0,72,77,61,0,70,0,73,0,112,76,0,81,50,0,0,28,0,54,0,0,94,71,0,0,0,65,62,29,96,71,0,0,0,93,0,0,0,46,68,102,0,0,0,0,0,0,0,0,0,0,,0,0,0,0,0,,0,0,0,0,0,0,0,0,0,0,0,0,0,0,0,0,0,0,0,0,,,0,0,0,,0,0,0,0,0,,0,71,49,60,63,81,0,0,0,0,129,115
B,Iamia_sp56,0,0,0,0,0,0,0,0,0,0,0,0,0,0,0,0,0,0,0,0,0,0,0,0,0,0,0,0,0,0,0,0,31,0,0,0,0,0,0,0,0,0,0,0,0,0,0,0,0,0,0,0,0,0,0,0,0,0,0,0,0,0,0,0,0,0,0,0,0,0,0,0,0,0,0,0,0,0,0,0,0,0,0,0,0,0,0,0,0,0,0,0,0,0,0,0,0,0,0,0,0,0
B,Iamia_sp57,0,0,0,0,0,0,0,39,0,0,45,0,0,0,0,0,0,45,0,0,0,0,61,52,0,0,0,48,0,0,0,0,0,52,0,0,0,0,0,0,0,68,0,0,0,0,0,0,0,0,0,0,0,0,0,0,0,0,0,0,0,0,0,0,0,0,0,0,0,0,0,0,0,0,0,0,0,0,0,0,0,0,0,0,0,0,0,0,0,0,0,0,0,0,0,55,0,0,0,0,0,0
B,Iamia_sp58,0,0,0,0,0,0,0,0,0,0,0,0,0,0,0,0,0,0,0,0,0,0,0,0,0,0,0,0,0,0,0,0,0,0,0,0,0,0,0,0,0,0,0,0,0,0,0,0,0,0,0,0,0,0,0,0,0,0,0,0,0,0,0,0,0,0,0,0,0,0,0,0,0,0,0,0,0,0,0,0,0,0,0,0,29,0,0,0,0,0,0,0,0,0,0,0,0,0,0,0,0,0
B,Unid_Ilumatobacteraceae,99,0,143,112,0,0,0,0,0,0,0,0,78,0,0,0,0,0,0,0,0,0,0,0,0,0,0,0,0,0,0,0,189,103,0,0,0,0,0,0,0,0,0,0,0,0,0,0,0,0,0,,0,0,0,0,0,,0,0,0,0,0,0,0,0,0,0,0,0,0,0,0,0,0,0,0,0,,,0,0,0,,0,0,0,0,0,,0,0,0,0,0,0,0,0,0,0,0,157
B,Unid_Ilumatobacteraceae59,0,0,0,0,0,0,0,0,0,0,0,0,0,0,0,0,0,0,0,0,0,0,0,0,0,0,0,0,0,0,0,0,0,0,0,0,0,0,0,0,0,0,0,0,0,0,0,0,0,0,0,0,0,0,0,0,0,0,0,0,0,0,0,0,0,0,0,0,0,0,0,0,0,0,0,0,0,0,0,0,0,0,0,0,58,0,0,0,0,0,0,0,0,0,0,0,0,0,0,0,0,0
B,Ilumatobacter_sp,0,0,0,0,0,0,0,0,0,0,0,0,0,0,0,0,0,0,0,0,0,0,0,42,0,0,0,0,0,47,0,0,0,0,0,0,0,0,0,0,0,0,0,0,0,0,0,0,0,0,0,0,0,0,0,0,0,0,0,0,0,0,0,0,0,0,0,0,0,0,0,0,0,0,0,0,0,0,0,0,0,0,0,0,0,0,0,0,0,0,0,0,0,0,0,0,0,0,0,0,0,0
B,Ilumatobacter_sp60,0,0,0,0,0,0,0,0,0,0,0,0,0,0,0,0,0,0,0,0,0,0,0,0,0,0,0,0,0,0,0,0,0,0,0,0,0,0,0,0,0,0,0,0,0,0,0,0,0,0,0,0,0,0,0,0,0,0,0,0,0,0,0,0,0,0,0,0,0,0,0,0,0,0,0,0,0,0,0,0,0,0,0,0,0,0,0,0,0,0,0,0,0,0,0,0,0,0,0,82,0,0
B,Unid_Ilumatobacteraceae61,0,10,43,0,178,0,0,0,0,0,0,0,47,1,144,0,38,68,94,199,0,6,0,0,0,0,217,0,0,42,138,0,0,0,199,137,0,0,0,248,183,134,0,0,0,0,0,0,0,0,0,0,0,0,0,0,0,0,0,0,0,0,0,0,0,0,0,0,0,0,0,0,0,0,0,0,0,0,0,0,0,0,0,0,0,0,0,0,0,0,0,0,186,0,163,0,28,0,198,154,0,0
B,Unid_Ilumatobacteraceae62,0,0,0,0,0,0,0,0,0,0,0,9,0,0,0,0,0,0,0,0,0,0,29,0,0,0,0,0,0,0,0,25,0,0,0,2,0,6,0,0,0,0,0,0,0,0,0,0,0,0,0,0,0,0,0,0,0,0,0,0,0,0,0,0,0,0,0,0,0,0,0,0,0,0,0,0,0,0,0,0,0,0,0,0,0,0,0,0,0,0,0,0,0,0,0,0,0,0,0,0,0,0
B,Unid_Ilumatobacteraceae63,0,0,0,0,0,0,0,223,0,0,0,0,0,10,0,0,0,0,0,0,0,204,210,101,0,0,0,171,0,108,0,0,0,0,0,0,0,0,0,0,0,0,0,0,0,0,0,0,0,0,0,,0,0,0,0,0,,0,0,0,0,0,0,0,0,0,0,0,0,0,0,0,0,0,0,0,0,,,0,0,0,,0,0,0,0,0,,0,0,0,0,0,1,0,0,0,34,171,0
B,Unid_Ilumatobacteraceae64,1,0,0,0,0,51,98,0,0,88,31,0,0,0,0,0,0,0,0,0,0,0,0,0,21,0,0,4,0,0,0,0,0,0,0,0,43,0,0,0,0,0,0,0,0,0,0,0,0,0,0,168,0,0,0,0,0,0,0,0,0,0,0,0,0,0,0,0,0,0,0,0,0,0,0,0,0,0,0,0,0,0,0,0,0,0,0,0,0,0,0,0,0,0,0,0,59,0,0,0,0,0
B,Microtrichales_sp,0,0,0,0,0,0,0,0,0,0,0,0,0,0,0,0,0,0,0,0,0,0,0,0,3,0,0,0,115,0,0,0,0,0,0,0,0,0,0,0,0,0,0,0,0,0,0,0,0,0,0,0,0,0,0,0,0,0,0,0,0,0,0,0,0,0,0,0,0,0,0,0,0,0,0,0,0,0,0,71,0,0,0,0,0,0,0,0,0,0,0,0,0,0,0,0,0,0,0,0,0,0
B,Unid_Microtrichales,0,0,0,0,0,0,0,0,0,0,0,0,0,0,105,0,0,0,0,0,0,0,0,0,0,0,0,0,116,0,0,0,145,0,0,0,0,0,0,32,0,35,0,0,0,0,0,0,0,0,0,0,0,0,0,0,0,0,0,0,0,0,0,0,0,0,0,0,0,0,0,0,0,0,0,0,0,0,0,49,0,0,0,0,0,0,0,0,0,0,0,0,0,0,1,0,0,0,0,0,0,0
B,Unid_Microtrichales65,32,0,0,0,0,0,0,0,0,0,0,0,0,0,0,0,0,0,0,0,0,0,0,0,0,0,0,0,0,0,0,0,0,0,0,0,0,0,0,0,0,0,0,0,0,0,0,0,0,0,0,0,0,0,0,0,0,0,0,0,0,0,0,0,0,0,0,0,0,0,0,0,0,0,0,0,0,0,45,60,0,0,0,0,0,0,0,0,0,0,0,0,0,0,0,0,0,0,0,0,0,0
B,Unid_Microtrichales66,0,0,0,0,16,45,29,0,0,0,0,0,0,0,0,0,0,0,0,0,50,0,0,0,0,0,0,0,0,0,0,0,0,0,0,39,0,24,0,0,0,0,0,0,0,0,0,0,0,0,0,0,0,0,0,0,0,0,0,0,0,0,0,0,0,0,0,0,0,0,0,0,0,0,0,0,0,0,0,63,0,0,0,0,0,0,0,0,0,0,35,0,41,0,0,0,0,30,18,0,0,0
B,Unid_Actinobacteria,0,0,0,0,0,0,0,0,0,0,0,0,0,0,0,0,0,0,0,0,0,0,0,0,0,0,0,0,0,0,0,0,0,1,0,0,0,0,0,0,17,0,0,0,0,0,0,0,0,0,0,0,0,0,0,0,0,0,0,0,0,0,0,0,0,0,0,0,0,0,0,0,0,0,0,0,0,0,0,81,0,0,0,0,0,0,0,0,0,1,0,0,0,0,0,0,2,0,0,0,0,0
B,Unid_Actinobacteria67,0,0,0,0,0,0,0,0,0,1,5,0,0,0,0,0,0,0,0,6,0,0,0,0,0,0,0,0,4,0,0,0,0,0,18,0,0,0,0,0,0,0,0,0,0,0,0,0,0,0,0,0,0,0,0,0,0,0,0,0,0,0,0,0,0,0,0,0,0,0,0,0,0,0,0,0,0,0,0,0,0,0,0,0,0,0,0,0,0,0,0,0,3,0,2,3,0,4,0,0,7,0
B,Unid_Actinobacteria68,0,0,0,0,0,0,0,0,0,0,0,11,0,0,0,0,0,0,0,0,0,0,0,0,25,0,0,0,0,0,0,0,0,0,0,0,0,0,0,0,0,0,0,0,0,0,0,0,0,0,0,61,0,0,0,0,0,0,0,0,0,0,0,0,0,0,0,0,0,0,0,0,0,0,0,0,0,0,0,0,0,0,0,0,0,0,0,0,0,0,0,0,0,0,0,0,0,0,0,0,0,0
B,Corynebacterium_sp,0,0,0,0,0,0,0,0,0,0,0,0,0,0,0,0,0,0,0,0,0,0,0,0,0,0,0,0,0,0,0,0,0,0,0,0,0,0,0,0,0,0,0,0,0,0,0,0,0,0,0,0,0,0,0,0,0,0,0,0,0,0,0,0,0,0,0,0,0,0,0,0,0,0,0,0,0,0,0,0,0,0,0,0,109,0,0,0,0,0,0,0,0,0,0,0,0,0,0,0,0,0
B,Corynebacterium_sputi,0,25,0,0,0,0,0,0,0,0,0,0,0,0,0,0,0,0,0,0,0,0,0,0,0,0,0,0,0,0,0,0,0,0,0,0,0,0,0,0,0,0,0,0,0,0,0,0,0,0,0,1,0,0,0,0,0,0,0,0,0,0,0,0,0,0,0,0,0,0,0,0,0,0,0,0,0,0,0,0,0,0,0,0,0,0,0,0,0,34,0,0,0,0,0,0,0,0,0,0,0,0
B,Dietzia_sp,0,0,0,0,0,0,0,0,0,0,0,0,0,0,0,0,0,0,0,0,0,0,0,0,0,0,0,0,0,0,0,0,0,0,0,0,0,0,0,0,0,0,0,0,0,0,0,0,0,0,0,180,0,0,0,0,0,0,0,0,0,0,0,0,0,0,0,0,0,0,0,0,0,0,0,0,0,0,0,129,0,0,0,0,46,0,0,0,0,171,0,0,0,0,0,0,0,0,0,0,0,0
B,Mycobacterium_sp,0,4,0,26,0,0,0,0,0,0,0,0,0,0,0,0,0,0,0,0,0,0,0,0,0,0,0,17,70,0,0,0,44,0,0,0,0,0,0,0,0,0,0,0,0,0,0,0,0,40,0,0,0,0,0,0,0,0,0,0,0,0,0,0,0,0,0,0,32,0,0,0,0,0,0,0,0,0,0,115,0,0,0,157,0,0,0,0,0,0,0,0,0,0,0,0,0,0,0,0,0,0
B,Rhodococcus_sp,0,0,0,0,0,0,0,0,0,0,0,0,0,0,0,0,0,0,0,69,0,0,0,0,0,0,0,0,0,0,0,0,0,0,0,0,0,0,0,0,0,0,0,0,0,0,0,0,0,0,0,,0,0,0,0,0,,0,0,0,0,0,0,0,0,0,0,0,0,0,0,0,0,0,0,0,0,,,0,0,0,,0,0,0,0,0,,0,0,0,0,0,0,0,0,0,0,0,0
B,Rhodococcus_coprophilus,0,0,0,0,0,0,0,0,0,0,0,0,0,0,0,0,0,0,0,0,0,0,0,0,0,0,0,0,0,0,0,0,105,0,0,0,0,0,0,0,0,0,0,0,0,0,0,0,0,0,0,,0,0,0,0,0,,0,0,0,0,0,0,0,0,0,0,0,0,0,0,0,0,0,0,0,0,,,0,0,0,,0,0,0,0,0,,0,0,0,0,0,0,0,0,0,0,0,0
B,Unid_Euzebyaceae,0,0,0,0,0,0,0,0,0,0,0,0,0,0,0,0,0,0,0,0,0,0,0,0,0,19,0,0,0,0,0,0,0,0,20,0,0,0,0,0,0,0,0,0,0,0,0,0,0,0,0,,0,0,0,0,0,,0,0,0,0,0,0,0,0,0,0,0,0,0,0,0,0,0,0,0,0,,,0,0,0,,0,0,0,0,0,,0,0,0,0,0,0,0,0,0,0,0,0
B,Unid_Geodermatophilaceae,0,0,87,0,0,128,0,0,0,0,0,0,0,0,0,0,0,0,0,0,0,0,0,0,45,0,0,50,0,0,0,0,0,0,0,0,0,0,0,0,0,0,0,0,0,0,0,0,0,0,0,,0,0,0,0,0,,0,0,0,0,0,0,0,0,0,0,0,0,0,0,0,0,0,0,0,0,,,0,0,0,,0,0,0,0,0,,0,24,0,0,1,0,0,0,0,0,0,22
B,Blastococcus_sp,0,90,0,81,190,0,0,152,102,0,109,0,0,136,0,0,0,0,79,200,168,144,97,0,0,0,211,0,248,118,99,158,157,132,0,180,0,122,0,0,0,0,0,0,0,0,0,0,0,0,0,,0,0,0,0,0,,0,0,0,0,0,0,0,0,0,0,0,0,0,0,0,0,0,0,0,0,,,0,0,0,,0,0,0,0,0,,0,0,0,145,127,163,197,0,233,0,150,0
B,Geodermatophilus_sp,0,0,0,0,0,0,0,40,0,0,0,0,0,0,0,0,0,0,68,0,0,0,90,0,0,0,0,0,0,0,66,0,106,0,0,0,0,0,0,0,0,0,0,0,0,0,0,0,0,0,0,,0,0,0,0,0,,0,0,0,0,0,0,0,0,0,0,0,0,0,0,0,0,0,0,0,0,,,0,0,0,,0,0,0,0,0,,0,0,4,73,51,53,0,0,103,0,0,0
B,Candidatus_Planktophila_sp,0,0,0,0,0,0,0,0,0,0,0,0,0,0,0,0,0,0,0,0,0,0,0,0,0,0,0,0,0,0,0,0,0,0,0,0,0,0,0,0,0,0,0,0,0,0,0,0,0,0,0,,0,0,0,0,0,,0,0,0,0,0,0,0,0,0,0,0,0,0,0,0,0,0,0,0,0,,,0,0,0,,33,0,0,0,0,,0,0,0,0,0,0,0,0,0,0,0,0
B,Unid_Sporichthyaceae,0,0,0,0,0,0,0,0,0,0,0,0,0,0,0,0,0,0,0,0,0,0,0,0,0,0,0,0,0,0,22,0,0,0,0,0,0,0,0,0,0,0,0,0,0,0,0,0,0,0,0,,0,0,0,0,0,,0,0,0,0,0,0,0,0,0,0,0,0,0,0,0,0,0,0,0,0,,,0,0,0,,0,0,0,0,0,,0,0,0,0,0,0,0,0,0,0,0,0
B,Unid_Sporichthyaceae69,0,0,0,0,0,0,43,0,0,0,0,0,0,0,0,0,0,0,0,0,0,44,0,0,0,0,0,0,0,0,0,0,0,0,0,0,0,0,0,0,0,0,0,0,0,0,0,0,0,0,0,,0,0,0,0,0,,0,0,0,0,0,0,0,0,0,0,0,0,0,0,0,0,0,0,0,0,,,0,0,0,,0,0,0,0,0,,0,0,0,0,0,0,0,167,0,0,0,0
B,Quadrisphaera_sp,0,0,0,0,0,0,0,0,0,0,0,0,0,0,0,0,0,0,0,0,0,0,0,0,0,0,0,0,0,0,0,0,0,0,0,0,0,0,0,0,74,0,0,0,0,0,0,0,0,0,0,,0,0,0,0,0,,0,0,0,0,0,0,0,0,0,0,0,0,0,0,0,0,0,0,0,0,,,0,0,0,,0,0,0,0,0,,0,0,0,0,0,0,0,0,0,0,0,0
B,Unid_Kineosporiaceae,0,0,0,0,0,0,0,0,0,0,0,0,0,0,0,0,0,0,0,0,0,0,0,0,0,0,0,0,0,0,0,0,0,0,0,0,0,0,0,0,0,0,0,0,0,0,0,0,0,0,0,,0,0,0,0,0,,0,0,0,0,0,0,0,0,0,0,0,0,0,0,0,0,0,0,0,0,,,0,0,0,,0,75,0,0,0,,0,0,0,0,0,0,0,0,0,0,0,0
B,Brevibacterium_sp,0,0,0,0,0,0,0,0,0,0,0,0,0,0,0,0,0,0,0,0,0,0,0,0,0,0,0,0,0,0,0,0,0,0,0,0,0,0,0,0,0,0,0,0,0,0,0,0,0,0,0,,0,0,0,0,0,,0,0,0,0,0,0,0,0,0,0,0,0,0,0,0,0,0,0,0,0,,,0,0,0,,0,0,0,0,0,,0,0,0,0,0,0,0,0,0,0,0,10
B,Unid_Intrasporangiaceae,0,0,0,0,0,0,55,0,0,0,0,0,0,0,0,0,0,0,0,0,0,0,0,0,0,0,146,0,0,0,64,0,1,0,0,0,81,0,0,0,0,0,0,0,0,0,0,0,0,0,0,,0,0,0,0,0,,0,0,0,0,0,0,0,0,0,0,0,0,0,0,0,0,0,0,0,0,,,0,0,0,,96,0,0,0,0,,0,0,0,0,0,0,0,0,0,0,0,0
B,Intrasporangium_sp,0,0,0,0,1,0,0,0,0,0,0,0,0,0,0,0,0,0,0,21,0,0,0,0,0,0,0,0,0,0,0,0,0,0,0,0,0,0,0,0,0,1,0,0,0,0,0,0,0,0,0,,0,0,0,0,0,,0,0,0,0,0,0,0,0,0,0,0,0,0,0,0,0,0,0,0,0,,,0,0,0,,0,0,0,0,0,,0,0,0,0,0,0,0,0,0,0,0,0
B,Oryzihumus_sp,0,0,0,0,0,0,0,0,0,0,0,0,0,0,0,0,0,0,0,0,0,0,0,0,0,0,0,0,0,0,0,0,0,0,0,0,0,0,0,0,0,0,0,0,0,0,0,0,0,0,0,,0,0,0,0,0,,0,0,0,0,0,0,0,0,0,0,0,0,0,0,0,0,0,0,0,0,,,0,0,0,,40,0,0,0,0,,0,0,0,0,0,0,0,0,0,0,0,0
B,Unid_Microbacteriaceae,5,0,0,0,0,0,0,0,0,0,0,0,0,0,0,0,0,0,0,0,0,0,0,0,0,0,0,0,0,0,0,0,0,0,0,0,0,0,0,0,0,0,0,0,0,0,0,0,0,0,0,,0,0,0,0,0,,0,0,0,0,0,0,0,0,0,0,0,0,0,0,0,0,0,0,0,0,,,0,0,0,,0,0,0,0,0,,0,0,0,0,0,0,0,0,0,0,0,0
B,Agromyces_sp,57,0,0,0,0,0,53,0,0,0,0,0,0,0,0,0,0,0,0,0,0,0,71,0,0,0,50,44,0,0,0,0,0,0,0,0,0,0,32,0,62,0,0,0,0,0,0,0,0,0,0,,0,0,0,0,0,,0,0,0,0,0,0,0,0,0,0,0,0,0,0,0,0,0,0,0,0,,,0,0,0,,0,0,0,0,0,,0,0,0,0,63,0,0,0,0,0,0,0
B,Agromyces_indicus,0,0,0,0,0,0,0,0,0,0,0,0,0,0,0,0,0,0,0,0,0,0,0,0,0,0,0,0,0,0,0,40,0,0,0,0,0,0,0,37,0,0,0,0,0,0,0,0,0,0,0,,0,0,0,0,0,,0,0,0,0,0,0,0,0,0,0,0,0,0,0,0,0,0,0,0,0,,,0,0,0,,0,0,0,0,0,,0,0,0,0,0,0,0,0,38,0,0,0
B,Agromyces_neolithicus,0,0,0,0,0,0,0,0,0,0,0,0,0,0,0,0,0,0,0,0,0,0,0,0,0,0,100,0,0,0,0,0,0,0,0,0,0,0,0,0,0,0,0,0,0,0,0,0,0,0,0,,0,0,0,0,0,,0,0,0,0,0,0,0,0,0,0,0,0,0,0,0,0,0,0,0,0,,,0,0,0,,0,0,0,0,0,,0,0,0,0,0,0,0,0,0,0,0,65
B,Agromyces_ramosus,0,80,62,53,72,0,0,90,0,37,67,0,53,0,34,0,0,0,55,74,0,86,0,48,65,66,0,84,105,73,65,0,74,0,78,65,0,0,31,45,0,77,0,0,0,0,0,0,0,0,0,,0,0,0,0,0,,0,0,0,0,0,0,0,0,0,0,0,0,0,0,0,0,0,0,0,0,,,0,0,0,,0,0,0,0,0,,0,42,94,0,0,98,70,73,0,68,80,0
B,Agromyces_sp70,0,0,0,0,0,0,0,0,0,0,0,73,0,0,0,0,0,0,0,0,59,0,0,0,0,0,0,0,0,0,0,75,0,50,0,0,0,0,0,0,0,0,0,0,0,0,0,0,0,0,0,,0,0,0,0,0,,0,0,0,0,0,0,0,0,0,0,0,0,0,0,0,0,0,0,0,0,,,0,0,0,,0,0,0,0,0,,0,0,0,0,0,0,0,0,84,0,0,0
B,Microbacterium_oxydans,0,0,0,0,0,0,0,0,0,0,0,4,0,0,0,0,0,0,0,0,0,0,0,0,0,0,0,18,0,0,0,0,0,0,0,0,0,0,0,0,0,0,0,0,0,0,0,0,0,0,0,,0,0,0,0,0,,0,0,0,0,0,0,0,0,0,0,0,0,0,0,0,0,0,0,0,0,,,0,0,0,,0,0,0,0,0,,0,0,0,0,0,0,0,0,0,0,0,0
B,Unid_Micrococcaceae,134,154,128,117,129,150,226,197,124,0,71,152,88,139,74,247,106,0,212,135,0,207,91,93,146,215,153,131,190,162,171,155,176,146,0,135,129,163,115,157,105,129,0,0,0,0,0,0,0,0,0,,0,0,0,0,0,,0,0,0,0,0,0,0,0,0,0,0,0,0,0,0,0,0,0,0,0,,,0,0,0,,46,0,0,0,0,,122,172,159,168,162,179,166,131,114,162,119,147
B,Arthrobacter_sp,0,0,0,0,0,0,0,0,0,0,0,0,0,0,0,0,0,0,0,38,0,0,41,0,0,0,0,0,0,75,0,75,70,0,0,0,0,0,0,0,0,0,0,0,0,0,0,0,0,0,0,,0,0,0,0,0,,0,0,0,0,0,0,0,0,0,0,0,0,0,0,0,0,0,0,0,0,,,0,0,0,,0,0,0,0,0,,0,0,86,0,0,0,101,0,97,76,65,66
B,Arthrobacter_crystallopoietes,0,0,0,57,0,0,0,74,0,0,0,0,0,84,0,0,0,0,0,38,0,42,0,0,35,0,108,74,54,0,41,0,0,0,0,0,0,0,0,0,0,111,0,0,0,0,0,0,0,0,0,,0,0,0,0,0,,0,0,0,0,0,0,0,0,0,0,0,0,0,0,0,0,0,0,0,0,,,0,0,0,,0,0,0,0,0,,0,0,0,0,46,0,0,68,0,0,0,0
B,Kocuria_sp,0,0,0,0,0,0,0,0,0,0,0,0,0,0,0,0,0,0,0,0,0,0,0,0,0,0,0,0,0,0,0,0,0,0,0,0,0,0,0,0,0,0,0,0,0,0,0,0,0,0,0,,0,0,0,0,0,,0,0,0,0,0,0,0,0,0,0,0,0,0,0,0,0,0,0,0,0,,,0,28,0,,0,0,0,0,0,,0,0,0,0,0,0,0,0,0,0,0,0
B,Unid_Promicromonosporaceae,0,0,0,0,0,0,0,0,0,0,0,39,0,0,0,0,0,0,0,0,0,0,0,0,0,0,0,0,0,0,0,0,0,0,0,0,0,0,0,0,0,0,0,0,0,0,0,0,0,0,0,,0,0,0,0,0,,0,0,0,0,0,0,0,0,0,0,0,0,0,0,0,0,0,0,0,0,,,0,0,0,,0,0,0,0,0,,0,0,0,0,0,0,0,0,0,0,0,0
B,Cellulosimicrobium_sp,0,111,70,0,0,0,0,0,0,0,0,0,0,0,0,0,0,0,0,0,0,0,0,0,0,0,48,96,0,0,0,0,32,0,0,0,0,0,0,0,0,0,0,0,0,0,0,0,0,0,0,,0,0,0,0,0,,0,0,0,0,0,0,0,0,0,0,0,0,0,0,0,0,0,0,0,0,,,0,0,0,,0,0,0,0,0,,0,0,0,0,0,0,53,0,0,0,0,0
B,Isoptericola_sp,0,0,0,0,0,0,0,0,0,0,0,0,0,0,0,0,0,0,0,0,0,0,0,0,0,0,0,0,0,0,0,0,0,0,0,0,0,0,0,0,0,0,0,0,0,0,0,0,0,0,0,,0,0,0,0,0,,0,0,0,0,0,0,0,0,0,0,0,0,0,0,0,0,0,0,0,0,,,0,0,0,,0,0,0,0,0,,0,0,0,0,0,0,0,0,0,0,0,101
B,Promicromonospora_sp,0,8,0,0,0,0,0,0,0,0,0,0,0,0,0,0,0,0,0,0,0,0,0,0,0,0,0,0,0,0,0,0,0,0,0,0,0,0,0,0,0,0,0,0,0,0,0,0,0,0,0,,0,0,0,0,0,,0,0,0,0,0,0,0,0,0,0,0,0,0,0,0,0,0,0,0,0,,,0,0,0,,0,0,0,0,0,,0,0,0,0,0,0,0,0,0,0,0,0
B,Unid_Micromonosporaceae,104,0,0,0,0,0,46,54,143,0,133,153,118,0,26,0,0,33,95,191,0,0,0,118,75,43,259,121,230,249,296,134,317,130,0,0,64,0,221,251,0,0,0,0,0,0,0,0,0,27,80,,0,0,0,0,0,,0,45,0,0,0,0,41,0,0,22,61,18,0,112,0,0,0,0,0,429,,,0,0,0,,0,0,0,0,47,,111,48,0,0,35,48,103,93,169,0,180,201
B,Actinoplanes_sp,0,0,0,0,0,0,0,0,0,0,0,0,0,0,0,0,0,0,0,0,0,0,0,0,0,0,0,0,0,0,0,0,0,0,0,0,0,0,0,0,0,0,0,0,0,0,0,0,0,0,0,,0,0,0,0,0,,0,0,28,0,0,0,0,0,0,0,0,0,0,0,0,0,0,0,0,0,,,0,0,0,,0,0,0,0,0,,0,0,0,0,0,0,0,0,67,0,0,0
B,Actinoplanes_italicus,0,0,0,0,0,0,0,0,0,0,0,0,0,0,0,0,0,0,0,0,0,0,0,0,0,0,0,0,0,0,0,0,0,0,0,0,0,0,0,0,0,0,0,0,0,0,0,0,0,0,0,,0,0,0,0,0,,0,0,0,0,0,0,0,0,0,49,0,0,0,0,0,0,0,0,0,0,,,0,0,0,,0,0,0,0,0,,0,0,0,0,0,0,0,0,0,0,0,0
B,Dactylosporangium_sp,47,0,0,0,0,0,0,0,0,0,0,0,0,0,0,0,0,0,0,0,0,0,0,0,0,0,0,0,0,0,0,0,0,0,0,0,0,0,0,0,0,0,0,0,0,0,0,0,0,0,0,,0,0,0,0,0,,0,0,0,0,0,0,0,0,0,0,0,0,0,0,0,0,0,0,0,0,,,0,0,0,,0,0,0,0,0,,0,0,0,0,0,0,0,0,0,0,0,0
B,Luedemannella_sp,0,0,0,0,0,0,0,0,0,0,0,0,0,0,82,0,0,0,0,0,0,0,0,0,0,0,0,0,0,0,0,0,0,0,0,0,0,0,0,0,0,0,0,0,0,0,0,0,0,0,0,,0,0,0,0,0,,0,0,0,0,0,0,0,0,0,0,0,0,0,0,0,0,0,0,0,0,,,0,0,0,,0,0,0,0,0,,0,0,0,0,0,0,0,0,0,0,0,0
B,Luedemannella_sp71,0,89,0,0,0,0,0,89,0,0,0,0,0,0,0,0,0,98,130,0,0,0,0,0,87,0,60,0,0,0,0,0,0,0,0,107,0,0,0,0,0,0,0,0,0,0,0,0,0,0,0,,0,0,0,0,0,,0,0,0,0,0,0,0,0,0,0,0,0,0,0,0,0,0,0,0,0,,,0,0,0,,0,0,0,0,0,,0,116,128,0,0,102,0,0,0,96,0,0
B,Micromonospora_sp,0,0,0,0,0,0,0,0,19,0,0,0,22,0,0,0,0,0,0,0,0,0,0,0,0,0,0,0,0,0,0,0,0,0,0,0,0,0,0,0,0,0,0,0,0,0,0,0,0,0,0,,0,0,0,0,0,,0,0,0,0,0,0,0,0,0,0,0,0,0,0,0,0,0,0,0,0,,,0,0,0,,0,0,0,0,0,,0,0,0,0,0,0,0,0,16,0,0,0
B,Rhizocola_sp,0,18,0,0,0,0,0,0,0,0,0,0,0,0,0,0,0,0,0,0,0,0,0,0,0,0,0,33,0,0,0,0,0,0,0,0,0,0,0,0,0,24,0,0,0,0,0,0,0,0,0,,0,0,0,0,0,,0,0,0,0,0,0,0,0,0,0,0,0,0,0,0,0,0,0,0,0,,,0,0,0,,0,0,0,0,0,,0,0,0,0,0,25,0,0,0,0,0,0
B,Unid_Micromonosporaceae72,0,0,0,0,0,0,0,0,0,0,0,30,0,0,0,0,0,0,0,0,0,0,0,0,0,0,0,0,0,0,0,0,0,0,0,0,22,0,0,0,0,0,0,0,0,0,0,0,0,0,0,,0,0,0,0,0,,0,0,0,0,0,0,0,0,0,0,0,0,0,0,0,0,0,0,0,0,,,0,0,0,,0,0,0,0,0,,0,0,0,0,0,0,0,0,0,0,0,0
B,Unid_Micromonosporaceae73,0,0,0,0,0,0,39,0,0,0,0,0,0,0,0,0,0,0,0,0,0,0,0,0,0,0,0,0,0,0,0,0,0,0,0,0,18,0,0,0,0,0,0,0,0,0,0,0,0,0,0,,0,0,0,0,0,,0,0,0,0,0,0,0,0,0,0,0,0,0,0,0,0,0,0,0,0,,,0,0,0,,0,0,0,0,0,,0,0,0,0,0,0,0,0,0,0,0,0
B,Virgisporangium_sp,0,0,0,0,0,0,0,0,0,0,0,0,41,0,0,0,0,0,0,0,0,0,0,0,0,0,0,0,0,0,0,0,0,0,0,0,0,0,0,0,0,0,0,0,0,0,0,0,0,0,0,,0,0,0,0,0,,0,0,0,0,0,0,0,0,0,0,0,0,0,0,0,0,0,0,0,0,,,0,0,0,,0,0,0,0,0,,0,0,0,0,0,0,0,0,0,0,0,0
B,Virgisporangium_sp74,0,0,0,0,0,0,0,0,0,0,0,0,0,0,0,0,0,0,0,0,0,0,0,0,0,0,0,0,0,0,0,0,63,0,0,0,0,0,0,0,0,0,0,0,0,0,0,0,0,0,0,,0,0,0,0,0,,0,0,0,0,0,0,0,0,0,0,0,0,0,0,0,0,0,0,0,0,,,0,0,0,,0,0,0,0,0,,0,58,0,0,0,0,0,0,0,0,0,0
B,Unid_Nocardioidaceae,0,200,0,0,0,175,0,180,0,0,0,178,0,209,0,0,0,0,0,0,175,0,0,0,116,0,242,0,0,11,12,0,0,0,0,0,0,241,0,0,0,0,0,0,0,0,0,0,0,0,0,,0,0,0,0,0,,0,0,0,0,0,0,0,0,0,0,0,0,0,0,0,0,0,0,0,0,,,0,0,0,,0,0,0,0,0,,0,0,0,0,0,0,201,133,146,0,95,205
B,Aeromicrobium_sp,0,104,0,121,139,0,123,0,99,82,120,76,87,0,0,0,0,0,0,43,108,166,101,110,68,108,0,0,118,76,0,107,61,0,112,98,111,0,38,0,122,162,0,0,0,0,0,0,0,0,0,,49,14,0,0,0,,0,0,0,0,0,0,0,0,0,0,0,0,0,0,0,0,0,0,0,0,,,0,0,0,,0,0,0,0,0,,0,85,80,0,108,97,120,40,0,145,141,50
B,Kribbella_sp,0,0,0,0,0,0,0,0,0,0,0,0,0,0,0,0,0,0,0,0,0,0,0,0,0,0,20,0,0,0,0,0,0,0,0,0,0,0,0,0,0,0,0,0,0,0,0,0,0,0,0,,0,0,0,0,0,,0,0,0,0,0,0,0,0,0,0,0,0,0,0,0,0,0,0,0,0,,,0,0,0,,0,0,0,0,0,,0,0,0,0,0,0,0,0,0,0,0,0
B,Marmoricola_sp,0,0,0,0,0,0,0,0,0,0,0,0,0,0,0,0,0,0,0,0,0,0,0,0,0,0,0,0,0,0,0,0,0,0,0,0,0,0,0,34,0,0,0,0,0,0,0,0,0,0,0,,0,0,0,0,0,,0,0,0,0,0,0,0,0,0,0,0,0,0,0,0,0,0,0,0,0,,,0,0,0,,0,0,0,0,0,,0,0,0,0,0,0,0,0,0,0,0,0
B,Nocardioides_sp,606,333,398,307,417,267,317,317,398,295,176,82,58,338,173,119,121,32,408,379,80,419,584,255,313,217,309,508,365,412,465,504,253,343,467,414,144,287,127,505,421,349,0,0,0,0,0,0,0,0,0,,0,0,0,0,0,,0,0,0,0,0,0,0,0,0,0,0,0,0,0,0,0,0,0,0,60,,,0,0,0,,0,0,0,0,0,,267,255,435,467,328,404,172,66,239,318,226,343
B,Nocardioides_furvisabuli,0,0,0,0,0,0,0,0,0,0,22,0,0,0,0,0,0,58,0,0,0,0,0,0,19,0,0,0,0,0,0,0,0,0,0,39,0,0,0,0,0,0,0,0,0,0,0,0,0,0,0,,0,0,0,0,0,,0,0,0,0,0,45,0,0,0,0,0,0,0,0,0,0,0,0,0,39,,,0,0,0,,0,0,0,0,0,,0,0,0,0,0,0,0,0,0,0,0,0
B,Nocardioides_kandeliae,0,0,0,0,0,0,0,0,0,0,0,94,0,0,0,0,0,0,0,0,0,0,0,0,76,0,0,0,98,0,0,0,0,0,0,0,0,0,0,0,0,0,0,0,0,0,0,0,0,0,0,,0,0,0,0,0,,0,0,0,0,0,0,0,0,0,0,0,0,0,0,0,0,0,0,0,0,,,0,0,0,,0,0,0,0,0,,0,0,0,0,0,0,72,0,0,0,0,208
B,Nocardioides_sp75,135,0,105,0,0,0,0,174,0,68,146,0,73,119,83,0,71,0,176,126,102,0,0,88,105,100,81,148,0,0,149,180,164,0,121,140,0,87,79,104,200,126,0,0,0,0,0,0,0,0,0,,0,0,0,0,0,,0,0,0,0,0,0,0,0,0,0,0,0,0,0,0,0,0,0,0,0,,,0,0,0,,0,0,0,0,0,,128,149,0,151,0,0,157,144,100,0,0,0
B,Unid_Propionibacteriaceae,0,0,0,0,0,0,0,0,0,0,0,0,0,0,39,0,0,0,0,0,0,0,0,0,0,0,0,0,0,0,0,0,0,0,24,0,0,0,0,0,0,0,0,0,0,0,0,0,0,0,0,,0,0,0,0,0,,0,0,0,0,0,0,0,0,0,0,0,0,0,0,0,0,0,0,0,0,,,0,0,0,,0,0,0,0,0,,9,0,0,0,0,0,0,0,0,0,0,0
B,Unid_Pseudonocardiaceae,0,2,0,64,0,0,0,0,0,0,0,0,0,0,0,0,66,0,0,0,0,0,0,0,0,0,0,0,0,0,0,0,0,0,16,0,0,0,0,0,0,0,0,0,0,0,0,0,0,0,0,,0,0,0,0,0,,0,0,0,0,0,0,0,0,0,0,0,0,0,41,0,0,0,0,0,162,,,0,0,0,,0,0,0,0,0,,0,0,0,0,0,0,75,0,84,0,0,0
B,Actinophytocola_sp,0,0,0,0,0,0,0,0,0,0,0,0,0,0,0,0,0,0,0,0,0,0,0,0,0,0,0,0,0,109,0,0,0,0,0,0,0,0,0,0,0,114,0,0,92,0,0,0,0,0,0,,0,0,0,0,0,,0,0,0,0,0,0,0,0,0,0,0,0,0,0,0,0,0,0,0,0,,,0,0,41,,0,0,0,0,0,,0,0,0,0,0,0,0,0,0,0,0,0
B,Amycolatopsis_sp,0,0,0,0,0,0,0,0,0,0,0,0,0,0,0,0,0,0,0,0,0,0,0,0,55,0,0,0,0,0,0,0,0,0,0,0,0,0,0,0,0,0,0,0,0,0,0,0,0,0,0,,0,0,0,0,0,,0,0,0,0,0,0,0,0,0,0,0,0,0,0,0,0,0,0,0,0,,,0,0,0,,0,0,0,0,0,,0,0,0,0,0,0,0,0,0,0,0,0
B,Lechevalieria_sp,0,90,0,0,0,0,0,0,151,0,0,0,0,0,0,0,0,0,0,0,0,0,0,0,0,0,0,0,0,0,0,0,0,0,0,0,0,0,0,0,0,0,171,0,0,0,0,0,0,0,0,,0,0,0,0,0,,0,0,0,140,0,0,0,0,0,59,0,0,0,0,0,0,0,0,0,0,,,30,0,0,,0,0,0,0,0,,0,0,0,0,98,0,0,0,0,0,0,0
B,Pseudonocardia_sp,0,0,0,0,57,0,0,0,0,0,0,0,0,0,0,0,0,0,0,45,0,0,0,0,0,0,0,0,84,0,24,25,0,0,0,49,0,0,0,0,0,0,0,0,0,0,0,0,0,0,0,,0,0,0,0,0,,0,0,0,0,0,0,0,0,0,0,0,0,0,0,0,0,0,0,0,0,,,0,0,0,,0,0,0,0,0,,0,0,0,75,0,24,0,0,0,0,0,64
B,Pseudonocardia_hispaniensis,0,0,0,0,0,0,0,0,0,0,0,0,0,0,0,0,0,0,0,0,0,0,0,0,0,0,69,0,0,0,0,0,0,0,0,0,0,0,0,0,0,0,0,0,0,0,0,0,0,0,0,,0,0,0,0,0,,0,0,0,0,0,0,0,0,0,0,0,0,0,0,0,0,0,0,0,0,,,0,0,0,,0,0,0,0,0,,0,0,0,0,0,0,33,0,0,0,0,0
B,Unid_Streptomycetaceae,7,0,0,0,0,0,0,0,0,0,0,0,15,0,0,0,0,0,0,0,0,0,0,0,0,0,0,0,0,0,0,0,0,32,0,0,0,0,0,0,0,0,0,0,0,0,0,0,0,0,0,,0,0,21,0,0,,0,0,0,0,0,0,0,0,0,0,0,0,0,0,0,0,0,0,0,0,,,0,0,0,,0,0,0,0,0,,0,0,0,0,0,0,0,0,0,0,46,101
B,Streptomyces_sp,241,142,194,204,344,114,280,241,170,132,241,129,0,255,51,0,0,0,270,68,117,164,209,196,164,151,152,455,204,202,164,145,140,0,282,208,53,198,181,286,336,331,139,38,0,0,22,35,20,0,0,,52,57,67,0,18,,53,66,0,64,75,0,0,0,33,0,0,0,0,116,0,37,0,0,0,158,,,0,0,0,,0,0,33,0,0,,107,202,195,160,255,167,342,4,190,177,127,216
B,Nonomuraea_sp,0,0,0,0,0,0,0,0,0,0,0,0,0,1,0,0,0,0,0,12,0,0,0,0,0,0,0,0,12,0,0,0,0,0,0,0,0,0,0,34,0,0,65,0,0,0,0,0,0,0,0,,42,0,0,0,0,,0,0,0,0,67,0,0,0,0,0,0,0,0,0,0,0,26,0,0,128,,,0,0,0,,0,0,0,0,0,,0,0,0,0,37,0,0,0,36,0,0,53
B,Unid_Thermomonosporaceae,0,0,0,0,0,0,0,0,0,0,0,0,0,0,0,0,0,0,0,0,0,0,0,0,0,0,0,0,0,0,0,0,0,0,0,0,0,0,0,0,0,0,0,0,0,0,0,0,0,0,0,,0,0,0,0,0,,0,0,0,0,0,0,0,0,0,0,0,0,0,0,0,0,0,0,0,0,,,0,0,0,,0,0,0,0,0,,0,0,0,0,0,13,0,0,0,0,0,0
B,Actinocorallia_sp,0,0,0,0,34,0,0,0,0,0,0,0,0,0,0,0,0,0,0,0,0,0,0,0,0,0,0,0,0,0,0,0,0,0,0,0,0,0,0,0,0,0,0,0,0,0,0,0,0,0,0,,0,0,0,0,0,,0,0,0,0,0,0,0,0,0,0,0,0,0,0,0,0,0,0,0,0,,,0,0,0,,0,0,0,0,0,,0,0,0,0,0,0,0,0,0,0,0,0
B,Actinocorallia_sp76,0,0,0,0,0,0,0,0,0,0,0,0,0,0,0,0,0,0,0,0,0,0,0,0,0,0,0,51,0,0,0,0,0,0,0,0,0,0,0,0,0,0,0,0,0,0,0,0,0,0,0,,0,0,0,0,0,,0,0,0,0,0,0,0,0,0,0,0,0,0,0,0,0,0,0,0,0,,,0,0,0,,0,0,0,0,0,,0,0,0,0,0,0,0,0,0,0,0,0
B,Actinomadura_sp,0,0,0,0,0,0,0,0,0,0,0,0,0,0,0,0,0,0,0,0,0,0,0,0,0,0,0,0,0,0,0,0,0,0,0,0,0,0,0,19,51,0,0,0,0,0,0,0,0,0,0,,0,0,0,0,0,,0,0,0,0,0,0,0,0,0,0,0,0,0,0,0,0,0,0,0,0,,,0,0,0,,0,0,0,0,0,,0,0,0,0,0,0,0,0,0,0,0,107
B,Unid_Actinobacteriota,244,0,137,0,153,50,79,233,61,130,177,70,235,89,101,123,0,86,262,77,0,186,242,109,64,131,139,220,288,82,273,0,90,115,0,182,33,60,205,0,189,124,0,11,0,0,0,0,0,0,0,,0,0,0,0,0,,0,0,0,0,0,0,0,0,0,0,0,0,0,0,0,0,0,0,0,0,,,0,0,0,,0,0,0,0,0,,56,0,0,204,197,0,176,130,0,185,163,149
B,Unid_Actinobacteriota77,0,188,72,193,113,0,141,0,0,71,92,0,0,183,52,52,227,0,0,164,232,0,0,44,140,0,117,130,0,2,0,234,110,0,82,0,1,125,0,109,68,89,0,0,0,0,0,0,0,0,0,,0,0,0,0,0,,0,0,0,0,0,0,0,0,0,0,0,0,0,0,0,0,0,0,0,0,,,0,0,0,,0,0,0,0,0,,1,213,73,0,0,350,85,73,200,0,77,98
B,Unid_Actinobacteriota78,152,0,0,49,58,0,87,80,0,0,0,67,54,62,0,0,0,0,0,0,56,0,0,70,52,0,79,0,0,0,43,94,0,0,0,50,0,164,0,0,0,98,0,0,0,0,0,0,0,0,0,,0,0,0,0,0,,0,0,0,0,0,0,4,0,0,0,0,0,0,0,0,0,0,0,0,0,,,0,0,0,,0,0,0,0,0,,68,0,113,0,0,0,93,0,0,110,138,0
B,Unid_Actinobacteriota79,131,141,135,154,199,101,162,207,136,103,144,89,108,145,224,102,149,91,170,149,145,145,189,134,134,78,174,192,241,152,172,126,126,107,171,139,61,137,155,204,184,147,0,0,0,0,0,0,0,0,0,,0,0,0,0,0,,0,0,0,0,0,0,0,0,0,0,0,0,0,0,0,0,0,0,0,0,,,0,0,0,,0,0,0,0,0,,156,156,160,229,179,192,173,172,206,152,179,149
B,Unid_Actinobacteriota80,0,0,0,31,0,11,0,0,0,0,0,0,0,0,0,8,0,0,0,0,0,0,0,0,0,0,0,0,0,0,0,0,0,0,0,0,0,0,0,0,0,0,0,0,0,0,0,0,0,0,0,,0,0,0,0,0,,0,0,0,0,0,0,0,0,0,0,0,0,0,0,0,0,0,0,0,0,,,0,0,0,,0,0,0,0,0,,0,3,0,0,0,0,0,0,0,0,0,0
B,Rubrobacter_sp,0,53,0,0,40,0,99,0,0,0,114,77,0,0,0,0,66,0,0,84,44,62,0,115,0,0,0,73,1,0,50,91,137,0,0,0,70,93,0,0,0,0,0,0,0,0,0,0,0,0,0,,0,0,0,0,0,,0,0,0,0,0,0,0,0,0,0,0,0,0,0,0,0,0,0,0,0,,,0,0,0,,0,0,0,0,0,,80,0,41,35,0,29,0,0,2,0,0,102
B,Rubrobacter_sp81,0,0,0,0,0,0,0,1,0,0,2,0,0,0,0,0,44,0,0,0,0,0,0,0,0,0,0,0,0,0,0,0,0,34,0,0,0,0,0,0,0,0,0,0,0,0,0,0,0,0,0,,0,0,0,0,0,,0,0,0,0,0,0,0,0,0,0,0,0,0,0,0,0,0,0,0,0,,,0,0,0,,0,0,0,0,0,,0,0,0,0,0,0,0,0,0,0,0,0
B,Rubrobacter_sp82,213,193,253,217,196,146,245,112,175,129,235,164,143,318,217,130,104,50,221,251,186,142,151,184,181,100,329,123,120,114,257,263,123,0,135,184,106,219,201,192,277,103,0,0,0,0,0,0,0,0,0,,0,0,0,0,0,,0,0,0,0,0,0,0,0,0,0,0,0,0,0,0,0,0,0,0,0,,,0,0,0,,0,0,0,0,0,,0,0,290,146,164,0,162,225,302,183,224,95
B,Rubrobacter_sp83,0,0,0,0,0,0,0,0,1,0,0,1,0,0,0,0,0,0,0,0,1,0,0,0,0,0,0,0,0,0,0,0,0,0,0,0,0,0,0,0,0,0,0,0,0,0,0,0,0,0,0,,0,0,0,0,0,,0,0,0,0,0,0,0,0,0,0,0,0,0,0,0,0,0,0,0,0,,,0,0,0,,0,0,0,0,0,,0,0,0,0,0,0,0,0,0,0,0,0
B,Rubrobacter_sp84,138,0,0,102,85,65,0,158,48,107,0,0,0,0,0,0,0,0,114,0,46,92,93,0,123,109,112,0,204,188,0,0,0,0,173,101,0,0,54,189,155,95,0,0,0,0,0,0,0,0,0,,0,0,0,0,0,,0,0,0,0,0,0,0,0,0,0,0,0,0,0,0,0,0,0,0,0,,,0,0,0,,0,0,0,0,0,,0,66,0,168,198,200,60,67,175,152,161,98
B,Gaiella_sp,216,218,122,162,269,136,303,385,127,114,238,280,159,240,284,0,166,0,353,230,226,279,130,146,100,159,348,175,526,204,402,205,314,0,271,310,0,192,216,351,295,189,0,0,0,0,0,0,0,0,0,,0,0,0,0,0,,0,0,0,0,0,0,0,0,0,0,0,0,0,0,0,0,0,0,0,0,,,0,0,0,,0,0,0,0,0,,154,282,255,357,248,246,166,256,136,186,210,45
B,Gaiella_sp85,39,0,0,0,32,0,53,92,0,0,0,0,0,53,0,65,0,0,0,0,36,0,72,46,0,0,0,64,0,39,41,79,80,0,0,0,0,72,0,0,88,0,0,0,0,0,0,0,0,0,0,,0,0,0,0,0,,0,0,0,0,0,0,0,0,0,0,0,0,0,0,0,0,0,0,0,0,,,0,0,0,,0,0,0,0,0,,0,0,74,0,0,79,93,0,61,0,0,63
B,Gaiella_sp86,2,0,131,0,89,71,40,59,63,151,39,0,49,55,131,177,67,0,53,0,0,100,0,96,42,67,75,72,83,156,0,28,32,31,72,77,0,60,0,60,54,59,0,0,0,0,0,0,0,0,0,,0,0,0,0,0,,0,0,0,0,0,0,0,0,0,0,0,0,0,0,0,0,0,0,0,0,,,0,0,0,,0,0,0,0,0,,85,44,51,3,59,79,123,68,88,69,0,85
B,Unid_Gaiellales,286,70,54,164,223,0,42,154,118,125,80,68,0,70,264,168,86,84,131,70,0,0,111,47,285,0,178,149,140,128,140,110,97,99,154,61,139,100,0,138,171,0,0,0,0,0,0,0,0,0,0,,0,0,0,0,0,,0,0,0,0,0,0,0,0,0,0,0,0,0,0,0,0,0,0,0,0,,,0,0,0,,0,0,0,0,0,,101,135,114,140,127,143,163,249,179,97,0,100
B,Unid_Gaiellales87,0,0,0,0,0,0,0,0,0,0,0,0,0,0,10,0,0,0,0,0,0,0,0,0,0,0,0,0,0,0,0,0,0,0,0,0,0,0,0,0,0,0,0,0,0,0,0,0,0,0,0,,0,0,0,0,0,,0,0,0,0,0,0,0,0,0,0,0,0,0,0,0,0,0,0,0,0,,,0,0,0,,0,0,0,0,0,,0,0,0,0,0,0,0,0,0,0,0,0
B,Unid_Gaiellales88,0,0,0,0,152,0,76,194,0,0,96,0,82,143,156,0,119,0,186,151,110,103,124,80,0,25,151,130,176,119,82,148,177,0,0,120,46,0,123,145,165,83,0,0,0,0,0,0,0,0,0,,0,0,0,0,0,,0,0,0,0,0,0,0,0,0,0,0,0,0,0,0,0,0,0,0,0,,,0,0,0,,0,0,0,0,0,,132,128,110,0,101,131,155,0,135,0,83,110
B,Unid_Gaiellales89,0,0,0,0,0,0,0,0,0,0,0,0,0,0,0,10,0,0,0,0,0,0,0,0,0,0,0,0,0,0,0,0,50,0,0,0,0,0,0,0,0,0,0,0,0,0,0,0,0,0,0,,0,0,0,0,0,,0,0,0,0,0,0,0,0,0,0,0,0,0,0,0,0,0,0,0,0,,,0,0,0,,0,0,0,0,0,,0,0,0,0,0,0,0,0,0,0,0,0
B,Unid_Gaiellales90,0,0,0,0,0,0,0,0,0,0,0,0,0,0,0,0,55,0,0,0,0,0,0,0,50,0,0,0,0,0,0,0,0,0,55,0,0,0,0,0,0,0,0,0,0,0,0,0,0,0,0,,0,0,0,0,0,,0,0,0,0,0,0,0,0,0,0,0,0,0,0,0,0,0,0,0,0,,,0,0,0,,0,0,0,0,0,,0,0,0,0,0,0,0,0,0,0,0,0
B,Unid_Solirubrobacterales,16,0,45,41,7,68,217,0,0,115,71,106,0,89,170,0,0,0,80,85,68,71,72,31,42,0,57,88,96,80,143,70,66,0,107,76,0,0,4,70,118,54,0,0,0,0,0,0,0,0,0,,0,0,0,0,0,,0,0,0,0,0,0,0,0,0,0,0,0,0,0,0,0,0,0,0,0,,,0,0,0,,0,0,0,0,0,,56,0,115,98,59,115,169,2,7,58,0,4
B,Unid_Solirubrobacterales91,0,0,0,0,2,0,0,136,0,0,0,0,25,33,0,0,0,0,0,70,0,63,0,0,76,73,100,82,0,50,0,0,89,0,75,51,0,0,0,205,0,64,0,0,0,0,0,0,0,0,0,,0,0,0,0,0,,0,0,0,0,0,0,0,0,0,0,0,0,0,0,0,0,0,0,0,0,,,0,0,0,,0,0,0,0,0,,0,0,0,0,85,51,0,0,0,0,0,99
B,Unid_Solirubrobacterales92,52,122,0,122,175,0,65,8,150,0,9,0,86,120,0,100,161,103,178,61,104,70,94,153,136,96,234,203,196,121,98,176,210,188,91,40,0,3,182,3,101,0,0,0,0,0,0,0,0,0,0,,0,0,0,0,0,,0,0,0,0,0,0,0,0,0,0,0,0,0,0,0,0,0,0,0,9,,,0,0,0,,0,0,0,0,0,,66,102,64,124,162,100,10,83,158,0,102,203
B,Unid_Solirubrobacterales93,0,0,0,0,0,0,19,0,0,0,0,0,0,0,0,0,0,0,0,0,0,0,0,0,0,0,0,0,0,0,0,0,0,0,0,0,0,0,0,0,0,0,0,0,0,0,0,0,0,0,0,,0,0,0,0,0,,0,0,0,0,0,0,0,0,0,0,0,0,0,0,0,0,0,0,0,0,,,0,0,0,,0,0,0,0,0,,0,0,0,0,0,0,0,0,0,0,0,0
B,Unid_Solirubrobacterales94,117,0,99,114,165,96,0,0,0,77,0,0,77,151,0,0,0,0,0,169,0,147,145,0,0,80,191,0,221,164,0,0,193,98,151,0,1,91,135,173,0,100,0,0,0,0,0,0,0,0,0,,0,0,0,0,0,,0,0,0,0,0,0,0,0,0,0,0,0,0,0,0,0,0,0,0,0,,,0,0,0,,0,0,0,0,0,,0,160,153,158,0,0,0,162,199,103,0,175
B,Unid_Solirubrobacteraceae,0,0,0,0,0,0,0,0,0,0,0,0,0,0,0,0,0,0,0,0,1,0,0,0,0,0,0,0,0,0,0,0,0,0,0,0,0,0,0,0,0,0,0,0,0,0,0,0,0,0,0,,0,0,0,0,0,,0,0,0,0,0,0,0,0,0,0,0,0,0,0,0,0,0,0,0,41,,,0,0,0,,0,0,0,0,0,,0,0,0,0,0,0,0,0,0,1,0,0
B,Parviterribacter_sp,0,0,0,0,0,0,0,0,0,0,0,0,0,0,0,0,0,0,0,0,0,0,0,0,0,0,0,0,0,0,0,0,0,0,0,0,0,5,0,0,0,0,0,0,0,0,0,0,0,0,0,,0,0,0,0,0,,0,0,0,0,0,0,0,0,0,0,0,0,0,0,0,0,0,0,0,0,,,0,0,0,,0,0,0,0,0,,0,0,0,0,0,0,0,0,0,0,0,0
B,Solirubrobacter_sp,104,0,0,0,341,0,21,0,0,198,0,0,174,0,0,0,67,172,0,148,0,0,0,0,0,0,334,0,232,336,0,0,194,0,0,0,0,0,96,0,0,307,0,0,0,0,0,0,0,0,0,,0,0,0,0,0,,0,0,0,0,0,0,0,0,0,0,0,0,0,0,0,0,0,0,0,0,,,0,0,0,,0,0,0,0,0,,0,173,29,0,0,0,1,0,0,0,0,0
B,Solirubrobacter_sp95,181,250,226,0,0,0,287,319,0,0,292,235,0,0,0,0,120,0,0,44,255,253,314,257,230,188,0,130,208,0,260,309,178,0,284,306,116,219,170,321,390,0,0,0,0,0,0,0,0,0,0,,0,0,0,0,0,,0,0,0,0,0,0,0,0,0,0,0,0,0,0,0,0,0,0,0,0,,,0,0,0,,0,0,0,0,0,,195,0,0,336,256,332,375,0,402,282,400,310
B,Armatimonadales_sp,0,0,0,0,0,0,0,0,0,0,0,0,0,0,0,0,0,0,0,0,0,0,0,0,0,0,0,0,0,0,0,0,0,0,0,0,0,0,0,3,0,0,0,0,0,0,0,0,0,0,0,,0,0,0,0,0,,0,0,0,0,0,0,0,0,0,0,0,0,0,0,0,0,0,0,0,0,,,0,0,0,,0,0,0,0,0,,0,0,0,0,0,0,1,0,0,0,0,0
B,Chthonomonas_sp,0,0,0,0,0,0,0,0,0,0,0,0,0,0,0,0,0,0,0,0,0,0,0,0,0,0,0,0,0,0,0,0,0,0,0,0,0,0,0,0,0,0,0,0,0,0,0,0,0,0,0,,0,0,0,0,0,,0,0,0,0,0,0,0,0,0,0,0,0,0,0,0,0,0,0,0,0,,,0,0,0,,0,0,0,0,0,,0,5,0,0,0,0,0,2,0,0,0,0
B,Chthonomonadales_sp,0,0,0,0,0,0,0,0,0,0,0,0,0,0,0,0,0,0,0,0,0,0,0,0,0,0,0,0,0,0,0,0,0,0,0,0,0,0,0,0,0,2,0,0,0,0,0,0,0,0,0,,0,0,0,0,0,,0,0,0,0,0,0,0,0,0,0,0,0,0,0,0,0,0,0,0,0,,,0,0,0,,0,0,0,0,0,,0,0,0,0,0,0,0,0,0,0,0,0
B,Chthonomonadales_sp96,0,48,0,0,0,0,47,26,31,0,28,0,0,53,0,26,0,0,0,0,60,0,25,44,60,0,0,0,0,50,46,75,0,0,52,20,42,52,64,16,0,0,0,0,0,0,0,0,0,0,0,,0,0,0,0,0,,0,0,0,0,0,0,0,0,0,0,0,0,0,0,0,0,0,0,0,0,,,0,0,0,,0,0,0,0,0,,66,65,51,0,0,0,27,27,30,57,57,0
B,Unid_Fimbriimonadaceae,0,0,0,0,0,0,0,0,0,0,0,0,0,0,0,0,0,0,0,0,0,0,0,0,0,0,0,0,9,0,0,0,0,0,0,0,0,0,0,0,0,0,0,0,0,0,0,0,0,0,0,,0,0,0,0,0,,0,0,0,0,0,0,0,0,0,0,0,0,0,0,0,0,0,0,0,0,,,0,0,0,,0,0,0,0,0,,0,0,0,0,0,0,0,0,0,0,0,0
B,Fimbriimonadaceae_sp,0,0,0,0,0,0,0,0,0,0,0,0,0,7,0,0,0,0,0,0,0,0,0,0,0,0,0,0,0,0,0,0,0,0,0,0,0,0,16,0,0,0,0,0,0,0,0,0,0,0,0,,0,0,0,0,0,,0,0,0,0,0,0,0,0,0,0,0,0,0,0,0,0,0,0,0,0,,,0,0,0,,44,0,0,0,0,,14,0,0,0,0,0,0,0,0,0,0,0
B,Armatimonadetes_bacterium,0,0,0,0,0,0,0,0,0,0,0,0,0,0,0,0,0,0,0,0,0,0,0,0,0,0,0,0,0,0,0,0,0,0,0,0,0,0,0,0,0,0,0,0,0,0,0,0,0,0,0,,0,0,0,0,0,,0,0,0,0,0,0,0,0,0,0,0,0,0,0,0,0,0,0,0,0,,,0,0,0,,33,0,0,0,0,,0,0,0,0,0,0,0,0,0,0,0,0
B,Fimbriimonadaceae_sp97,0,0,0,0,0,0,0,0,0,0,8,0,0,0,0,0,0,0,0,0,0,0,0,0,0,0,0,0,0,0,0,0,0,0,0,0,0,0,0,0,0,0,0,0,0,0,0,0,0,0,0,,0,0,0,0,0,,0,0,0,0,0,0,0,0,0,0,0,0,0,0,0,0,0,0,0,0,,,0,0,0,,0,0,0,0,0,,0,11,0,0,0,0,0,0,0,0,0,0
B,Fimbriimonadaceae_sp98,0,0,0,16,0,0,0,0,0,0,0,0,0,0,0,0,0,18,0,0,0,0,0,0,0,0,0,0,0,0,0,0,0,0,0,0,0,0,0,0,8,0,0,0,0,0,0,0,0,0,0,,0,0,0,0,0,,0,0,0,0,0,0,0,0,0,0,0,0,0,0,0,0,0,0,0,0,,,0,0,0,,0,0,0,0,0,,0,0,0,0,0,0,0,8,0,0,0,0
B,Paludibacter_sp,0,0,0,0,0,0,0,0,0,0,0,0,0,0,0,0,0,0,0,0,0,0,0,0,0,0,0,0,0,0,0,0,0,0,0,0,0,0,0,0,0,0,0,0,0,0,0,0,0,0,0,,0,0,0,0,0,,0,0,0,0,0,0,0,0,0,0,0,0,0,0,0,0,0,0,0,0,,,0,0,0,,59,0,0,0,0,,0,0,0,0,0,0,0,0,0,0,0,0
B,Porphyromonas_pasteri,0,0,0,0,0,0,0,0,0,0,0,0,0,0,0,0,0,0,0,0,0,0,0,0,0,0,0,0,0,0,0,0,0,0,0,0,0,0,0,0,0,0,0,0,0,0,0,0,0,0,0,,0,0,0,0,0,,0,0,0,0,0,0,0,0,0,0,0,0,0,0,0,0,0,0,0,0,,,0,47,0,,0,0,0,0,0,,0,0,0,0,0,0,0,0,0,0,0,0
B,Unid_Bacteroidia,0,0,23,0,28,9,54,0,29,0,0,1,0,0,0,0,0,0,0,0,0,3,48,0,6,0,12,10,0,10,0,0,0,10,0,0,0,36,0,0,0,0,0,0,0,0,0,0,0,0,0,,0,0,0,0,0,,0,0,0,0,0,0,0,0,0,0,0,0,0,0,0,0,0,0,0,0,,,0,0,0,,0,0,0,0,0,,27,0,0,0,13,0,13,0,0,1,13,5
B,Unid_Chitinophagales,0,0,0,0,0,0,0,0,0,0,0,0,0,2,0,0,0,0,0,0,0,0,0,0,0,0,0,0,0,0,0,0,0,0,0,0,0,0,0,0,0,0,0,0,0,0,0,0,0,0,0,,0,0,0,0,0,,0,0,0,0,0,0,0,0,0,0,0,0,0,0,0,0,0,0,0,0,,,0,0,0,,17,0,0,0,0,,0,0,0,0,0,0,0,0,0,0,0,0
B,Unid_Chitinophagales99,0,0,0,0,0,0,0,0,0,0,0,0,0,0,0,0,0,0,0,0,0,0,0,0,0,0,0,40,0,0,0,0,0,0,0,20,0,0,0,0,0,0,0,0,0,0,0,0,0,0,0,,0,0,0,0,0,,0,0,0,0,0,0,0,0,0,0,0,0,0,0,0,0,0,0,0,0,,,0,0,0,,0,0,0,0,0,,0,0,0,0,0,0,0,0,0,0,0,0
B,Unid_Chitinophagales100,0,0,0,0,0,16,0,0,0,0,0,0,13,0,0,0,0,0,0,0,0,0,0,31,0,0,0,0,0,0,0,0,0,0,15,0,0,0,0,0,0,0,0,0,0,0,0,0,0,0,0,,0,0,0,0,0,,0,0,0,0,0,0,0,0,0,0,0,0,0,0,0,0,0,0,0,0,,,0,0,0,,0,0,0,0,0,,0,0,0,0,0,0,0,0,0,0,0,0
B,Unid_Chitinophagaceae,0,0,76,157,10,0,71,39,26,24,82,0,4,53,0,41,0,0,62,3,24,37,44,36,29,21,52,0,0,0,0,73,96,0,0,51,44,90,31,0,0,60,0,0,0,0,0,0,0,0,0,,0,0,0,0,0,,0,0,0,0,0,0,0,0,0,0,0,0,0,0,0,0,0,0,0,0,,,0,0,0,,0,0,0,0,0,,5,27,99,0,66,73,24,79,13,0,111,63
B,Asinibacterium_sp,0,0,0,0,0,0,0,0,0,0,0,0,0,0,0,0,0,0,0,0,0,0,0,0,0,0,0,0,0,0,0,0,0,0,0,0,0,0,0,0,0,0,0,0,0,0,0,13,0,0,0,,0,0,0,0,0,,0,0,0,0,0,0,0,0,0,0,0,0,0,0,0,0,0,0,0,0,,,0,0,0,,0,0,0,0,0,,0,0,0,0,0,0,0,0,0,0,0,0
B,Chitinophaga_sp,0,112,0,0,25,0,0,0,0,0,0,0,0,0,0,0,0,0,0,0,0,0,0,0,0,0,0,53,0,0,0,0,0,0,13,0,0,0,0,0,0,26,0,0,0,0,0,0,0,0,0,,0,13,0,0,0,,0,0,0,0,0,0,0,0,0,0,0,0,0,0,0,0,0,0,0,0,,,0,0,0,,0,0,0,0,0,,0,0,0,0,0,0,0,0,0,0,0,0
B,Chitinophaga_caseinilytica,0,0,0,0,0,0,0,0,0,0,0,0,0,0,0,0,0,0,0,0,0,0,0,0,0,0,0,0,0,0,0,0,0,0,0,0,0,0,0,0,0,0,0,0,0,0,0,0,0,0,0,,0,5,0,0,0,,0,0,0,0,0,0,0,0,0,0,0,0,0,0,0,0,0,0,0,0,,,0,0,0,,0,0,0,0,0,,0,0,0,0,0,0,0,0,0,0,0,0
B,Chitinophaga_cymbidii,0,0,0,0,0,0,0,0,0,0,0,0,0,0,0,0,0,0,0,0,0,0,0,0,0,0,0,0,0,0,0,0,0,0,0,0,23,22,0,0,0,0,5,0,0,0,0,0,0,0,0,,0,0,0,0,0,,0,0,0,0,0,0,0,0,0,0,0,0,0,0,0,0,0,0,0,0,,,0,0,0,,0,0,0,0,0,,0,0,0,0,0,0,0,0,0,0,0,0
B,Chitinophaga_ginsengihumi,0,0,0,0,0,0,0,0,0,0,0,0,0,0,0,0,0,0,0,0,0,0,0,0,0,0,0,0,0,0,0,0,0,0,0,0,0,0,0,0,0,0,0,0,0,0,0,0,0,0,0,,0,0,0,0,0,,0,0,0,0,0,0,0,0,0,0,0,0,0,0,0,0,0,0,0,0,,,0,0,0,,0,0,0,0,0,,0,12,0,0,0,0,0,0,0,0,0,0
B,Flavisolibacter_ginsengisoli,0,0,0,0,0,0,0,0,0,0,0,0,0,0,0,0,0,0,0,0,0,20,0,0,0,0,0,0,0,0,0,0,0,0,0,0,0,0,0,0,0,0,0,0,0,0,0,0,0,0,0,,0,0,0,0,0,,0,0,0,0,0,0,0,0,0,0,0,0,0,0,0,0,0,0,0,0,,,0,0,0,,0,0,0,0,0,,0,0,0,0,0,0,0,0,0,0,0,0
B,Edaphobaculum_sp,0,0,0,0,0,0,0,0,0,0,0,0,0,0,0,0,0,0,0,0,0,0,0,0,0,0,0,0,0,0,0,0,0,0,0,5,0,0,0,0,0,0,0,0,0,0,0,0,0,0,0,,0,0,0,0,0,,0,0,0,0,0,0,0,0,0,0,0,0,0,0,0,0,0,0,0,0,,,0,0,0,,0,0,0,0,0,,0,0,0,0,0,0,0,0,0,0,0,0
B,Edaphobaculum_sp101,0,0,0,0,0,0,0,0,0,0,0,0,0,0,0,0,0,0,0,0,0,0,26,0,0,0,0,0,0,0,0,0,0,0,0,0,0,0,0,0,0,0,0,0,0,0,0,0,0,0,0,,0,0,0,0,0,,0,0,0,0,0,0,0,0,0,0,0,0,0,0,0,0,0,0,0,0,,,0,0,0,,0,0,0,0,0,,0,0,0,0,0,0,8,0,0,0,0,0
B,Edaphobaculum_sp102,0,0,0,0,0,0,0,0,0,0,0,0,0,0,0,0,0,0,0,0,0,0,0,0,0,0,0,0,0,0,0,0,28,0,0,0,0,0,0,0,0,0,0,0,0,0,0,0,0,0,0,,0,0,0,0,0,,0,0,0,0,0,0,0,0,0,0,0,0,0,0,0,0,0,0,0,0,,,0,0,0,,0,0,0,0,0,,0,0,0,0,0,0,0,0,0,0,0,0
B,Flaviaesturariibacter_sp,0,51,0,0,0,0,0,0,0,0,0,0,0,0,0,0,0,0,0,0,0,0,58,0,0,0,0,0,0,0,0,0,0,0,0,0,0,0,0,0,0,0,0,0,0,0,0,0,0,0,0,,0,0,0,0,0,,0,0,0,0,0,0,0,0,0,0,0,0,0,0,0,0,0,0,0,0,,,0,0,0,,0,0,0,0,0,,0,0,0,0,0,0,0,38,107,0,0,0
B,Flavisolibacter_sp,0,66,0,0,0,0,0,71,81,0,0,0,60,72,0,0,0,0,0,0,77,0,0,0,81,0,74,0,0,75,62,0,0,0,0,41,0,52,70,32,71,0,0,0,0,0,0,0,0,0,0,,0,0,0,0,0,,0,0,0,0,0,0,0,0,0,0,0,0,0,0,0,0,0,0,0,0,,,0,0,0,,0,0,0,0,0,,0,64,0,0,0,0,0,0,101,0,0,0
B,Flavisolibacter_sp103,0,0,0,0,0,0,0,0,0,0,0,0,0,0,0,0,0,0,0,0,0,0,0,0,0,0,0,0,0,22,0,28,0,0,0,25,0,0,28,0,0,0,0,0,0,0,0,0,0,0,0,,0,0,0,0,0,,0,0,0,0,0,0,0,0,0,0,0,0,0,0,0,0,0,0,0,0,,,0,0,0,,0,0,0,0,0,,0,0,0,0,0,0,0,0,0,0,0,0
B,Flavisolibacter_sp104,0,0,0,0,0,0,0,0,0,0,0,0,0,0,0,0,0,0,0,0,0,0,0,68,0,0,0,0,0,0,0,0,0,0,0,0,0,0,0,0,0,0,0,0,0,0,0,0,0,0,0,,0,0,0,0,0,,0,0,0,0,0,0,0,0,0,0,0,0,0,0,0,0,0,0,0,0,,,0,0,0,,0,0,0,0,0,,0,0,0,0,0,0,0,0,0,0,0,0
B,Flavitalea_sp,0,0,0,0,0,0,0,0,0,0,0,0,0,0,0,0,0,0,0,0,0,0,0,0,0,0,0,0,0,0,0,0,0,0,0,27,0,0,0,0,0,0,0,0,0,0,0,0,0,0,0,,0,0,0,0,0,,0,0,0,0,0,0,0,0,0,0,0,0,0,0,0,0,0,0,0,0,,,0,0,0,,0,0,0,0,0,,0,0,0,0,0,0,0,0,0,0,45,0
B,Flavitalea_sp105,0,0,0,0,0,38,36,0,0,0,0,0,0,0,0,0,0,0,0,0,0,0,0,44,0,0,0,0,0,0,0,0,0,0,0,0,0,0,0,0,0,0,0,0,0,0,0,0,0,0,0,,0,0,0,0,0,,0,0,0,0,0,0,0,0,0,0,0,0,0,0,0,0,0,0,0,0,,,0,0,0,,0,0,0,0,0,,0,0,0,0,0,0,0,0,0,0,0,0
B,Lacibacter_sp,0,0,0,0,0,0,0,0,0,0,0,0,0,0,11,0,0,0,0,0,0,0,0,0,0,0,0,0,0,0,0,0,0,0,0,0,0,0,0,0,0,0,0,0,0,0,0,0,0,0,0,,0,0,0,0,0,,0,0,0,0,0,0,0,0,0,0,0,0,0,0,0,0,0,0,0,0,,,0,0,0,,0,0,0,0,0,,0,0,0,0,0,0,0,0,0,0,0,0
B,Lacibacter_cauensis,0,0,0,0,0,0,0,0,0,0,0,0,0,0,0,0,0,0,0,0,0,0,0,0,0,0,0,86,0,0,0,0,0,0,0,0,0,0,0,0,0,0,0,0,0,0,0,0,0,0,0,,0,0,0,0,0,,0,0,0,0,0,0,0,0,0,0,0,0,0,0,0,0,0,0,0,0,,,0,0,0,,0,0,0,0,0,,0,0,0,0,0,0,0,0,0,0,0,0
B,Lacibacter_sp106,0,0,0,0,0,0,0,0,0,0,0,0,30,38,0,0,25,0,0,0,0,0,0,0,0,0,0,0,0,0,0,0,0,0,0,0,0,0,0,0,0,0,0,0,0,0,0,0,0,0,0,,0,0,0,0,0,,0,0,0,0,0,0,0,0,0,0,0,0,0,0,0,0,0,0,0,0,,,0,0,0,,0,0,0,0,0,,0,0,0,0,0,0,0,0,0,0,0,0
B,Niastella_sp,0,0,0,0,0,0,59,0,136,0,0,0,0,0,0,0,0,0,0,0,0,50,37,0,0,0,0,0,0,0,0,0,0,0,0,0,0,82,0,25,0,105,0,0,0,0,0,0,0,0,0,,0,0,0,0,0,,0,0,0,0,0,0,0,0,0,0,0,0,0,0,0,0,0,0,0,138,,,0,0,0,,0,0,0,0,0,,0,0,0,0,88,0,0,0,0,60,0,172
B,Niastella_populi,0,0,0,0,0,0,0,0,60,0,0,0,0,0,0,0,0,0,0,0,0,0,0,0,0,0,0,0,0,0,0,0,0,0,0,0,0,0,0,0,0,0,0,0,0,0,0,0,0,0,0,,0,0,0,0,0,,0,0,0,0,0,0,0,0,0,0,0,0,0,0,0,0,0,0,0,0,,,0,0,0,,0,0,0,0,0,,0,0,0,0,0,0,0,0,0,0,0,0
B,Niastella_sp107,0,0,0,0,65,0,0,0,0,0,0,0,0,0,0,0,0,0,0,0,34,0,0,0,0,0,0,0,0,0,0,0,0,0,0,0,72,0,24,0,0,0,0,0,0,0,0,0,0,0,0,,0,0,0,0,0,,0,0,0,0,0,0,0,0,0,0,0,0,0,0,0,0,0,0,0,0,,,0,0,0,,0,0,0,0,0,,0,0,0,0,0,0,43,0,100,0,0,0
B,Puia_sp,0,125,147,0,0,0,100,0,0,0,75,0,59,0,0,0,0,0,103,116,102,0,73,39,176,118,0,0,0,90,0,138,40,0,91,0,0,0,49,0,0,0,0,0,0,0,0,0,0,0,0,,0,0,0,0,0,,0,0,0,0,0,0,0,0,0,0,0,0,0,0,0,0,0,0,0,0,,,0,0,0,,0,0,0,0,0,,90,83,120,0,53,0,110,41,0,86,0,31
B,Puia_sp108,0,0,0,0,0,0,0,0,0,0,0,105,0,0,0,0,0,0,0,0,0,0,0,0,0,0,0,0,0,0,75,0,0,0,0,0,0,0,0,0,0,0,0,0,0,0,0,0,0,0,0,,0,0,0,0,0,,0,0,0,0,0,0,0,0,0,0,0,0,0,0,0,0,0,0,0,0,,,0,0,0,,0,0,0,0,0,,101,0,0,0,0,0,0,0,0,0,0,0
B,Puia_sp109,0,0,0,0,0,0,0,0,0,0,0,0,0,0,0,0,0,0,0,0,0,0,0,0,0,0,0,0,0,0,0,0,0,0,0,0,0,0,0,0,0,0,0,0,0,0,0,0,0,0,0,,0,0,0,0,0,,0,0,0,0,0,0,0,0,0,0,0,0,0,0,0,0,0,0,0,0,,,0,0,0,,0,0,0,0,0,,0,0,0,0,0,0,0,0,0,0,0,9
B,Taibaiella_sp,0,0,0,0,0,0,0,0,1,0,0,0,0,0,0,0,0,0,0,0,8,0,0,0,0,0,0,0,0,0,0,0,0,0,0,0,0,0,0,0,0,0,0,0,0,0,0,0,0,0,0,,0,0,0,0,0,,0,0,0,0,0,0,0,0,0,0,0,0,0,0,0,0,0,0,0,0,,,0,0,0,,0,0,0,0,0,,0,0,0,0,0,0,0,0,0,0,0,0
B,Taibaiella_sp110,0,0,0,0,0,0,0,0,0,0,0,0,0,0,0,0,0,0,0,0,0,0,0,0,0,0,0,0,0,0,0,0,0,0,0,0,0,6,0,0,0,0,0,0,0,0,0,0,0,0,0,,0,0,0,0,0,,0,0,0,0,0,0,0,0,0,0,0,0,0,0,0,0,0,0,0,0,,,0,0,0,,0,0,0,0,0,,0,0,0,0,0,0,0,0,0,0,0,0
B,Terrimonas_sp,122,0,0,0,0,0,0,33,0,0,0,0,16,73,23,0,0,0,0,0,0,0,0,0,0,0,0,0,0,0,45,0,0,0,53,0,0,56,99,24,0,0,0,0,0,0,0,0,0,0,0,,0,0,0,0,0,,0,0,0,0,0,0,0,0,0,0,0,0,0,0,0,0,0,0,0,0,,,0,0,0,,0,0,0,0,0,,0,90,0,0,0,0,0,0,29,59,0,0
B,Terrimonas_lutea,15,0,0,0,0,0,0,0,0,0,0,0,0,0,0,0,0,0,0,0,0,0,0,0,0,0,0,0,0,0,0,0,0,0,0,0,0,0,0,0,0,0,0,0,0,0,0,0,0,0,0,,0,0,0,0,0,,0,0,0,0,0,0,0,0,0,0,0,0,0,0,0,0,0,0,0,0,,,0,0,0,,0,0,0,0,0,,0,0,0,0,0,0,0,0,0,0,0,0
B,Terrimonas_sp111,0,0,0,0,0,0,0,0,0,0,0,0,0,0,0,0,0,0,0,0,0,0,0,0,0,0,0,0,0,0,0,0,0,0,0,0,0,0,0,0,0,31,0,0,0,0,0,0,0,0,0,,0,0,0,0,0,,0,0,0,0,0,0,0,0,0,0,0,0,0,0,0,0,0,0,0,0,,,0,0,0,,0,0,0,0,0,,0,0,0,0,0,0,0,0,0,0,0,0
B,Terrimonas_sp112,0,0,0,0,0,0,0,0,0,0,0,0,0,0,0,0,0,0,0,0,0,0,23,0,0,0,0,0,0,0,0,0,0,0,0,0,0,0,0,0,0,0,0,0,0,0,0,0,0,0,0,,0,0,0,0,0,,0,0,0,0,0,0,0,0,0,0,0,0,0,0,0,0,0,0,0,0,,,0,0,0,,0,0,0,0,0,,0,0,0,0,0,0,0,0,0,0,0,0
B,Unid_Chitinophagaceae113,0,0,33,0,41,82,37,8,0,0,71,0,96,0,0,0,94,30,0,0,44,0,35,46,0,78,57,0,80,26,0,0,66,27,108,0,0,0,29,56,0,0,0,0,0,0,0,0,0,0,0,,0,9,0,0,0,,0,0,0,0,0,0,0,0,0,0,0,0,0,0,0,0,0,0,0,0,,,0,0,0,,0,0,0,0,0,,0,71,0,144,0,35,0,0,0,96,107,29
B,Unid_Chitinophagaceae114,0,0,0,0,0,0,0,0,0,101,0,93,0,0,0,0,0,0,0,0,0,0,0,0,0,0,0,0,0,0,64,80,0,53,0,0,0,0,0,0,0,57,0,0,0,0,0,0,0,0,0,,0,0,0,0,0,,0,0,0,0,0,0,0,0,0,0,0,0,0,0,0,0,0,0,0,0,,,0,0,0,,0,0,0,0,0,,0,0,0,0,0,0,0,0,0,0,0,0
B,Unid_Chitinophagaceae115,0,0,0,0,0,0,0,0,0,0,0,0,0,0,0,0,0,0,0,0,0,0,0,0,0,0,0,0,0,0,0,0,0,0,0,0,0,0,0,0,0,0,0,0,0,0,0,0,0,0,0,,0,0,0,0,0,,0,0,0,0,0,0,0,0,0,0,0,0,0,0,0,0,0,0,0,0,,,0,0,0,,30,0,0,0,0,,0,0,0,0,0,0,0,0,0,0,0,0
B,Unid_Chitinophagaceae116,0,0,0,0,0,0,0,0,0,0,0,0,0,0,0,0,0,0,0,0,0,0,0,0,0,0,0,0,0,65,0,0,0,0,0,0,0,0,0,40,0,0,0,0,0,0,0,0,0,0,0,,0,0,0,0,0,,0,0,0,0,0,0,0,0,0,0,0,0,0,0,0,0,0,0,0,0,,,0,0,0,,0,0,0,0,0,,0,0,0,0,0,0,0,0,0,0,0,33
B,Unid_Chitinophagaceae117,0,0,0,0,27,0,0,41,45,0,0,0,0,0,0,0,0,0,0,0,0,0,0,0,0,0,46,0,53,0,0,0,0,0,0,0,50,0,0,36,39,0,0,0,0,0,0,0,0,0,0,,0,0,0,0,0,,0,0,0,0,0,0,0,0,0,0,0,0,0,0,0,0,0,0,0,0,,,0,0,0,,0,0,0,0,0,,0,0,51,0,46,0,54,26,0,0,0,0
B,Unid_Saprospiraceae,40,94,93,35,20,0,70,39,62,0,0,0,0,138,0,33,0,0,81,60,0,0,0,0,118,60,79,0,0,38,54,130,61,39,0,0,83,113,89,33,0,80,0,0,0,0,0,0,0,0,0,,0,0,0,0,0,,0,0,0,0,0,0,0,0,0,0,0,0,0,0,0,0,0,0,0,0,,,0,0,0,,0,0,0,0,0,,110,87,79,20,99,38,73,0,0,153,101,0
B,Unid_Saprospiraceae118,0,0,0,0,0,0,0,0,0,0,0,0,40,0,0,0,0,0,0,0,85,28,54,0,0,0,0,0,0,0,0,0,0,0,120,51,0,0,0,0,0,0,0,0,0,0,0,0,0,0,0,,0,0,0,0,0,,0,0,0,0,0,0,0,0,0,0,0,0,0,0,0,0,0,0,0,0,,,0,0,0,,0,0,0,0,0,,0,0,0,0,0,0,0,0,53,0,0,0
B,Unid_Saprospiraceae119,0,0,0,0,0,0,0,0,38,0,0,47,82,0,0,0,0,0,0,0,0,55,0,114,0,0,0,0,34,0,0,0,0,0,0,0,60,0,0,0,50,0,0,0,0,0,0,0,0,0,0,,0,0,0,0,0,,0,0,0,0,0,0,0,0,0,0,0,0,0,0,0,0,0,0,0,0,,,0,0,0,,0,0,0,0,0,,0,0,0,0,0,0,0,136,0,0,0,84
B,Unid_Chitinophagales120,0,0,0,0,0,0,0,0,0,0,0,0,0,0,0,0,0,0,0,0,0,0,0,0,14,0,0,0,0,0,0,0,0,0,0,0,0,0,0,0,0,0,0,0,0,0,0,0,0,0,0,,0,0,0,0,0,,0,0,0,0,0,0,0,0,0,0,0,0,0,0,0,0,0,0,0,0,,,0,0,0,,0,0,0,0,0,,0,3,0,0,0,0,0,0,0,0,0,0
B,Unid_Chitinophagales121,14,0,0,0,0,0,0,0,0,0,0,0,0,0,0,0,0,0,0,0,0,0,0,0,0,0,0,0,0,0,0,0,0,0,0,0,0,0,0,0,0,0,0,0,0,0,0,0,0,0,0,,0,0,0,0,0,,0,0,0,0,0,0,0,0,0,0,0,0,0,0,0,0,0,0,0,0,,,0,0,0,,0,0,0,0,0,,0,0,0,0,0,0,0,0,0,0,0,0
B,Unid_Chitinophagales122,0,0,0,0,0,0,0,0,0,0,0,0,0,0,0,0,0,0,0,6,0,0,0,0,0,0,0,0,0,0,0,0,0,0,0,0,7,0,0,0,0,0,0,0,0,0,0,0,0,0,0,,0,0,0,0,0,,0,0,0,0,0,0,0,0,0,0,0,0,0,0,0,0,0,0,0,0,,,0,0,0,,0,0,0,0,0,,0,0,0,0,0,0,0,0,0,0,0,0
B,Unid_Chitinophagales123,0,0,0,0,0,0,0,0,0,0,0,0,0,0,0,0,0,0,0,0,0,1,0,0,0,0,0,0,0,0,0,0,0,0,0,0,0,0,0,0,0,0,0,0,0,0,0,0,0,0,0,,0,0,0,0,0,,0,0,0,0,0,0,0,0,0,0,0,0,0,0,0,0,0,0,0,0,,,0,0,0,,0,0,0,0,0,,0,0,0,0,0,0,0,0,0,0,0,0
B,Unid_Cyclobacteriaceae,0,0,0,0,0,0,0,0,0,0,0,0,0,0,0,0,0,0,0,0,0,0,0,0,0,0,0,0,0,0,0,0,0,0,0,0,11,0,0,0,0,0,0,0,0,0,0,0,0,0,0,,0,0,0,0,0,,0,0,0,0,0,0,0,0,0,0,0,0,0,0,0,0,0,0,0,0,,,0,0,0,,0,0,0,0,0,,0,0,0,0,0,0,0,0,0,0,0,0
B,Algoriphagus_sp,0,0,0,0,0,0,0,4,0,0,0,0,0,0,0,0,0,0,0,0,0,0,0,0,0,0,16,30,0,0,0,0,0,26,0,0,0,0,18,0,0,0,0,0,0,0,0,0,0,0,0,,0,0,0,0,0,,0,0,0,0,0,0,0,0,0,0,0,0,0,0,0,0,0,0,0,0,,,0,0,0,,0,0,0,0,0,,9,0,0,0,0,0,0,0,16,0,0,10
B,Algoriphagus_taeanensis,0,135,0,0,52,0,0,0,0,0,0,0,0,0,0,0,0,0,0,0,0,0,0,0,0,0,0,0,0,0,0,0,0,0,0,0,0,0,0,0,0,0,0,0,0,0,0,0,0,0,0,,0,0,0,0,0,,0,0,0,0,0,0,0,0,0,0,0,0,0,0,0,0,0,0,0,0,,,0,0,0,,0,0,0,0,0,,0,0,0,0,0,0,0,0,0,0,0,0
B,Algoriphagus_terrigena,0,56,0,0,0,0,0,0,0,0,0,0,0,24,0,0,0,0,0,52,0,0,0,0,0,0,0,0,0,0,0,0,0,0,0,0,51,0,0,0,0,0,0,0,0,0,0,0,0,0,0,,0,0,0,0,0,,0,0,0,0,0,0,0,0,0,0,0,0,0,0,0,0,0,0,0,0,,,0,0,0,,0,0,0,0,0,,0,0,0,0,0,0,0,0,0,0,0,0
B,Rhodonellum_psychrophilum,0,0,0,0,0,0,0,0,0,0,0,0,0,0,0,0,0,0,0,0,0,0,0,0,0,0,0,0,0,0,0,0,0,0,0,0,0,0,0,0,0,0,0,0,0,0,0,0,0,0,0,,0,0,0,0,0,,0,0,0,0,0,0,0,0,0,0,0,0,0,0,0,0,0,0,0,0,,,0,0,0,,0,0,0,0,0,,0,0,0,0,0,0,0,0,0,0,0,86
B,Fulvivirga_sp,0,0,0,0,0,0,0,0,0,0,0,30,0,0,0,0,0,0,0,0,0,0,0,0,0,0,0,0,0,0,0,0,0,0,0,0,0,0,0,0,25,0,0,0,0,0,0,0,0,0,0,,0,0,0,0,0,,0,0,0,0,0,0,0,0,0,0,0,0,0,0,0,0,0,0,0,0,,,0,0,0,,0,0,0,0,0,,0,0,0,0,0,0,0,0,0,0,0,144
B,Fulvivirga_sp124,0,0,0,0,0,0,0,0,0,0,0,0,0,0,0,0,0,0,0,0,0,0,0,0,0,0,0,0,0,0,0,0,0,0,0,0,0,0,0,0,0,0,0,0,0,0,0,0,0,0,0,,0,0,0,0,0,,0,0,0,0,0,0,0,0,0,0,0,0,0,0,0,0,0,0,0,0,,,0,0,0,,0,0,0,0,0,,0,0,0,0,0,0,0,0,0,0,0,139
B,Imperialibacter_sp,0,0,0,0,0,0,0,0,0,0,0,0,0,0,0,0,0,0,0,0,0,0,0,0,0,0,14,0,0,0,0,0,0,0,0,0,0,11,0,0,0,7,0,0,0,0,0,0,0,0,0,,0,0,0,0,0,,0,0,0,0,0,0,0,0,0,0,0,0,0,0,0,0,0,0,0,0,,,0,0,0,,0,0,0,0,0,,0,0,0,0,0,0,0,0,0,0,0,0
B,Imperialibacter_sp125,0,0,0,0,0,0,0,0,17,0,0,0,0,0,0,0,0,0,0,0,0,0,0,0,0,0,0,0,0,0,0,0,0,0,0,0,0,0,0,0,0,0,0,0,0,0,0,0,0,0,0,,0,0,0,0,0,,0,0,0,0,0,0,0,0,0,0,0,0,0,0,0,0,0,0,0,0,,,0,0,0,,0,0,0,0,0,,0,0,0,0,0,0,0,0,0,0,0,0
B,Tunicatimonas_sp,0,0,0,0,0,0,0,0,0,0,0,4,0,0,0,0,0,0,0,0,0,0,0,0,0,0,0,0,0,0,0,0,0,0,0,0,0,0,0,0,0,0,0,0,0,0,0,0,0,0,0,,0,0,0,0,0,,0,0,0,0,0,0,0,0,0,0,0,0,0,0,0,0,0,0,0,0,,,0,0,0,,0,0,0,0,0,,0,0,0,0,0,0,0,0,0,0,0,7
B,Unid_Cyclobacteriaceae126,0,0,0,0,0,18,0,0,0,0,0,0,0,0,0,0,0,0,0,0,0,0,0,0,0,0,0,0,0,0,0,0,0,0,0,0,0,0,0,0,0,0,0,0,0,0,0,0,0,0,0,,0,0,0,0,0,,0,0,0,0,0,0,0,0,0,0,0,0,0,0,0,0,0,0,0,0,,,0,0,0,,0,0,0,0,0,,0,0,0,0,0,0,0,0,0,0,0,0
B,Cytophaga_sp,0,0,0,0,0,0,0,0,0,0,0,0,0,0,0,0,0,0,0,0,0,0,0,0,0,0,0,0,0,0,0,0,0,0,0,0,0,3,0,0,0,0,0,0,0,0,0,0,0,0,0,,0,0,0,0,0,,0,0,0,0,0,0,0,0,0,0,0,0,0,0,0,0,0,0,0,0,,,0,0,0,,0,0,0,0,0,,0,0,0,0,0,0,0,0,0,0,0,0
B,Hypsibius_dujardini,0,0,0,0,0,0,0,0,0,0,0,0,0,0,0,0,0,0,0,0,0,0,0,0,0,0,0,0,0,0,0,0,0,0,0,0,4,0,0,0,0,0,0,0,0,0,0,0,0,0,0,,0,0,0,0,0,,0,0,0,0,0,0,0,0,0,0,0,0,0,0,0,0,0,0,0,0,,,0,0,0,,0,0,0,0,0,,0,0,0,0,0,0,0,0,0,0,0,0
B,Rhodocytophaga_sp,0,0,0,0,0,0,0,0,0,0,0,0,0,0,0,0,0,0,0,0,0,0,0,0,0,0,0,0,0,0,0,0,0,0,0,0,0,0,0,0,0,0,0,0,0,0,0,0,0,0,0,,0,0,0,0,0,,0,0,0,0,0,0,0,0,0,0,0,0,0,0,0,0,0,0,0,0,,,0,0,0,,0,0,0,0,0,,0,0,0,0,0,0,0,0,22,0,0,0
B,Unid_Hymenobacteraceae,0,0,1,0,0,0,0,0,0,0,0,0,0,0,0,0,0,0,0,0,0,0,0,0,0,0,0,0,0,0,0,0,0,0,0,0,0,0,0,0,0,0,0,0,0,0,0,0,0,0,0,,0,0,0,0,0,,0,0,0,0,0,0,0,0,0,0,0,0,0,0,0,0,0,0,0,0,,,0,0,0,,0,0,0,0,0,,0,0,0,0,0,0,0,0,0,0,0,0
B,Adhaeribacter_sp,32,107,112,24,0,0,60,0,55,33,40,0,41,0,0,0,0,0,16,39,75,129,78,71,60,100,50,30,0,92,43,57,53,84,51,0,61,66,23,39,53,90,0,0,0,0,0,0,0,0,0,,0,0,0,0,0,,0,0,0,0,0,0,0,0,0,0,0,0,0,0,0,0,0,0,0,0,,,0,0,0,,0,0,0,0,0,,42,63,41,0,48,0,37,52,30,106,44,103
B,Adhaeribacter_terrae,0,0,0,0,0,0,0,0,0,0,0,6,0,0,0,0,0,0,0,0,0,0,0,0,0,0,0,0,0,0,0,0,0,0,0,35,0,0,0,0,0,0,0,0,0,0,0,0,0,0,0,,0,0,0,0,0,,0,0,0,0,0,0,0,0,0,0,0,0,0,0,0,0,0,0,0,0,,,0,0,0,,0,0,0,0,0,,0,0,0,0,0,43,0,0,0,0,0,0
B,Adhaeribacter_sp127,0,0,0,0,0,0,0,74,0,0,0,0,0,24,0,0,0,0,0,0,0,0,0,0,0,22,9,0,0,0,0,0,0,0,0,0,0,28,0,0,0,0,0,0,0,0,0,0,0,0,0,,0,0,0,0,0,,0,0,0,0,0,0,0,0,0,0,0,0,0,0,0,0,0,0,0,0,,,0,0,0,,0,0,0,0,0,,0,14,0,0,53,0,0,0,38,0,0,0
B,Adhaeribacter_sp128,0,0,0,0,38,0,22,0,0,0,17,0,0,0,0,0,0,0,0,0,0,0,0,0,0,0,0,0,0,0,0,0,0,0,0,0,0,0,0,0,0,0,0,0,0,0,0,0,0,0,0,,0,0,0,0,0,,0,0,0,0,0,0,0,0,0,0,0,0,0,0,0,0,0,0,0,0,,,0,0,0,,0,0,0,0,0,,0,0,0,0,0,0,0,31,0,0,0,0
B,Adhaeribacter_sp129,0,0,0,0,0,0,0,0,0,0,0,0,0,0,0,0,0,0,0,41,23,59,0,0,0,40,25,0,0,0,29,0,0,0,0,0,0,0,26,0,0,37,0,0,0,0,0,0,0,0,0,,0,0,0,0,0,,0,0,0,0,0,0,0,0,0,0,0,0,0,0,0,0,0,0,0,0,,,0,0,0,,0,0,0,0,0,,0,44,0,0,0,0,0,0,0,0,0,0
B,Adhaeribacter_sp130,0,0,0,0,0,0,0,0,0,0,0,0,0,0,0,0,0,0,0,0,0,0,0,0,0,0,0,0,23,0,0,32,0,0,0,0,0,0,0,0,0,0,0,0,0,0,0,0,0,0,0,,0,0,0,0,0,,0,0,0,0,0,0,0,0,0,0,0,0,0,0,0,0,0,0,0,0,,,0,0,0,,0,0,0,0,0,,0,0,0,0,0,0,0,0,40,0,0,0
B,Pontibacter_sp,62,0,0,0,77,0,53,0,0,0,43,0,19,29,0,0,0,0,42,37,0,19,0,0,0,68,78,0,0,31,39,82,0,0,57,19,0,0,64,40,0,0,0,0,0,0,0,0,0,0,0,,0,0,0,0,0,,0,0,0,0,0,0,0,0,0,0,0,0,0,0,0,0,0,0,0,0,,,0,0,0,,0,0,0,0,0,,24,33,69,0,63,32,84,0,0,0,0,0
B,Cytophagaceae_bacterium,0,0,0,0,0,0,0,0,6,0,0,0,0,0,0,0,0,0,0,0,0,7,0,0,0,0,0,0,0,0,0,0,0,0,0,0,0,0,0,0,0,0,0,0,0,0,0,0,0,0,0,,0,0,0,0,0,,0,0,0,0,0,0,0,0,0,0,0,0,0,0,0,0,0,0,0,0,,,0,0,0,,0,0,0,0,0,,0,0,0,0,0,0,16,0,0,0,0,0
B,Pontibacter_populi,0,52,0,32,0,31,0,47,0,0,0,0,0,0,0,0,0,0,0,0,26,0,48,0,26,0,0,47,0,48,0,87,0,19,0,0,0,70,0,0,0,46,0,0,0,0,0,0,0,0,0,,0,0,0,0,0,,0,0,0,0,0,0,0,0,0,0,0,0,0,0,0,0,0,0,0,0,,,0,0,0,,0,0,0,0,0,,0,0,0,0,0,0,0,65,183,0,41,42
B,Pontibacter_sp131,0,0,0,0,0,0,0,0,0,0,0,0,0,0,0,0,0,0,0,0,0,0,0,0,0,0,0,0,63,0,0,0,0,0,0,0,40,0,0,0,0,0,0,0,0,0,0,0,0,0,0,,0,0,0,0,0,,0,0,0,0,0,0,0,0,0,0,0,0,0,0,0,0,0,0,0,0,,,0,0,0,,0,0,0,0,0,,0,0,0,0,0,0,0,0,0,0,0,0
B,Pontibacter_sp132,0,0,0,0,0,0,0,0,0,0,0,0,0,0,0,0,0,0,0,0,0,41,0,40,0,0,0,0,0,0,0,0,0,0,0,0,0,0,0,0,26,58,0,0,0,0,0,0,0,0,0,,0,0,0,0,0,,0,0,0,0,0,0,0,0,0,0,0,0,0,0,0,0,0,0,0,0,,,0,0,0,,0,0,0,0,0,,0,0,0,0,0,0,0,0,0,54,42,41
B,Pontibacter_sp133,0,0,0,0,0,0,0,0,40,0,0,6,0,0,0,0,0,0,0,0,0,0,0,0,0,0,0,0,0,0,0,0,0,0,0,0,0,0,0,0,0,0,0,0,0,0,0,0,0,0,0,,0,0,0,0,0,,0,0,0,0,0,0,0,0,0,0,0,0,0,0,0,0,0,0,0,0,,,0,0,0,,0,0,0,0,0,,0,0,0,0,0,0,0,0,0,0,0,0
B,Unid_Microscillaceae,35,0,0,0,0,58,25,0,14,11,0,0,0,0,0,0,0,0,0,0,0,0,0,39,26,37,0,33,0,0,0,0,0,0,0,0,0,0,0,0,17,32,0,0,0,0,0,0,0,0,0,,0,0,0,0,0,,0,0,0,0,0,0,0,0,0,0,0,0,0,0,0,0,0,0,0,0,,,0,0,0,,0,0,0,0,0,,0,0,0,0,79,0,0,0,0,0,19,0
B,Chryseolinea_sp,0,55,0,0,39,0,53,0,38,0,66,31,87,76,0,36,55,0,0,0,68,25,64,0,0,47,45,0,0,37,66,33,43,0,57,32,0,0,45,68,0,0,0,0,0,0,0,0,0,0,0,,0,0,0,0,0,,0,0,0,0,0,0,0,0,0,0,0,0,0,0,0,0,0,0,0,0,,,0,0,0,,0,0,0,0,0,,47,73,58,42,29,32,0,31,59,54,0,0
B,Ohtaekwangia_sp,0,40,53,0,0,0,0,16,43,0,0,0,0,0,0,0,0,0,0,0,0,0,0,0,0,0,0,0,0,0,0,0,0,0,68,0,50,0,0,0,64,0,0,0,0,0,0,0,0,0,0,,0,0,0,0,0,,0,0,0,0,95,0,0,0,0,0,0,0,0,0,0,0,0,0,0,127,,,0,0,0,,0,0,0,0,0,,0,51,0,0,0,0,0,0,0,0,0,0
B,Chryseolinea_flava,0,0,0,0,0,0,0,0,0,0,0,0,0,0,0,0,0,0,0,15,0,0,28,0,0,0,0,0,0,17,0,0,0,0,0,0,0,0,0,0,0,42,0,0,0,0,0,0,0,0,0,,0,0,0,0,0,,0,0,0,0,0,0,0,0,0,0,0,0,0,0,0,12,0,0,0,0,,,0,0,0,,0,0,0,0,0,,0,0,0,0,0,0,0,0,0,0,0,0
B,Ohtaekwangia_sp134,0,0,0,0,0,0,0,0,0,0,0,0,0,0,0,0,0,0,0,0,0,0,0,0,0,0,0,53,0,0,0,0,19,0,0,0,0,0,0,0,0,0,0,0,0,0,0,0,0,0,0,,0,0,0,0,0,,0,0,0,0,0,0,0,0,0,0,0,0,0,0,0,0,0,0,0,0,,,0,0,0,,0,0,0,0,0,,0,0,0,0,0,0,0,0,0,0,0,0
B,Ohtaekwangia_sp135,0,0,0,0,0,0,0,0,44,0,0,0,0,0,0,0,0,0,0,0,0,0,0,0,0,0,0,0,0,0,0,0,0,0,0,0,0,0,0,0,0,0,0,0,0,0,0,0,0,0,0,,0,0,0,0,0,,0,0,0,0,0,0,0,0,0,0,0,0,0,0,0,0,0,0,0,0,,,0,0,0,,0,0,0,0,0,,0,0,51,0,0,0,0,0,0,0,0,0
B,Unid_Microscillaceae136,212,377,466,132,259,227,387,251,278,176,257,272,338,278,96,0,49,95,241,237,410,258,529,434,255,296,421,314,261,411,444,468,408,204,170,120,385,431,294,370,310,459,0,0,0,0,0,0,0,0,0,,0,34,0,0,0,,0,0,0,0,0,0,0,0,0,0,0,0,0,0,0,0,0,0,0,64,,,0,0,0,,0,0,0,0,0,,350,385,187,181,305,288,378,372,277,418,274,367
B,Bacteroidetes_bacterium,0,0,0,0,0,0,0,0,0,0,0,0,0,0,0,0,0,0,0,0,0,0,0,0,0,0,0,0,0,0,0,0,0,0,0,0,0,10,0,0,0,0,0,0,0,0,0,0,0,0,0,,0,0,0,0,0,,0,0,0,0,0,0,0,0,0,0,0,0,0,0,0,0,0,0,0,0,,,0,0,0,,0,0,0,0,0,,0,0,0,0,0,0,0,0,0,0,0,0
B,Unid_Microscillaceae137,0,0,0,0,0,0,0,0,0,75,0,0,0,0,0,0,0,0,0,0,0,0,0,49,0,113,0,0,0,0,0,0,0,0,121,101,0,0,0,0,0,0,0,0,0,0,0,0,0,0,0,,0,0,0,0,0,,0,0,0,0,0,0,0,0,0,0,0,0,0,0,0,0,0,0,0,0,,,0,0,0,,0,0,0,0,0,,0,59,0,0,0,0,0,0,0,0,0,108
B,Unid_Microscillaceae138,0,0,0,0,0,0,0,0,0,0,0,0,0,0,0,0,0,0,0,0,0,0,0,0,0,0,0,0,0,0,0,0,0,0,0,0,5,0,0,0,0,0,0,0,0,0,0,0,0,0,0,,0,0,0,0,0,,0,0,0,0,0,0,0,0,0,0,0,0,0,0,0,0,0,0,0,0,,,0,0,0,,0,0,0,0,0,,0,0,0,0,0,0,0,0,0,0,0,0
B,Unid_Microscillaceae139,12,70,0,65,28,28,0,26,0,134,39,0,14,80,99,209,128,116,0,19,0,0,29,123,0,0,18,70,36,76,29,0,21,48,0,0,0,0,24,99,39,41,0,0,0,0,0,0,0,0,0,,0,0,0,0,0,,0,0,0,0,0,0,0,0,0,0,0,0,0,0,0,0,0,0,0,0,,,0,0,0,,21,0,0,0,0,,48,95,0,0,0,65,0,0,0,125,55,0
B,Unid_Microscillaceae140,0,0,0,0,0,0,0,0,0,0,0,54,0,0,0,0,0,0,0,0,0,0,0,0,0,0,0,0,0,0,0,0,0,0,0,0,0,0,0,0,0,0,0,0,0,0,0,0,0,0,0,,0,0,0,0,0,,0,0,0,0,0,0,0,0,0,0,0,0,0,0,0,0,0,0,0,0,,,0,0,0,,0,0,0,0,0,,0,0,0,0,0,0,0,0,0,0,0,0
B,Unid_Microscillaceae141,0,70,136,0,0,0,54,42,61,40,0,54,63,0,0,0,0,0,48,14,0,55,0,0,79,0,0,52,0,0,0,56,88,0,68,0,0,0,32,0,0,67,0,0,0,0,0,0,0,0,0,,0,0,0,0,0,,0,0,0,14,0,0,0,0,0,0,0,0,0,0,0,0,0,0,0,0,,,0,0,0,,0,0,0,0,0,,0,0,77,0,0,18,63,53,67,0,0,0
B,Unid_Microscillaceae142,0,3,0,0,5,0,0,0,0,0,0,0,52,0,0,0,0,0,0,0,8,12,0,0,0,0,0,12,0,0,0,0,0,0,0,0,0,0,0,0,0,0,0,0,0,0,0,0,0,0,0,,0,0,0,0,0,,0,0,0,0,0,0,0,0,0,0,0,0,0,0,0,0,0,0,0,0,,,0,0,0,,0,0,0,0,0,,0,0,0,11,0,4,0,0,0,0,0,0
B,Unid_Microscillaceae143,0,0,35,42,0,0,0,0,0,0,0,0,0,0,0,0,0,0,0,0,0,0,0,0,0,0,0,0,0,0,0,27,0,0,0,0,0,0,0,0,0,0,0,0,0,0,0,0,0,0,0,,0,0,0,0,0,,0,0,0,0,0,0,0,0,0,0,0,0,0,0,0,0,0,0,0,0,,,0,0,0,,0,0,0,0,0,,0,0,0,0,0,0,0,0,0,0,0,0
B,Unid_Cytophagales,0,0,0,0,0,0,0,0,0,0,0,0,0,0,0,0,0,0,0,0,0,0,0,0,0,0,0,0,0,0,0,7,0,0,0,0,0,0,0,0,0,0,0,0,0,0,0,0,0,0,0,,0,0,0,0,0,,0,0,0,0,0,0,0,0,0,0,0,0,0,0,0,0,0,0,0,0,,,0,0,0,,0,0,0,0,0,,0,0,0,0,0,0,0,0,0,0,0,0
B,Dyadobacter_sp,0,17,0,0,0,0,0,0,9,0,0,0,0,0,0,0,0,0,0,0,0,0,0,0,0,0,0,0,0,0,0,0,0,0,0,0,0,0,0,0,0,0,0,0,0,0,0,0,0,0,0,,0,0,0,0,0,,0,0,0,0,0,0,0,0,0,0,0,0,0,0,0,0,0,0,0,43,,,0,0,0,,0,0,0,0,0,,0,0,0,0,0,0,0,0,0,0,0,0
B,Emticicia_sp,0,0,0,0,0,0,0,0,0,0,0,0,0,0,0,0,0,0,0,0,0,0,0,0,0,0,0,0,0,0,0,0,0,0,0,0,0,0,0,0,0,0,0,0,0,0,0,0,0,0,0,,0,0,0,0,0,,0,0,0,0,0,0,0,0,0,0,0,0,0,0,0,0,0,0,0,0,,,0,0,0,,0,0,0,0,0,,1,0,0,0,0,0,0,0,0,0,0,0
B,Crocinitomix_sp,0,0,0,0,0,0,0,0,0,0,0,0,0,0,0,0,0,0,20,0,0,2,0,0,0,0,0,0,0,0,0,0,0,0,0,0,0,0,0,0,0,0,0,0,0,0,0,0,0,0,0,,0,0,0,0,0,,0,0,0,0,0,0,0,0,0,0,0,0,0,0,0,0,0,0,0,0,,,0,0,0,,0,0,0,0,0,,0,0,0,0,0,0,0,0,0,0,0,0
B,Crocinitomix_sp144,0,33,29,28,22,0,0,0,34,0,0,0,28,0,0,24,0,0,0,0,0,0,0,0,0,0,0,0,24,0,0,0,0,0,0,0,18,35,0,0,0,0,0,0,0,0,0,0,0,0,0,,0,0,0,0,0,,0,0,0,0,0,0,0,0,0,0,0,0,0,0,0,0,0,0,0,10,,,0,0,0,,0,0,0,0,0,,0,0,0,0,0,0,0,0,0,0,0,0
B,Crocinitomix_sp145,0,0,0,0,0,4,0,0,27,0,0,0,0,0,0,0,0,0,0,5,0,0,0,0,0,0,13,0,0,0,0,0,0,0,0,0,0,0,3,0,0,0,0,0,0,0,0,0,0,0,0,,0,0,0,0,0,,0,0,0,0,0,0,0,0,0,0,0,0,0,0,0,0,0,0,0,0,,,0,0,0,,0,0,0,0,0,,0,0,0,0,0,0,0,0,0,0,22,0
B,Fluviicola_sp,0,16,2,8,30,36,23,25,0,0,0,0,0,0,0,0,0,0,8,5,0,0,0,95,0,0,0,88,0,15,0,30,0,34,110,54,73,36,0,0,0,37,33,0,0,0,0,0,0,0,0,,0,0,0,0,0,,0,0,0,0,0,0,0,0,0,0,0,0,0,0,0,0,0,0,0,15,,,0,0,0,,0,0,0,0,0,,0,11,15,0,0,0,0,97,0,0,0,0
B,Fluviicola_sp146,38,0,0,0,0,0,0,0,0,0,0,0,0,0,0,0,0,0,0,0,0,0,0,0,0,0,0,0,0,0,0,0,0,0,0,0,0,0,0,41,0,0,0,0,0,0,0,0,0,0,0,,0,0,0,0,0,,0,0,0,0,0,0,0,0,0,0,0,0,0,0,0,0,0,0,0,0,,,0,0,0,,0,0,0,0,0,,0,0,0,13,0,0,0,0,43,23,0,29
B,Fluviicola_sp147,0,0,0,0,0,0,0,0,0,0,0,0,0,0,0,0,0,0,0,0,0,9,0,0,0,0,0,0,0,0,0,0,0,0,0,0,0,0,53,0,0,0,0,0,0,0,0,0,0,0,0,,0,0,0,0,0,,0,0,0,0,0,0,0,0,0,0,0,0,0,0,0,0,0,0,0,0,,,0,0,0,,0,0,0,0,0,,0,0,0,0,0,0,0,0,0,0,0,0
B,Fluviicola_sp148,0,0,0,0,0,0,0,0,0,0,0,0,0,0,0,0,0,0,0,20,0,0,0,0,0,0,0,0,0,0,0,0,0,0,0,0,0,0,0,0,0,0,0,0,0,0,0,0,0,0,0,,0,0,0,0,0,,0,0,0,0,0,0,0,0,0,0,0,0,0,0,0,0,0,0,0,0,,,0,0,0,,0,0,0,0,0,,0,0,0,0,0,0,0,0,0,0,0,0
B,Fluviicola_sp149,0,0,0,0,0,0,0,0,0,0,0,0,0,0,0,0,0,0,0,0,0,0,0,0,0,0,0,0,0,0,0,0,0,0,0,0,0,0,0,0,0,0,0,0,0,0,0,0,0,0,0,,0,0,0,0,0,,0,0,0,0,0,0,0,0,0,0,0,0,0,0,0,0,0,0,0,0,,,0,0,0,,0,0,0,0,0,,0,0,8,0,0,0,0,0,0,0,0,0
B,Salinirepens_sp,0,0,0,0,0,0,0,0,0,0,0,0,0,0,0,0,0,0,0,0,0,0,0,0,0,0,116,0,0,0,0,0,0,0,0,0,0,0,0,0,0,0,0,0,0,0,0,0,0,0,0,,0,0,0,0,0,,0,0,0,0,0,0,0,0,0,0,0,0,0,0,0,0,0,0,0,0,,,0,0,0,,0,0,0,0,0,,0,0,0,0,0,0,0,0,0,0,0,0
B,Luteibaculum_sp,2,0,0,0,0,0,0,0,0,0,0,0,0,0,0,0,0,0,0,0,0,0,0,0,0,0,0,0,0,0,0,0,4,0,0,0,0,0,0,0,0,0,0,0,0,0,0,0,0,0,0,,0,0,0,0,0,,0,0,0,0,0,0,0,0,0,0,0,0,0,0,0,0,0,0,0,0,,,0,0,0,,0,0,0,0,0,,0,0,0,0,0,0,0,0,0,0,0,0
B,Owenweeksia_sp,0,0,0,0,0,0,0,0,0,0,0,0,0,0,0,0,0,0,0,0,0,0,0,0,0,0,0,0,0,0,0,0,0,0,0,0,0,0,0,0,0,0,0,0,0,0,0,0,0,0,0,,0,0,0,0,0,,0,0,0,0,0,0,0,0,0,0,0,0,0,0,0,0,0,0,0,0,,,0,0,0,,0,0,0,0,0,,0,0,0,0,0,0,0,0,0,0,0,50
B,Unid_Cryomorphaceae,0,0,38,0,0,0,0,0,0,0,0,0,0,0,0,0,0,0,0,0,0,0,0,0,0,0,0,0,0,0,0,0,0,0,0,0,0,0,0,0,0,0,0,0,0,0,0,0,0,0,0,,0,0,0,0,0,,0,0,0,0,0,0,0,0,0,0,0,0,0,0,0,0,0,0,0,0,,,0,0,0,,0,0,0,0,0,,0,0,0,0,0,0,0,0,0,0,0,0
B,Unid_Cryomorphaceae150,0,0,0,0,0,0,2,0,0,0,0,0,0,0,0,0,0,0,0,0,0,0,0,0,0,0,0,0,0,0,0,0,0,0,0,0,0,0,0,0,0,3,0,0,0,0,0,0,0,0,0,,0,0,0,0,0,,0,0,0,0,0,0,0,0,0,0,0,0,0,0,0,0,0,0,0,0,,,0,0,0,,0,0,0,0,0,,0,1,0,0,0,0,0,0,0,0,0,0
B,Vicingus_sp,0,3,0,0,0,0,0,0,0,0,0,0,0,0,0,0,0,0,0,0,0,0,0,0,0,0,0,0,0,0,0,0,0,0,0,0,0,0,0,0,0,0,0,0,0,0,0,0,0,0,0,,0,0,0,0,0,,0,0,0,0,0,0,0,0,0,0,0,0,0,0,0,0,0,0,0,0,,,0,0,0,,0,0,0,0,0,,0,0,0,0,0,0,0,0,0,0,0,0
B,Vicingus_sp151,0,0,0,0,0,0,0,0,0,0,0,0,0,0,0,0,0,0,0,0,0,0,0,0,0,0,0,0,0,0,0,0,0,0,0,0,0,0,0,0,0,0,0,0,0,0,0,0,0,0,0,,0,0,0,0,0,,0,0,0,0,0,0,0,0,0,0,0,0,0,0,0,0,0,0,0,0,,,0,0,0,,0,0,0,0,0,,0,0,0,0,0,0,0,0,0,0,0,55
B,Vicingus_sp152,0,0,0,0,0,0,0,0,0,0,0,0,0,0,0,0,0,0,0,0,0,0,0,0,0,0,0,0,0,0,0,0,0,0,0,0,0,0,0,0,3,0,0,0,0,0,0,0,0,0,0,,0,0,0,0,0,,0,0,0,0,0,0,0,0,0,0,0,0,0,0,0,0,0,0,0,0,,,0,0,0,,0,0,0,0,0,,0,0,0,0,0,0,0,0,0,0,0,0
B,Aquibacter_sp,0,0,0,0,0,0,0,0,0,0,0,0,0,6,0,0,0,0,0,0,0,0,0,0,0,0,0,0,0,0,0,0,0,0,0,0,0,0,0,0,0,0,0,0,0,0,0,0,0,0,0,,0,0,0,0,0,,0,0,0,0,0,0,0,0,0,0,0,0,0,0,0,0,0,0,0,0,,,0,0,0,,0,0,0,0,0,,0,0,0,0,0,0,0,0,0,0,0,0
B,Flavobacteriaceae_sp,0,0,0,0,0,0,0,0,0,0,0,0,0,0,0,0,0,0,0,0,0,0,0,0,0,0,0,0,0,0,0,0,0,0,0,0,0,0,0,0,0,0,0,0,0,0,0,0,0,0,0,,0,0,0,0,0,,0,0,0,0,0,0,0,0,0,0,0,0,0,0,0,0,0,0,0,0,,,0,0,0,,0,0,0,0,0,,0,0,0,0,0,0,0,0,0,0,0,87
B,Flavobacterium_sp,40,306,43,1,110,8,0,0,0,0,0,0,104,214,18,43,0,0,0,161,0,0,0,20,0,0,58,26,0,32,0,5,0,71,87,3,150,1,0,156,27,23,0,0,0,0,0,0,0,0,0,,0,0,0,0,0,,0,0,0,0,0,0,0,0,0,0,0,0,0,0,0,0,0,0,0,0,,,0,0,0,,0,0,0,0,0,,0,40,0,0,0,0,0,145,225,0,0,76
B,Flavobacterium_arsenitoxidans,0,72,0,0,0,0,0,0,0,0,0,0,0,0,0,0,0,0,0,0,0,0,0,0,0,0,0,0,0,0,0,0,0,0,0,0,0,0,0,0,0,0,0,0,0,0,0,0,0,0,0,,0,0,0,0,0,,0,0,0,0,0,0,0,0,0,0,0,0,0,0,0,0,0,0,0,0,,,0,0,0,,0,0,0,0,0,,0,0,0,0,0,0,0,0,0,0,0,0
B,Flavobacterium_cauense,0,0,0,0,0,0,0,0,0,0,0,0,0,0,0,0,0,0,0,0,0,0,0,73,0,0,0,0,0,0,0,0,0,0,0,0,0,0,0,0,0,0,0,0,0,0,0,0,0,0,0,,0,0,0,0,0,,0,0,0,0,0,0,0,0,0,0,0,0,0,0,0,0,0,0,0,0,,,0,0,0,,0,0,0,0,0,,0,0,0,0,0,0,0,0,0,0,0,0
B,Flavobacterium_commune,0,0,0,0,0,0,0,0,0,0,0,0,0,84,0,0,125,0,0,0,0,0,0,0,0,0,0,0,0,0,0,0,0,0,0,0,0,0,0,0,0,0,0,0,0,0,0,0,0,0,0,,0,0,0,0,0,,0,0,0,0,0,0,0,0,0,0,0,0,0,0,0,0,0,0,0,0,,,0,0,0,,0,0,0,0,0,,0,0,0,0,0,0,0,0,0,0,0,0
B,Flavobacterium_cucumis,0,0,0,0,0,0,0,0,0,0,0,0,0,0,0,0,0,0,26,0,0,0,0,0,0,0,0,0,0,0,0,0,0,0,0,0,0,0,0,0,0,0,0,0,0,0,0,0,0,0,0,,0,0,0,0,0,,0,0,0,0,0,0,0,0,0,0,0,0,0,0,0,0,0,0,0,0,,,0,0,0,,0,0,0,0,0,,0,0,0,0,0,0,0,0,0,0,0,0
B,Flavobacterium_daejeonense,0,0,0,0,0,0,0,0,0,0,0,0,0,0,0,0,0,0,0,0,0,0,153,0,0,0,0,0,0,0,0,0,0,0,0,0,0,0,0,0,0,0,0,0,0,0,0,0,0,0,0,,0,0,0,0,0,,0,0,0,0,0,0,0,0,0,0,0,0,0,0,0,0,0,0,0,0,,,0,0,0,,0,0,0,0,0,,0,0,0,0,0,0,0,0,0,0,0,0
B,Flavobacterium_fluviatile,0,0,0,0,0,0,0,0,0,0,0,0,0,0,0,0,0,0,0,0,0,0,0,0,0,0,0,0,0,0,0,0,0,0,0,0,0,0,0,0,0,0,0,0,0,0,0,0,0,0,0,,0,0,0,0,0,,0,0,0,0,0,0,0,0,0,0,0,0,0,0,0,0,0,0,0,0,,,0,0,0,,0,0,0,0,0,,0,0,0,0,0,0,0,0,92,0,0,0
B,Flavobacterium_glycines,0,0,0,0,0,0,0,0,0,0,0,0,0,0,0,0,0,0,0,0,89,0,0,0,0,0,0,93,0,0,0,0,0,0,0,0,0,0,117,0,0,0,0,0,0,0,0,0,0,0,0,,0,0,0,0,0,,0,0,0,0,0,0,0,0,0,0,0,0,0,0,0,0,0,0,0,0,,,0,0,0,,0,0,0,0,0,,0,0,0,0,0,0,0,0,0,0,0,0
B,Flavobacterium_hauense,0,0,0,0,0,0,0,0,0,0,0,0,0,0,0,0,0,0,0,0,0,0,0,0,0,0,0,0,0,0,0,0,0,0,0,0,0,0,0,0,0,0,0,0,0,0,0,0,0,0,0,,0,0,0,0,0,,0,0,0,9,0,0,0,0,0,0,0,0,0,0,0,0,0,0,0,0,,,0,0,0,,0,0,0,0,0,,0,0,0,0,0,0,0,0,0,0,0,0
B,Flavobacterium_limnosediminis,0,0,0,0,0,0,0,0,0,0,45,0,0,0,0,0,0,0,0,0,0,0,0,0,0,0,0,0,0,0,0,0,0,0,0,0,0,0,0,0,0,0,0,0,0,0,0,0,0,0,0,,0,0,0,0,0,,0,0,0,0,0,0,0,0,0,0,0,0,0,0,0,0,0,0,0,0,,,0,0,0,,0,0,0,0,0,,0,0,0,0,0,0,0,0,0,0,0,0
B,Flavobacterium_saliperosum,0,0,0,0,0,0,0,0,0,0,0,0,18,0,0,0,0,0,0,0,0,0,0,0,0,0,0,0,0,0,0,0,0,0,0,0,0,0,0,0,0,0,0,0,0,0,0,0,0,0,0,,0,0,0,0,0,,0,0,0,0,0,0,0,0,0,0,0,0,0,0,0,0,0,0,0,0,,,0,0,0,,0,0,0,0,0,,0,0,0,0,0,0,0,0,0,0,0,0
B,Flavobacterium_sasangense,0,0,0,0,0,0,0,0,0,0,0,0,0,0,0,0,20,0,0,0,0,0,0,42,40,0,0,0,0,0,0,0,0,0,0,0,0,0,0,0,0,0,0,0,0,0,0,0,0,0,0,,0,0,0,0,0,,0,0,0,0,0,0,0,0,0,0,0,0,0,0,0,0,0,0,0,0,,,0,0,0,,0,0,0,0,0,,0,0,0,0,0,0,0,0,0,0,0,0
B,Flavobacterium_zaozhuangense,0,0,0,5,0,0,0,32,0,0,0,0,0,0,0,0,0,0,0,0,0,0,36,0,0,0,76,0,0,0,0,0,0,0,0,0,0,0,0,0,0,0,0,0,0,0,0,0,0,0,0,,0,0,0,0,0,,0,0,0,0,0,0,0,0,0,0,0,0,0,0,0,0,0,0,0,0,,,0,0,0,,0,0,0,0,0,,0,0,0,0,0,0,0,0,0,0,0,0
B,Flavobacterium_sp153,0,0,0,0,0,0,0,0,0,0,0,0,35,0,0,0,0,0,0,0,0,0,0,0,0,0,0,0,0,0,0,0,0,0,0,0,0,0,0,0,0,0,0,0,0,0,0,0,0,0,0,,0,0,0,0,0,,0,0,0,0,0,0,0,0,0,0,0,0,0,0,0,0,0,0,0,0,,,0,0,0,,0,0,0,0,0,,0,0,0,0,0,0,0,0,0,57,0,0
B,Flavobacterium_sp154,0,0,0,0,0,0,0,0,0,0,0,0,0,0,0,0,0,0,0,0,0,0,0,0,0,0,0,0,0,0,0,0,0,0,0,0,0,0,0,0,0,0,0,0,0,0,0,0,0,0,0,,0,0,0,0,0,,0,0,0,0,0,0,0,0,0,0,0,0,0,0,0,0,0,0,0,0,,,0,0,0,,0,0,0,0,0,,0,0,0,0,0,0,0,0,0,0,0,15
B,Galbibacter_marinus,0,0,0,0,0,0,0,0,0,0,0,0,0,0,0,0,0,0,0,0,0,0,0,0,0,0,0,0,0,0,0,0,0,0,0,0,0,0,0,0,0,0,0,0,0,0,0,0,0,0,0,,0,0,0,0,0,,0,0,0,0,0,0,0,0,0,0,0,0,0,0,0,0,0,0,0,0,,,0,0,0,,0,0,0,0,0,,0,0,0,0,0,0,0,0,0,0,0,59
B,Salinimicrobium_sp,0,5,0,0,0,0,0,0,0,0,0,0,0,0,0,0,0,0,0,0,0,0,0,0,0,0,0,0,0,13,0,71,0,0,0,0,0,0,0,0,0,0,0,0,0,0,0,0,0,0,0,,0,0,0,0,0,,0,0,0,0,0,0,0,0,0,0,0,0,0,0,0,0,0,0,0,0,,,0,0,0,,0,0,0,0,0,,0,0,0,0,11,0,0,0,0,0,0,288
B,Salinimicrobium_gaetbulicola,0,0,0,0,0,0,0,0,0,0,0,0,0,0,0,0,0,0,0,0,0,0,0,0,0,0,0,0,0,0,0,0,0,0,0,0,0,0,0,0,0,0,0,0,0,0,0,0,0,0,0,,0,0,0,0,0,,0,0,0,0,0,0,0,0,0,0,0,0,0,0,0,0,0,0,0,0,,,0,0,0,,0,0,0,0,0,,0,0,0,0,0,0,0,1,0,0,0,0
B,Salinimicrobium_sp155,0,0,0,0,0,0,0,0,0,0,0,0,0,0,0,0,0,0,0,0,0,0,0,0,0,0,0,0,0,0,0,0,0,0,0,0,0,0,7,0,0,0,0,0,0,0,0,0,0,0,0,,0,0,0,0,0,,0,0,0,0,0,0,0,0,0,0,0,0,0,0,0,0,0,0,0,0,,,0,0,0,,0,0,0,0,0,,0,0,0,0,0,0,0,0,0,0,0,70
B,Unid_Flavobacteriaceae,0,0,0,0,0,0,0,0,0,0,0,0,0,0,0,0,0,0,0,0,0,0,0,0,0,0,0,0,0,0,0,0,0,0,0,0,0,0,0,0,72,0,0,0,0,0,0,0,0,0,0,,0,0,0,0,0,,0,0,0,0,0,0,0,0,0,0,0,0,0,0,0,0,0,0,0,0,,,0,0,0,,0,0,0,0,0,,0,0,0,0,0,0,0,0,0,0,0,144
B,Unid_Flavobacteriales,0,0,0,0,0,0,0,0,0,0,0,0,0,0,0,0,0,0,0,0,0,0,0,0,0,0,0,0,0,0,14,0,0,0,0,0,0,0,0,0,0,0,0,0,0,0,0,0,0,0,0,,0,0,0,0,0,,0,0,0,0,0,0,0,0,0,0,0,0,0,0,0,0,0,0,0,0,,,0,0,0,,0,0,0,0,0,,0,0,0,0,0,0,0,0,0,0,0,0
B,Unid_Flavobacteriales156,0,0,0,0,0,0,0,0,0,0,0,0,0,0,0,0,0,0,0,0,0,0,0,0,0,0,0,0,0,0,0,0,0,0,0,0,0,0,0,0,0,0,0,0,0,0,0,0,0,0,0,,0,0,0,0,0,,0,0,0,0,0,0,0,0,0,0,0,0,0,0,0,0,0,0,0,0,,,0,0,0,,0,0,0,0,0,,0,0,0,0,0,0,0,0,0,5,0,0
B,Chishuiella_sp,0,0,0,0,0,0,0,0,0,0,0,0,0,0,0,0,0,0,0,0,0,0,0,0,0,0,0,0,0,0,0,0,0,0,0,0,0,0,0,0,0,0,0,0,0,0,0,0,0,0,0,,0,0,0,0,0,,0,0,0,0,0,0,0,0,0,0,0,0,0,0,0,0,0,0,0,0,,,0,0,0,,0,0,0,0,0,,0,0,0,0,0,0,0,0,0,0,0,77
B,Chryseobacterium_sp,0,0,0,0,0,0,0,0,0,0,0,0,0,0,0,0,0,0,0,0,0,0,0,0,0,0,0,0,0,0,0,0,0,0,0,0,0,0,0,0,0,0,0,0,0,0,0,0,0,0,0,,0,0,0,0,0,,0,0,0,0,0,0,0,0,0,0,0,0,0,0,0,0,0,0,0,0,,,0,0,0,,0,0,0,0,0,,0,0,0,0,0,0,0,0,15,0,0,0
B,Unid_Bacteroidia157,0,0,0,0,0,0,0,0,0,0,0,0,0,0,0,0,0,0,0,0,0,0,0,5,0,0,0,0,0,0,0,0,0,0,0,0,0,0,0,0,0,0,0,0,0,0,0,0,0,0,0,,0,0,0,0,0,,0,0,0,0,0,0,0,0,0,0,0,0,0,0,0,0,0,0,0,0,,,0,0,0,,0,0,0,0,0,,0,0,0,0,0,0,0,0,0,0,0,0
B,Unid_Sphingobacteriales,0,0,9,0,0,0,0,0,0,0,0,0,0,3,0,0,0,0,0,0,0,0,17,0,0,0,0,0,0,0,0,0,0,0,0,0,0,0,0,0,0,0,0,0,0,0,0,0,0,0,0,,0,0,0,0,0,,0,0,0,0,0,0,0,0,0,0,0,0,0,0,0,0,0,0,0,0,,,0,0,0,,0,0,0,0,0,,0,0,0,0,0,0,0,0,0,0,14,0
B,Unid_Sphingobacteriales158,0,8,0,0,2,0,9,7,22,0,0,0,10,23,0,0,0,0,0,9,40,0,46,0,20,0,0,0,0,51,11,0,11,0,16,16,0,19,17,0,0,0,0,0,0,0,0,0,0,0,0,,0,0,0,0,0,,0,0,0,0,0,0,0,0,0,0,0,0,0,0,0,0,0,0,0,0,,,0,0,0,,0,0,0,0,0,,15,0,23,17,0,0,0,16,0,16,23,0
B,Unid_Sphingobacteriales159,0,0,0,0,0,10,0,0,0,0,0,21,0,0,0,0,0,0,0,0,0,16,0,0,0,0,0,0,0,0,0,0,0,0,0,0,0,0,0,0,0,0,0,0,0,0,0,0,0,0,0,,0,0,0,0,0,,0,0,0,0,0,0,0,0,0,0,0,0,0,0,0,0,0,0,0,0,,,0,0,0,,0,0,0,0,0,,0,0,0,0,0,0,0,0,0,0,0,0
B,Unid_Sphingobacteriales160,0,76,51,0,66,51,46,59,66,0,39,32,0,52,0,27,0,12,62,85,96,0,159,0,0,54,0,111,0,38,0,0,57,55,48,0,1,0,57,67,70,68,0,0,0,0,0,0,0,0,0,,0,0,0,0,0,,0,0,0,0,0,0,0,0,0,0,0,0,0,0,0,0,0,0,0,0,,,0,0,0,,0,0,0,0,0,,44,72,37,44,47,35,0,0,96,43,63,0
B,Unid_Sphingobacteriales161,0,0,0,0,0,0,0,0,0,0,0,0,0,0,0,0,0,0,0,0,0,0,0,0,0,0,0,0,0,0,0,0,0,0,0,0,0,0,0,0,0,0,0,0,0,0,0,0,0,0,0,,0,0,0,0,0,,0,0,0,0,0,0,0,0,0,0,0,0,0,0,0,0,0,0,0,0,,,0,0,0,,0,0,0,0,0,,0,0,0,0,0,0,0,24,0,0,0,0
B,Unid_Sphingobacteriales162,0,0,0,0,0,0,0,0,0,0,0,0,0,0,0,0,0,0,0,0,0,0,0,0,0,0,56,0,0,0,0,0,0,0,0,0,63,0,0,0,0,0,0,0,0,0,0,0,0,0,0,,0,0,0,0,0,,0,0,0,0,0,0,0,0,0,0,0,0,0,0,0,0,0,0,0,0,,,0,0,0,,0,0,0,0,0,,0,0,0,0,0,0,0,102,0,0,0,52
B,Unid_Sphingobacteriales163,0,0,0,0,0,0,0,0,0,0,0,0,54,0,0,0,28,0,0,0,0,65,0,114,0,0,17,9,34,0,0,15,0,0,27,0,0,56,0,18,0,0,0,0,0,0,0,0,0,0,0,,0,0,0,0,0,,0,0,0,0,0,0,0,0,0,0,0,0,0,0,0,0,0,0,0,0,,,0,0,0,,19,0,0,0,0,,0,0,0,0,0,0,41,0,0,0,0,0
B,Unid_Sphingobacteriales164,53,0,0,44,0,0,0,0,0,0,0,0,0,0,0,0,0,0,0,0,0,0,0,0,55,0,0,0,0,15,26,0,0,0,0,26,0,0,0,0,0,0,0,0,0,0,0,0,0,0,0,,0,0,0,0,0,,0,0,0,0,0,0,0,0,0,0,0,0,0,0,0,0,0,0,0,0,,,0,0,0,,0,0,0,0,0,,0,0,0,0,0,0,0,0,0,0,0,0
B,Unid_Sphingobacteriales165,0,0,0,0,0,0,0,0,0,0,0,0,0,0,0,0,0,0,0,0,0,32,0,0,0,0,0,0,0,0,0,0,0,0,0,0,0,0,0,0,0,0,0,0,0,0,0,0,0,0,0,,0,0,0,0,0,,0,0,0,0,0,0,0,0,0,0,0,0,0,0,0,0,0,0,0,0,,,0,0,0,,0,0,0,0,0,,0,0,0,0,0,0,0,0,0,0,0,0
B,Unid_Sphingobacteriales166,0,0,0,0,0,0,0,0,0,0,0,0,0,0,0,0,0,0,0,6,0,0,0,0,0,0,0,0,0,0,0,0,0,0,0,0,0,0,0,0,0,0,0,0,0,0,0,0,0,0,0,,0,0,0,0,0,,0,0,0,0,0,0,0,0,0,0,0,0,0,0,0,0,0,0,0,0,,,0,0,0,,0,0,0,0,0,,0,0,0,0,0,0,0,0,0,0,0,0
B,Unid_Sphingobacteriales167,0,0,0,0,0,0,0,0,0,0,0,0,0,0,0,0,0,0,0,0,0,0,0,0,0,12,0,0,0,0,0,0,0,0,0,0,0,0,0,0,0,0,0,0,0,0,0,0,0,0,0,,0,0,0,0,0,,0,0,0,0,0,0,0,0,0,0,0,0,0,0,0,0,0,0,0,0,,,0,0,0,,0,0,0,0,0,,0,0,0,0,0,0,0,0,0,0,0,0
B,Lentimicrobiaceae_sp,0,0,0,0,0,0,0,0,0,0,0,0,0,0,0,0,0,0,0,0,0,0,0,0,0,0,0,0,0,0,0,0,0,0,0,0,0,0,0,0,0,0,0,0,0,0,0,0,0,0,0,,0,0,0,0,0,,0,0,0,0,0,0,0,0,0,0,0,0,0,0,0,0,0,0,0,0,,,0,0,0,,32,0,0,0,0,,0,0,0,0,0,0,0,0,0,0,0,0
B,Unid_Sphingobacteriales168,0,0,0,0,0,0,0,0,0,0,0,0,0,0,0,0,0,0,7,0,12,17,0,0,0,0,0,0,0,0,0,0,0,0,0,4,0,0,0,0,0,0,0,0,0,0,0,0,0,0,0,,0,0,0,0,0,,0,0,0,0,0,0,0,0,0,0,0,0,0,0,0,0,0,0,0,0,,,0,0,0,,0,0,0,0,0,,0,0,0,0,0,0,0,0,0,0,0,0
B,Unid_Sphingobacteriales169,0,0,0,0,0,10,0,0,0,0,0,16,28,0,0,0,31,0,0,0,0,0,0,16,0,0,0,22,0,0,0,0,0,0,0,19,0,0,0,33,0,0,0,0,0,0,0,0,0,0,0,,0,0,0,0,0,,0,0,0,0,0,0,0,0,0,0,0,0,0,0,0,0,0,0,0,0,,,0,0,0,,0,0,0,0,0,,0,0,0,0,0,0,0,0,0,0,0,0
B,Unid_Sphingobacteriales170,0,0,0,0,0,0,0,0,0,0,0,0,0,0,0,0,0,0,0,0,0,0,0,0,0,0,0,0,0,0,0,0,0,0,0,0,0,0,0,0,5,0,0,0,0,0,0,0,0,0,0,,0,0,0,0,0,,0,0,0,0,0,0,0,0,0,0,0,0,0,0,0,0,0,0,0,0,,,0,0,0,,0,0,0,0,0,,0,0,0,0,0,0,0,0,0,0,0,0
B,Unid_Sphingobacteriales171,72,48,0,39,0,25,27,26,0,0,0,53,0,49,0,24,24,0,18,0,57,21,45,39,25,0,43,0,0,11,0,44,0,0,31,38,0,39,75,42,0,0,0,0,0,0,0,0,0,0,0,,0,0,0,0,0,,0,0,0,0,0,0,0,0,0,0,0,0,0,0,0,0,0,0,0,0,,,0,0,0,,0,0,0,0,0,,39,31,57,33,0,0,56,44,0,0,0,14
B,Unid_Sphingobacteriaceae,0,0,0,0,0,0,0,0,0,0,0,0,0,0,0,0,0,0,0,0,0,0,0,0,0,0,0,0,0,0,0,0,0,0,0,0,0,5,0,0,0,0,0,0,0,0,0,0,0,0,0,,0,0,0,0,0,,0,0,0,0,0,0,0,0,0,0,0,0,0,0,0,0,0,0,0,0,,,0,0,0,,0,0,0,0,0,,0,0,0,0,0,5,8,0,0,0,0,0
B,Anseongella_ginsenosidimutans,0,0,0,0,0,0,0,0,0,0,0,0,0,0,0,0,0,0,0,0,0,0,0,0,0,0,0,0,0,0,0,0,0,0,0,0,0,0,0,0,0,0,0,0,0,0,0,0,0,0,0,,0,0,0,0,0,,0,0,0,0,0,0,0,0,0,0,0,0,0,0,0,0,0,0,0,0,,,0,0,0,,0,0,0,0,0,,0,0,0,0,0,0,0,0,0,0,0,1
B,Mucilaginibacter_sp,0,0,0,0,0,0,0,0,0,0,0,0,0,0,0,0,0,0,0,0,0,0,0,0,0,0,0,0,0,0,0,0,0,0,0,0,0,0,0,0,0,0,0,0,0,0,0,0,0,0,0,,0,0,0,0,0,,0,0,0,0,0,0,0,0,0,0,0,0,0,0,0,0,0,0,0,0,,,0,0,0,,22,0,0,0,0,,0,0,0,0,0,0,0,0,0,0,0,0
B,Parapedobacter_sp,0,0,0,0,0,0,0,0,0,0,0,0,0,0,0,0,0,0,0,0,0,0,0,0,0,0,0,0,0,0,0,0,0,0,0,0,0,0,0,0,0,7,0,0,0,0,0,0,0,0,0,,0,0,0,0,0,,0,0,0,0,0,0,0,0,0,0,0,0,0,0,0,0,0,0,0,0,,,0,0,0,,0,0,0,0,0,,0,0,0,0,0,0,0,0,0,0,0,16
B,Parapedobacter_sp172,0,0,0,0,0,0,0,0,0,0,0,0,0,0,0,0,0,0,0,0,0,0,0,0,0,0,0,0,0,0,0,0,0,0,0,0,0,0,0,0,0,38,0,0,0,0,0,0,0,0,0,,0,0,0,0,0,,0,0,0,0,0,0,0,0,0,0,0,0,0,0,0,0,0,0,0,0,,,0,0,0,,0,0,0,0,0,,0,0,0,0,0,0,0,0,0,0,0,0
B,Pedobacter_sp,0,0,0,0,0,0,0,0,0,0,0,0,0,0,0,0,0,0,0,0,0,0,19,0,0,0,12,0,0,0,0,0,0,0,0,0,0,0,0,0,0,0,0,0,0,0,0,0,0,0,0,,0,0,0,0,0,,0,0,0,0,0,0,0,0,0,0,0,0,0,0,0,0,0,0,0,0,,,0,0,0,,0,0,0,0,0,,0,0,0,0,0,0,0,0,0,0,0,0
B,Pedobacter_ginsengisoli,0,0,0,0,0,0,8,0,0,0,0,0,0,0,0,0,0,0,0,0,0,0,0,0,0,0,0,0,0,0,0,0,0,0,0,0,0,0,0,0,0,0,0,0,0,0,0,0,0,0,0,,0,0,0,0,0,,0,0,0,0,0,0,0,0,0,0,0,0,0,0,0,0,0,0,0,0,,,0,0,0,,0,0,0,0,0,,0,0,0,0,0,0,0,0,0,0,0,0
B,Sphingobacteriaceae_sp,0,0,0,0,0,0,0,0,0,0,0,0,0,0,0,0,0,0,0,0,0,0,0,0,0,2,0,0,0,0,0,0,0,0,0,0,0,0,0,0,0,0,0,0,0,0,0,0,0,0,0,,0,0,0,0,0,,0,0,0,0,0,0,0,0,0,0,0,0,0,0,0,0,0,0,0,0,,,0,0,0,,0,0,0,0,0,,0,0,0,0,0,0,0,0,0,0,0,0
B,Sphingobacterium_sp,0,0,0,0,0,3,0,0,0,0,0,0,0,0,0,0,0,0,0,0,0,0,0,0,0,0,7,0,0,0,0,14,0,1,0,0,0,0,0,0,0,0,0,0,0,0,0,0,0,0,0,,0,0,0,0,0,,0,0,0,0,0,0,0,0,0,0,0,0,0,0,0,0,0,0,0,0,,,0,0,0,,0,0,0,0,0,,0,0,0,0,0,0,0,0,0,0,0,0
B,Unid_Sphingobacteriales173,0,0,0,0,0,0,0,0,0,0,0,0,0,0,0,0,0,0,0,0,0,0,0,0,0,0,0,0,0,0,0,0,0,0,0,0,0,0,0,0,0,0,0,0,0,0,0,0,0,0,0,,0,0,0,0,0,,0,0,0,0,0,0,0,0,0,0,0,0,0,0,0,0,0,0,0,0,,,0,0,0,,9,0,0,0,0,,0,0,0,0,0,0,0,0,0,0,0,0
B,Unid_Ignavibacteriales,0,0,0,0,0,0,0,0,0,0,0,0,0,0,0,0,0,0,0,0,0,0,0,0,0,0,0,0,0,0,0,0,0,0,0,0,0,0,0,0,0,0,0,0,0,0,0,0,0,0,0,,0,0,0,0,0,,0,0,0,0,0,0,0,0,0,0,0,0,0,0,0,0,0,0,0,0,,,0,0,0,,1,0,0,0,0,,0,0,0,0,0,0,0,0,0,0,0,0
B,Kapabacteriales_sp,20,0,0,0,0,0,0,0,17,0,0,0,0,0,0,0,0,0,0,13,0,0,16,0,0,0,31,0,0,0,0,0,0,0,0,8,0,0,0,0,0,0,0,0,0,0,0,0,0,0,0,,0,0,0,0,0,,0,0,0,0,0,0,0,0,0,0,0,0,0,0,0,0,0,0,0,0,,,0,0,0,,0,0,0,0,0,,0,0,0,0,0,0,19,0,0,0,0,0
B,Kapabacteriales_sp174,0,25,0,0,0,0,0,0,0,16,0,19,14,47,0,41,25,0,0,0,14,18,23,21,6,0,0,14,0,0,15,0,0,0,0,0,0,17,33,0,0,0,0,0,0,0,0,0,0,0,0,,0,0,0,0,0,,0,0,0,0,0,0,0,0,0,0,0,0,0,0,0,0,0,0,0,0,,,0,0,0,,37,0,0,0,0,,31,22,0,18,0,0,0,43,0,37,39,21
B,Kapabacteriales_sp175,0,0,0,0,0,0,0,0,19,0,0,0,0,0,0,0,0,0,0,0,0,0,0,0,0,0,0,0,0,0,0,0,0,0,0,0,0,0,0,0,0,16,0,0,0,0,0,0,0,0,0,,0,0,0,0,0,,0,0,0,0,0,0,0,0,0,0,0,0,0,0,0,0,0,0,0,0,,,0,0,0,,0,0,0,0,0,,0,0,0,0,0,0,0,0,0,0,0,0
B,Kapabacteriales_sp176,0,0,0,0,0,0,0,10,21,0,0,0,0,0,0,0,10,0,0,28,26,0,0,0,9,0,0,0,0,0,0,0,0,0,0,0,16,0,0,0,0,0,0,0,0,0,0,0,0,0,0,,0,0,0,0,0,,0,0,0,0,0,0,0,0,0,0,0,0,0,0,0,0,0,0,0,0,,,0,0,0,,0,0,0,0,0,,0,14,0,0,0,9,0,40,18,8,0,0
B,Balneolaceae_sp,0,0,0,0,0,0,0,0,0,0,0,0,0,0,0,0,0,0,0,0,0,0,0,0,0,0,0,0,0,0,0,0,0,0,0,0,0,0,0,0,0,0,0,0,0,0,0,0,0,0,0,,0,0,0,0,0,,0,0,0,0,0,0,0,0,0,0,0,0,0,0,0,0,0,0,0,0,,,0,0,0,,0,0,0,0,0,,0,0,0,0,0,0,0,5,0,0,0,0
B,Rhodothermaceae_sp,18,0,0,0,0,0,22,0,34,0,0,0,0,0,8,0,0,0,0,0,0,0,16,0,0,0,0,0,0,0,0,0,0,0,18,0,0,0,19,0,0,19,0,0,0,0,0,0,0,0,0,,0,0,0,0,0,,0,0,0,0,0,0,0,0,0,0,0,0,0,0,0,0,0,0,0,0,,,0,0,0,,0,0,0,0,0,,26,20,28,0,0,0,0,15,0,26,26,0
B,Unid_Rhodothermaceae,0,0,0,0,0,0,0,0,0,0,0,0,0,0,0,0,0,0,0,0,0,0,0,0,16,0,19,0,0,0,0,0,0,0,0,0,6,0,0,0,0,0,0,0,0,0,0,0,0,0,0,,0,0,0,0,0,,0,0,0,0,0,0,0,0,0,0,0,0,0,0,0,0,0,0,0,0,,,0,0,0,,0,0,0,0,0,,0,0,1,0,0,0,0,0,0,0,0,0
B,Unid_Rhodothermaceae177,11,0,0,0,0,0,0,0,0,0,0,0,0,0,0,0,0,0,0,0,9,9,0,0,0,0,0,0,0,0,0,0,0,0,0,0,0,13,2,0,0,0,0,0,0,0,0,0,0,0,0,,0,0,0,0,0,,0,0,0,0,0,0,0,0,0,0,0,0,0,0,0,0,0,0,0,0,,,0,0,0,,0,0,0,0,0,,0,0,0,0,0,0,12,0,0,0,0,0
B,Unid_Rhodothermaceae178,0,0,0,0,0,0,0,0,0,0,0,0,0,0,0,0,0,0,0,0,0,0,0,0,0,0,0,0,0,0,0,0,0,0,0,0,0,0,0,0,0,0,0,0,0,0,0,0,0,0,0,,0,0,0,0,0,,0,0,0,0,0,0,0,0,0,0,0,0,0,0,0,0,0,0,0,0,,,0,0,0,,0,0,0,0,0,,0,0,0,0,0,0,0,0,0,0,0,42
B,Unid_Rhodothermaceae179,0,0,0,0,0,0,0,0,0,0,0,0,0,0,0,0,0,0,0,0,0,0,0,0,0,0,0,0,0,0,0,0,0,0,0,0,0,0,0,0,27,0,0,0,0,0,0,0,0,0,0,,0,0,0,0,0,,0,0,0,0,0,0,0,0,0,0,0,0,0,0,0,0,0,0,0,0,,,0,0,0,,0,0,0,0,0,,0,0,0,0,0,0,0,0,0,0,0,0
B,Unid_Rhodothermaceae180,0,0,0,0,0,0,0,0,0,0,0,0,0,0,0,0,0,0,0,0,0,0,0,0,39,0,0,0,0,0,0,0,0,0,0,0,0,0,0,20,0,0,0,0,0,0,0,0,0,0,0,,0,0,0,0,0,,0,0,0,0,0,0,0,0,0,0,0,0,0,0,0,0,0,0,0,0,,,0,0,0,,0,0,0,0,0,,13,18,0,0,0,0,0,0,0,0,0,0
B,Unid_Bacteroidota,0,0,0,0,0,0,0,0,0,0,0,0,0,0,0,0,0,0,0,0,0,0,0,0,0,0,0,0,0,0,0,0,0,0,0,0,0,0,0,0,0,0,0,0,0,0,0,0,0,0,0,,0,0,0,0,0,,0,0,0,0,0,0,0,0,0,0,0,0,0,0,0,0,0,0,0,0,,,0,0,0,,25,0,0,0,0,,0,0,0,0,0,0,0,0,0,0,0,0
B,Peredibacter_sp,0,0,0,0,0,0,0,0,0,0,0,0,0,0,0,0,0,0,0,0,0,0,0,0,0,0,0,0,0,0,0,0,0,0,0,0,0,0,0,0,0,0,0,0,0,0,0,0,0,0,0,,0,0,0,0,0,,0,0,0,0,0,0,0,0,0,0,0,0,0,0,0,0,0,0,0,0,,,0,0,0,,0,0,0,0,0,,0,0,0,0,0,0,0,0,0,0,0,69
B,Peredibacter_sp181,0,0,0,0,0,0,0,0,0,0,0,0,0,0,0,0,0,0,0,0,0,0,6,0,0,0,0,0,0,0,0,0,0,0,0,0,0,0,0,0,0,0,0,0,0,0,0,0,0,0,0,,0,0,0,0,0,,0,0,0,0,0,0,0,0,0,0,0,0,0,0,0,0,0,0,0,0,,,0,0,0,,0,0,0,0,0,,0,0,0,0,0,0,0,0,0,0,0,0
B,Bdellovibrio_sp,0,0,0,0,0,0,0,0,7,0,0,0,0,0,0,0,0,0,0,0,0,0,0,0,0,0,0,0,0,0,0,0,0,0,0,0,0,16,0,0,0,0,0,0,0,0,0,0,0,0,0,,0,0,0,0,0,,0,0,0,0,0,0,0,0,0,0,0,0,0,0,0,0,0,0,0,0,,,0,0,0,,0,0,0,0,0,,0,0,0,0,0,0,0,0,0,0,0,0
B,Bdellovibrionales_bacterium,0,0,0,0,0,0,0,0,0,0,0,0,0,0,2,0,0,0,0,0,0,0,0,0,0,0,0,0,0,0,0,0,0,0,0,0,0,0,0,0,0,0,0,0,0,0,0,0,0,0,0,,0,0,0,0,0,,0,0,0,0,0,0,0,0,0,0,0,0,0,0,0,0,0,0,0,0,,,0,0,0,,0,0,0,0,0,,0,0,0,0,0,0,0,0,0,0,0,0
B,Bdellovibrio_sp182,0,0,0,0,0,0,0,0,0,0,0,0,0,0,0,0,0,0,0,0,0,0,0,0,0,0,0,0,0,0,0,0,0,0,0,0,0,0,0,0,0,0,0,0,0,0,0,0,0,0,0,,0,0,0,0,0,,0,0,0,0,0,0,0,0,0,0,0,0,0,0,0,0,0,0,0,6,,,0,0,0,,40,0,0,0,0,,0,0,0,0,0,0,0,0,0,0,0,0
B,Bdellovibrio_sp183,0,0,0,0,0,0,0,0,0,0,0,0,0,0,0,0,0,0,0,0,0,0,0,0,0,0,0,0,0,0,5,0,0,0,0,0,0,19,0,0,0,0,0,0,0,0,0,0,0,0,0,,0,0,0,0,0,,0,0,0,0,0,0,0,0,0,0,0,0,0,0,0,0,0,0,0,0,,,0,0,0,,0,0,0,0,0,,0,0,0,0,0,0,0,0,0,0,0,0
B,Bdellovibrio_sp184,0,0,0,0,0,0,19,0,27,0,0,0,0,0,0,0,6,0,0,0,0,0,0,0,0,0,0,0,0,0,0,0,0,0,0,0,0,0,0,0,0,0,0,0,0,0,0,0,0,0,0,,0,0,0,0,0,,0,0,0,0,0,0,0,0,0,0,0,0,0,0,0,0,0,0,0,0,,,0,0,0,,0,0,0,0,0,,0,0,0,0,0,0,0,0,0,0,0,0
B,Bdellovibrio_sp185,0,0,0,0,6,0,0,0,0,0,0,0,0,0,0,0,0,0,0,0,0,0,0,0,0,0,0,0,0,0,0,5,0,0,0,0,0,0,0,0,0,0,0,0,0,0,0,0,0,0,0,,0,0,0,0,0,,0,0,0,0,0,0,0,0,0,0,0,0,0,0,0,0,0,0,0,0,,,0,0,0,,0,0,0,0,0,,0,0,0,0,0,0,0,0,0,0,0,0
B,Bdellovibrio_sp186,0,0,0,0,0,0,0,0,0,0,0,0,0,0,0,0,0,0,0,0,0,0,0,0,0,0,0,0,0,0,0,0,0,0,0,0,0,0,0,0,0,0,0,0,0,0,0,0,0,0,0,,0,0,0,0,0,,0,0,0,0,0,0,0,0,0,0,0,0,0,0,0,0,0,0,0,0,,,0,0,0,,0,0,0,0,0,,0,0,0,0,0,0,3,0,0,0,0,0
B,Unid_Bdellovibrionaceae,0,0,0,0,0,0,0,0,0,0,0,0,0,0,0,0,0,0,0,0,0,0,0,0,0,0,0,0,0,0,0,0,0,0,0,0,0,0,0,0,0,0,0,0,0,0,0,0,0,0,0,,0,0,0,0,0,,0,0,0,0,0,0,0,0,0,0,0,0,0,0,0,0,0,0,0,0,,,0,0,0,,0,0,0,0,0,,0,33,0,0,0,0,0,0,0,0,0,0
B,Unid_Bdellovibrionaceae187,0,0,0,0,0,0,0,0,0,0,0,78,0,0,0,0,0,0,0,13,0,0,0,0,0,0,0,0,35,0,0,0,0,0,0,0,0,0,0,0,0,0,0,0,0,0,0,0,0,0,0,,0,0,0,0,0,,0,0,0,0,0,0,0,0,0,0,0,0,0,0,0,0,0,0,0,0,,,0,0,0,,0,0,0,0,0,,0,0,0,0,0,0,0,0,38,0,0,0
B,Unid_Bdellovibrionaceae188,0,0,0,0,0,0,0,0,0,0,0,0,52,0,0,0,0,0,0,32,37,40,0,0,0,33,0,0,0,0,0,0,0,0,0,0,0,0,0,0,0,0,0,0,0,0,0,0,0,0,0,,0,0,0,0,0,,0,0,0,0,0,0,0,0,0,0,0,0,0,0,0,0,0,0,0,0,,,0,0,0,,0,0,0,0,0,,0,26,0,0,0,0,0,0,0,39,0,0
B,Unid_Bdellovibrionaceae189,0,0,0,0,0,0,0,0,0,0,0,0,0,0,0,0,0,0,0,0,0,0,0,4,0,0,0,0,0,0,0,0,0,0,0,0,0,0,0,0,0,0,0,0,0,0,0,0,0,0,0,,0,0,0,0,0,,0,0,0,0,0,0,0,0,0,0,0,0,0,0,0,0,0,0,0,0,,,0,0,0,,0,0,0,0,0,,0,0,0,0,0,0,0,0,0,0,0,0
B,Unid_Oligoflexia,0,0,0,0,0,0,0,0,0,0,0,0,0,0,0,17,36,0,0,0,0,0,0,0,0,0,0,0,0,0,0,0,0,0,0,0,0,0,0,0,0,0,0,0,0,0,0,0,0,0,0,,0,0,0,0,0,,0,0,0,0,0,0,0,0,0,0,0,0,0,0,0,0,0,0,0,0,,,0,0,0,,0,0,0,0,0,,0,0,0,0,0,0,0,0,0,0,0,0
B,Unid_Oligoflexia190,0,0,0,0,0,0,0,0,0,0,0,0,0,0,0,0,0,0,0,0,0,0,0,0,0,0,0,0,0,0,0,0,0,0,0,0,0,0,12,0,0,0,0,0,0,0,0,0,0,0,0,,0,0,0,0,0,,0,0,0,0,0,0,0,0,0,0,0,0,0,0,0,0,0,0,0,0,,,0,0,0,,0,0,0,0,0,,0,0,0,0,0,0,0,0,0,0,0,0
B,Unid_Oligoflexia191,0,0,0,0,0,0,0,0,0,0,0,0,0,0,0,0,0,0,0,0,0,0,0,0,0,0,0,0,0,0,0,0,0,0,0,0,0,0,0,0,0,0,0,0,0,0,0,0,0,0,0,,0,0,0,0,0,,0,0,0,0,0,0,0,0,0,0,0,0,0,0,0,0,0,0,0,0,,,0,0,0,,0,0,0,0,0,,0,10,0,0,0,0,0,0,0,0,0,0
B,Unid_Oligoflexia192,0,0,0,0,0,0,0,0,0,0,0,0,0,9,0,0,0,0,0,0,0,0,0,0,0,0,0,0,0,0,0,0,0,0,0,0,0,0,0,0,0,0,0,0,0,0,0,0,0,0,0,,0,0,0,0,0,,0,0,0,0,0,0,0,0,0,0,0,0,0,0,0,0,0,0,0,0,,,0,0,0,,0,0,0,0,0,,0,0,0,0,0,0,0,0,0,0,0,0
B,Unid_Chloroflexi,0,0,0,0,0,0,0,0,0,0,0,0,0,0,0,0,0,0,0,0,0,0,0,0,0,0,0,0,0,0,0,0,0,0,0,0,0,0,0,0,0,0,0,0,0,0,0,0,0,0,0,,0,0,0,0,0,,0,0,0,0,0,0,0,0,0,0,0,0,0,0,0,0,0,0,0,0,,,0,0,0,,52,0,0,0,0,,0,0,0,0,0,0,0,0,0,0,0,0
B,Anaerolineae_sp,0,0,0,0,0,0,0,0,0,0,0,0,0,0,0,0,0,0,0,0,0,0,0,0,0,0,0,0,0,0,0,0,0,0,0,0,0,0,0,0,0,0,0,0,0,0,0,0,0,0,0,,0,0,0,0,0,,0,0,0,0,0,0,0,0,0,0,0,0,0,0,0,0,0,0,0,0,,,0,0,0,,40,0,0,0,0,,0,0,0,0,0,0,0,0,0,0,0,0
B,Unid_Anaerolineaceae,0,0,0,0,0,0,0,0,0,0,0,0,0,0,0,0,0,0,0,0,0,0,0,0,8,0,0,0,0,0,0,0,0,0,0,0,0,0,0,0,0,0,0,0,0,0,0,0,0,0,0,,0,0,0,0,0,,0,0,0,0,0,0,0,0,0,0,0,0,0,0,0,0,0,0,0,0,,,0,0,0,,0,0,0,0,0,,0,0,0,0,0,0,0,0,9,0,0,0
B,Unid_Anaerolineaceae193,0,0,0,20,0,0,0,0,0,0,0,0,0,0,0,0,0,0,0,0,0,0,0,0,0,0,0,0,0,0,0,0,0,0,0,0,0,0,0,0,0,0,0,0,0,0,0,0,0,0,0,,0,0,0,0,0,,0,0,0,0,0,0,0,0,0,0,0,0,0,0,0,0,0,0,0,0,,,0,0,0,,29,0,0,0,0,,0,0,0,0,0,0,0,0,0,0,0,0
B,Unid_Anaerolineaceae194,0,0,0,0,0,0,0,0,0,0,0,0,0,34,0,0,0,0,31,40,0,0,29,0,0,0,0,0,0,0,0,0,0,0,36,0,0,33,0,42,0,0,0,0,0,0,0,0,0,0,0,,0,0,0,0,0,,0,0,0,0,0,0,0,0,0,0,0,0,0,0,0,0,0,0,0,0,,,0,0,0,,0,0,0,0,0,,0,50,56,0,0,0,37,36,40,23,46,0
B,Unid_Ardenticatenaceae,0,0,0,0,0,0,0,0,0,0,0,0,0,0,0,0,0,0,0,0,0,0,15,0,0,0,0,0,0,0,0,0,0,0,0,0,0,0,0,0,0,0,0,0,0,0,0,0,0,0,0,,0,0,0,0,0,,0,0,0,0,0,0,0,0,0,0,0,0,0,0,0,0,0,0,0,0,,,0,0,0,,0,0,0,0,0,,0,0,0,0,0,0,0,0,0,18,0,0
B,Unid_Ardenticatenaceae195,0,0,0,0,0,0,0,0,0,0,0,0,0,0,0,0,0,0,0,0,0,0,0,0,0,0,0,0,0,0,0,0,0,0,0,0,0,0,0,0,0,0,0,0,0,0,0,0,0,0,0,,0,0,0,0,0,,0,0,0,0,0,0,0,0,0,0,0,0,0,0,0,0,0,0,0,0,,,0,0,0,,0,0,0,0,0,,0,0,0,0,0,0,2,0,0,0,0,0
B,Unid_Ardenticatenaceae196,0,0,0,0,0,0,0,0,0,0,0,0,0,0,0,0,0,0,0,0,0,0,0,0,0,0,0,0,0,0,0,0,0,0,0,0,0,0,0,0,0,0,0,0,0,0,0,0,0,0,0,,0,0,0,0,0,,0,0,0,0,0,0,0,0,0,0,0,0,0,0,0,0,0,0,0,0,,,0,0,0,,0,0,0,0,0,,0,7,0,0,0,0,0,16,0,0,0,0
B,Unid_Ardenticatenaceae197,9,0,0,0,0,0,0,0,0,0,0,0,0,0,0,0,0,0,0,0,0,0,0,0,0,0,0,0,0,0,0,0,9,0,0,0,0,0,0,0,0,0,0,0,0,0,0,0,0,0,0,,0,0,0,0,0,,0,0,0,0,0,0,0,0,0,0,0,0,0,0,0,0,0,0,0,0,,,0,0,0,,0,0,0,0,0,,0,0,0,0,0,0,0,0,0,0,0,0
B,Unid_Ardenticatenales,0,0,0,0,0,0,0,0,34,0,0,0,0,0,0,0,0,0,0,0,0,0,0,0,0,0,0,0,0,0,0,0,0,37,0,0,0,0,0,0,0,0,0,0,0,0,0,0,0,0,0,,0,0,0,0,0,,0,0,0,0,0,0,0,0,0,0,0,0,0,0,0,0,0,0,0,0,,,0,0,0,,0,0,0,0,0,,0,0,38,0,0,0,0,0,0,0,0,0
B,Unid_Ardenticatenales198,0,0,0,0,0,0,0,0,0,0,0,19,0,0,17,0,0,0,30,26,0,0,26,0,0,0,0,0,27,0,0,18,0,0,0,0,0,0,0,0,0,0,0,0,0,0,0,0,0,0,0,,0,0,0,0,0,,0,0,0,0,0,0,0,0,0,0,0,0,0,0,0,0,0,0,0,0,,,0,0,0,,0,0,0,0,0,,25,0,0,25,0,37,0,0,25,0,0,0
B,Litorilinea_sp,0,0,0,0,0,0,0,0,0,0,0,0,0,0,0,0,0,0,0,0,0,0,0,0,0,0,0,0,0,21,0,0,0,0,0,0,0,0,0,0,0,0,0,0,0,0,0,0,0,0,0,,0,0,0,0,0,,0,0,0,0,0,0,0,0,0,0,0,0,0,0,0,0,0,0,0,0,,,0,0,0,,0,0,0,0,0,,0,0,0,0,0,0,0,0,0,0,0,0
B,Litorilinea_sp199,0,0,0,0,0,0,0,23,0,0,0,0,0,0,13,0,0,0,0,0,0,0,0,0,0,0,20,0,0,0,0,0,0,0,0,0,0,0,0,0,0,13,0,0,0,0,0,0,0,0,0,,0,0,0,0,0,,0,0,0,0,0,0,0,0,0,0,0,0,0,0,0,0,0,0,0,0,,,0,0,0,,0,0,0,0,0,,0,0,0,0,0,0,0,0,0,0,0,0
B,Litorilinea_sp200,0,0,0,0,0,0,0,0,0,0,11,0,0,0,0,0,0,0,0,0,0,0,0,0,0,0,0,0,0,0,0,0,0,0,0,0,0,0,0,0,0,0,0,0,0,0,0,0,0,0,0,,0,0,0,0,0,,0,0,0,0,0,0,0,0,0,0,0,0,0,0,0,0,0,0,0,3,,,0,0,0,,0,0,0,0,0,,0,0,0,0,0,0,0,0,0,0,0,0
B,Litorilinea_sp201,0,0,0,0,0,0,0,0,0,0,0,0,0,0,0,0,0,0,0,0,0,0,0,0,0,0,0,0,0,0,0,0,16,0,0,0,0,0,0,0,0,0,0,0,0,0,0,0,0,0,0,,0,0,0,0,0,,0,0,0,0,0,0,0,0,0,0,0,0,0,0,0,0,0,0,0,0,,,0,0,0,,0,0,0,0,0,,0,0,0,0,0,0,0,0,0,0,0,0
B,Unid_Caldilineaceae,0,0,0,39,0,0,0,0,71,0,0,0,0,0,0,0,0,0,0,81,56,0,0,0,68,0,0,0,0,0,0,0,0,0,0,0,0,42,0,0,0,0,0,0,0,0,0,0,0,0,0,,0,0,0,0,0,,0,0,0,0,0,0,0,0,0,0,0,0,0,0,0,0,0,0,0,0,,,0,0,0,,0,0,0,0,0,,0,0,71,0,0,95,95,0,0,71,0,0
B,Unid_Caldilineaceae202,46,87,107,0,0,0,55,87,0,0,0,70,0,64,43,0,39,0,67,0,0,81,94,73,0,112,81,104,0,93,80,68,102,7,56,65,0,0,0,86,81,72,0,0,0,0,0,0,0,0,0,,0,0,0,0,0,,0,0,0,0,0,0,0,0,0,0,0,0,0,0,0,0,0,0,0,0,,,0,0,0,,0,0,0,0,0,,53,95,0,67,0,0,0,85,0,0,74,0
B,Unid_Caldilineaceae203,0,0,0,0,0,0,0,0,0,0,53,0,0,0,0,0,0,0,0,0,0,0,0,0,0,0,0,0,0,0,0,0,0,0,0,0,0,0,0,0,0,0,0,0,0,0,0,0,0,0,0,,0,0,0,0,0,,0,0,0,0,0,0,0,0,0,0,0,0,0,0,0,0,0,0,0,0,,,0,0,0,,0,0,0,0,0,,0,0,0,0,90,0,0,0,0,0,0,0
B,Unid_Caldilineaceae204,0,0,0,0,0,41,0,0,0,0,0,0,0,0,0,0,0,0,0,0,0,0,0,0,0,0,0,0,66,0,0,0,0,0,0,0,0,0,0,0,0,0,0,0,0,0,0,0,0,0,0,,0,0,0,0,0,,0,0,0,0,0,0,0,0,0,0,0,0,0,0,0,0,0,0,0,0,,,0,0,0,,0,0,0,0,0,,0,0,0,0,0,0,0,0,0,0,0,38
B,Unid_Anaerolineae,0,0,0,0,0,0,0,0,0,0,0,0,0,0,0,0,0,0,0,0,0,0,0,0,0,0,0,0,0,0,0,0,0,0,0,0,0,0,0,0,0,0,0,0,0,0,0,0,0,0,0,,0,0,0,0,0,,0,0,0,0,0,0,0,0,0,0,0,0,0,0,0,0,0,0,0,0,,,0,0,0,,62,0,0,0,0,,0,0,0,0,0,0,0,0,0,0,0,0
B,Unid_Anaerolineae205,0,0,0,0,0,0,0,0,0,0,0,0,0,0,0,0,0,10,0,0,0,0,0,0,0,0,0,0,0,0,0,0,0,0,0,0,0,0,0,0,7,0,0,0,0,0,0,0,0,0,0,,0,0,0,0,0,,0,0,0,0,0,0,0,0,0,0,0,0,0,0,0,0,0,0,0,0,,,0,0,0,,0,0,0,0,0,,0,0,0,0,9,0,0,0,9,0,0,0
B,Unid_Anaerolineae206,0,0,0,0,0,0,0,0,0,0,0,0,0,0,0,0,0,0,0,0,0,0,10,0,0,0,0,0,0,0,0,0,0,0,0,0,0,0,0,11,0,15,0,0,0,0,0,0,0,0,0,,0,0,0,0,0,,0,0,0,0,0,0,0,0,0,0,0,0,0,0,0,0,0,0,0,0,,,0,0,0,,0,0,0,0,0,,0,0,0,0,0,0,0,0,0,0,0,0
B,Unid_Anaerolineae207,0,0,0,0,0,0,0,0,0,0,0,0,0,0,0,0,0,0,0,0,0,0,0,0,0,0,0,0,0,0,0,10,0,0,0,0,0,0,0,0,0,0,0,0,0,0,0,0,0,0,0,,0,0,0,0,0,,0,0,0,0,0,0,0,0,0,0,0,0,0,0,0,0,0,0,0,0,,,0,0,0,,0,0,0,0,0,,0,0,0,0,0,0,0,0,0,0,0,0
B,Unid_Anaerolineae208,0,0,0,0,0,0,0,0,0,0,0,0,0,0,0,0,0,0,0,0,12,0,0,0,0,0,0,0,0,0,0,0,0,0,0,0,0,0,0,0,0,0,0,0,0,0,0,0,0,0,0,,0,0,0,0,0,,0,0,0,0,0,0,0,0,0,0,0,0,0,0,0,0,0,0,0,0,,,0,0,0,,0,0,0,0,0,,0,0,0,0,0,0,0,0,0,0,0,0
B,Unid_Anaerolineae209,0,0,0,0,0,0,0,0,0,0,0,0,0,0,0,0,0,0,0,0,0,0,0,0,0,0,0,0,0,0,0,0,0,0,0,0,0,0,0,0,0,22,0,0,0,0,0,0,0,0,0,,0,0,0,0,0,,0,0,0,0,0,0,0,0,0,0,0,0,0,0,0,0,0,0,0,0,,,0,0,0,,0,0,0,0,0,,0,0,0,0,0,0,17,0,0,0,0,0
B,Unid_Anaerolineae210,0,0,0,0,0,0,0,0,0,0,0,0,0,0,0,0,0,0,0,0,0,0,0,0,0,0,0,0,0,0,0,0,0,0,0,0,0,0,0,0,0,0,0,0,0,0,0,0,0,0,0,,0,0,0,0,0,,0,0,0,0,0,0,0,0,0,0,0,0,0,0,0,0,0,0,0,0,,,0,0,0,,50,0,0,0,0,,0,0,0,0,0,0,0,0,0,0,0,0
B,Unid_Anaerolineae211,0,0,0,0,0,0,0,0,0,0,0,0,0,0,0,0,0,0,0,13,0,0,0,0,0,0,0,0,0,0,0,0,0,0,0,0,0,0,0,0,0,0,0,0,0,0,0,0,0,0,0,,0,0,0,0,0,,0,0,0,0,0,0,0,0,0,0,0,0,0,0,0,0,0,0,0,0,,,0,0,0,,0,0,0,0,0,,0,0,0,0,0,0,0,0,0,0,0,0
B,Candidatus_Chloroploca_sp,0,0,0,0,0,0,0,0,0,0,0,0,0,0,0,0,0,0,13,0,0,0,0,0,0,0,0,0,0,0,0,0,0,0,0,0,0,0,0,0,0,0,0,0,0,0,0,0,0,0,0,,0,0,0,0,0,,0,0,0,0,0,0,0,0,0,0,0,0,0,0,0,0,0,0,0,0,,,0,0,0,,0,0,0,0,0,,0,0,0,0,0,0,0,0,0,0,0,0
B,Candidatus_Chloroploca_sp212,0,0,0,0,0,0,0,0,0,0,0,0,0,0,0,0,0,0,0,0,0,0,0,0,0,0,0,0,0,0,0,0,0,20,0,0,0,0,0,0,0,0,0,0,0,0,0,0,0,0,0,,0,0,0,0,0,,0,0,0,0,0,0,0,0,0,0,0,0,0,0,0,0,0,0,0,0,,,0,0,0,,0,0,0,0,0,,0,0,0,0,0,0,0,0,0,0,0,0
B,Unid_Chloroflexaceae,0,0,0,0,0,0,0,0,0,0,0,0,0,0,0,0,0,0,0,0,0,10,0,0,0,0,0,0,0,0,0,0,0,0,0,0,0,0,0,0,0,0,0,0,0,0,0,0,0,0,0,,0,0,0,0,0,,0,0,0,0,0,0,0,0,0,0,0,0,0,0,0,0,0,0,0,0,,,0,0,0,,0,0,0,0,0,,0,0,0,0,0,0,0,0,0,0,0,0
B,Herpetosiphon_aurantiacus,0,0,0,0,0,0,0,0,0,0,0,0,0,118,0,0,0,0,0,0,0,0,0,0,0,0,0,0,0,0,0,0,0,0,0,0,0,0,0,0,0,0,0,0,0,0,0,0,0,0,0,,0,0,0,0,0,,0,0,0,0,0,0,0,0,0,0,0,0,0,0,0,0,0,0,0,0,,,0,0,0,,0,0,0,0,0,,0,0,0,0,0,0,0,0,0,0,0,0
B,Herpetosiphon_sp,0,0,0,0,0,0,0,0,0,0,0,0,0,0,0,0,0,0,0,0,0,0,0,0,0,0,0,0,0,0,0,0,0,0,0,0,0,0,0,0,0,8,0,0,0,0,0,0,0,0,0,,28,0,0,0,0,,0,0,0,0,0,0,0,0,0,0,0,0,0,0,0,0,0,0,0,0,,,0,0,0,,0,0,0,0,0,,0,0,0,0,7,0,0,0,21,0,0,0
B,Herpetosiphon_sp213,0,4,0,0,0,0,9,0,0,0,0,0,0,0,0,0,0,0,0,0,0,0,0,0,0,15,0,17,0,0,0,0,0,0,0,0,0,0,0,0,0,0,0,0,0,0,0,0,0,0,0,,0,0,0,0,0,,0,0,0,0,0,0,0,0,0,0,0,0,0,0,0,0,0,0,0,0,,,0,0,0,,0,0,0,0,0,,0,18,0,0,0,0,0,9,0,0,0,0
B,Unid_Roseiflexaceae,0,0,24,0,0,26,0,59,0,0,0,23,0,0,0,0,41,10,30,0,0,0,0,17,0,0,38,33,0,28,0,27,0,0,0,0,0,28,0,36,0,0,0,0,0,0,0,0,0,0,0,,0,0,0,0,0,,0,0,0,0,0,0,0,0,0,0,0,0,0,0,0,0,0,0,0,0,,,0,0,0,,31,0,0,0,0,,0,25,0,0,0,0,0,0,61,0,47,0
B,Unid_Roseiflexaceae214,0,0,0,0,0,0,0,0,0,0,0,0,0,0,0,0,0,0,0,0,0,0,0,0,0,6,0,0,0,0,0,0,0,0,0,0,0,0,0,0,9,0,0,0,0,0,0,0,0,0,0,,0,0,0,0,0,,0,0,0,0,0,0,0,0,0,0,0,0,0,0,0,0,0,0,0,0,,,0,0,0,,0,0,0,0,0,,0,0,0,0,0,0,0,0,0,0,0,4
B,Unid_Roseiflexaceae215,0,0,0,0,0,0,0,0,41,0,0,0,0,0,27,0,0,0,0,0,0,0,0,0,45,0,0,0,0,0,0,0,39,0,0,0,0,0,0,0,0,28,0,0,0,0,0,0,0,0,0,,0,0,0,0,0,,0,0,0,0,0,0,0,0,0,0,0,0,0,0,0,0,0,0,0,0,,,0,0,0,,0,0,0,0,0,,0,0,0,0,0,0,0,0,0,0,0,0
B,Unid_Roseiflexaceae216,0,0,0,0,0,0,0,0,0,4,0,0,0,0,0,0,0,0,0,0,14,0,0,0,0,0,9,0,0,5,0,0,0,0,0,0,0,0,0,0,0,0,0,0,0,0,0,0,0,0,0,,0,0,0,0,0,,0,0,0,0,0,0,0,0,0,0,0,0,0,0,0,0,0,0,0,25,,,0,0,0,,0,0,0,0,0,,0,0,11,0,0,0,0,0,11,0,0,14
B,Unid_Roseiflexaceae217,0,0,0,0,0,0,8,0,0,0,0,0,0,0,0,0,0,0,0,0,0,0,0,0,0,0,0,0,0,0,0,0,0,0,0,0,0,0,0,0,0,0,0,0,0,0,0,0,0,0,0,,0,0,0,0,0,,0,0,0,0,0,0,0,0,0,0,0,0,0,0,0,0,0,0,0,0,,,0,0,0,,0,0,0,0,0,,0,0,0,0,0,0,0,0,0,0,0,0
B,Unid_Kallotenuales,0,0,0,0,0,0,0,0,0,0,0,27,0,0,22,0,0,0,0,0,0,0,0,0,0,0,0,0,0,0,0,0,0,0,0,0,0,0,0,0,0,0,0,0,0,0,0,0,0,0,0,,0,0,0,0,0,,0,0,0,0,0,0,0,0,0,0,0,0,0,0,0,0,0,0,0,0,,,0,0,0,,0,0,0,0,0,,0,0,0,0,0,0,0,0,0,0,0,0
B,Unid_Kallotenuales218,0,0,0,0,0,14,0,0,0,0,0,0,0,0,0,0,0,0,0,0,0,0,0,12,0,0,0,33,0,0,0,0,0,0,12,0,0,0,0,0,0,31,0,0,0,0,0,0,0,0,0,,0,0,0,0,0,,0,0,0,0,0,0,0,0,0,0,0,0,0,0,0,0,0,0,0,0,,,0,0,0,,0,0,0,0,0,,0,0,0,31,24,0,0,0,0,0,0,0
B,Unid_Kallotenuales219,10,0,0,9,0,0,0,0,0,0,0,0,0,0,0,0,0,0,0,0,0,0,0,0,0,0,0,0,0,0,0,0,0,0,0,0,0,0,0,0,0,0,0,0,0,0,0,0,0,0,0,,0,0,0,0,0,,0,0,0,0,0,0,0,0,0,0,0,0,0,0,0,0,0,0,0,0,,,0,0,0,,0,0,0,0,0,,0,0,0,0,0,0,0,0,0,0,0,0
B,Unid_Thermomicrobiales,20,0,23,0,2,9,0,60,0,14,11,54,21,30,17,0,0,0,16,21,32,28,0,0,5,13,0,0,20,52,49,0,0,0,0,45,0,0,0,31,24,28,0,0,0,0,0,0,0,0,0,,0,0,0,0,0,,0,0,0,0,0,0,0,0,0,0,0,0,0,0,0,0,0,0,0,0,,,0,0,0,,0,0,0,0,0,,0,0,13,0,12,0,42,0,28,0,17,0
B,Unid_Thermomicrobiales220,0,61,0,0,45,0,0,0,0,0,0,0,31,0,0,0,0,0,0,0,0,64,81,52,46,0,98,46,57,0,68,57,0,0,67,0,31,0,0,0,65,80,0,0,0,0,0,0,0,0,0,,0,0,0,0,0,,0,0,0,0,0,0,0,0,0,0,0,0,0,0,0,0,0,0,0,0,,,0,0,0,,0,0,0,0,0,,22,54,0,57,0,0,0,50,68,66,0,87
B,Unid_Thermomicrobiales221,0,0,0,0,0,0,0,0,0,0,0,0,0,0,0,0,0,0,0,0,0,0,0,0,0,0,33,0,0,0,0,0,0,0,0,0,0,0,0,0,0,0,0,0,0,0,0,0,0,0,0,,0,0,0,0,0,,0,0,0,0,0,0,0,0,0,0,0,0,0,0,0,0,0,0,0,0,,,0,0,0,,0,0,0,0,0,,0,0,0,0,0,0,0,0,0,0,0,38
B,Unid_Thermomicrobiales222,0,0,0,0,0,0,0,0,0,0,0,0,0,0,0,0,0,0,0,0,0,0,0,0,0,0,0,20,0,0,0,19,0,23,0,2,0,0,42,0,0,0,0,0,0,0,0,0,0,0,0,,0,0,0,0,0,,0,0,0,0,0,0,0,0,0,0,0,0,0,0,0,0,0,0,0,0,,,0,0,0,,0,0,0,0,0,,0,0,0,0,0,29,0,0,0,0,18,0
B,Unid_Thermomicrobiales223,58,0,2,0,0,0,43,80,0,50,0,56,0,0,0,14,0,0,3,1,0,17,0,0,59,0,108,115,22,37,27,110,46,24,0,0,0,35,0,49,83,0,0,0,0,0,0,0,0,0,0,,0,0,0,0,0,,0,0,0,0,0,0,0,0,0,0,0,0,0,0,0,0,0,0,0,0,,,0,0,0,,0,0,0,0,0,,1,0,2,0,0,20,61,15,0,0,0,75
B,Unid_Thermomicrobiales224,0,0,0,0,0,0,0,0,0,0,0,0,0,0,0,0,0,0,0,0,0,0,0,0,0,0,0,0,0,0,0,0,0,0,0,0,0,0,0,24,0,0,0,0,0,0,0,0,0,0,0,,0,0,0,0,0,,0,0,0,0,0,0,0,0,0,0,0,0,0,0,0,0,0,0,0,0,,,0,0,0,,0,0,0,0,0,,0,0,0,0,0,0,0,0,0,0,0,0
B,Unid_Thermomicrobiales225,0,0,0,0,0,0,0,0,0,0,0,0,0,0,0,0,0,0,0,0,0,0,0,0,0,0,0,0,60,0,0,0,0,0,0,0,0,0,0,0,69,0,0,0,0,0,0,0,0,0,0,,0,0,0,0,0,,0,0,0,0,0,0,0,0,0,0,0,0,0,0,0,0,0,0,0,0,,,0,0,0,,0,0,0,0,0,,0,0,73,33,0,0,99,0,0,0,0,0
B,Unid_Thermomicrobiales226,60,0,8,47,95,52,0,0,24,0,30,47,0,39,0,0,0,0,0,0,0,74,0,0,64,0,87,0,49,68,0,28,41,32,12,46,0,0,0,16,61,90,0,0,0,0,0,0,0,0,0,,0,0,0,0,0,,0,0,0,0,0,0,0,0,0,0,0,0,0,0,0,0,0,0,0,0,,,0,0,0,,0,0,0,0,0,,0,0,41,52,11,117,0,44,0,40,63,51
B,Unid_Thermomicrobiales227,284,253,237,179,290,138,299,384,262,126,212,312,201,296,219,134,160,88,461,259,309,326,289,205,301,178,487,359,328,339,376,287,437,148,335,225,142,244,322,354,308,365,0,0,0,0,0,0,0,0,0,,0,0,0,0,0,,0,0,0,0,0,0,0,0,0,0,0,0,0,0,0,0,0,0,0,0,,,0,0,0,,27,0,0,0,0,,166,304,362,300,320,278,392,332,437,228,229,274
B,Unid_Thermomicrobiales228,0,0,0,0,0,0,0,0,0,0,0,0,0,0,0,0,0,0,0,0,0,0,0,0,0,0,0,0,0,0,0,0,0,0,0,0,0,0,0,0,0,0,0,0,0,0,0,0,0,0,0,,0,0,0,0,0,,0,0,0,0,0,0,0,0,0,0,0,0,0,0,0,0,0,0,0,0,,,0,0,0,,0,0,0,0,0,,0,0,0,0,31,0,0,0,0,0,0,0
B,Unid_Thermomicrobiales229,0,0,0,0,0,0,0,0,0,0,0,0,0,0,0,0,0,0,0,0,0,0,0,0,0,0,23,0,0,0,0,0,0,0,0,0,0,0,0,0,0,0,0,0,0,0,0,0,0,0,0,,0,0,0,0,0,,0,0,0,0,0,0,0,0,0,0,0,0,0,0,0,0,0,0,0,0,,,0,0,0,,0,0,0,0,0,,0,0,0,0,0,0,2,0,29,0,0,1
B,Nitrolancea_sp,0,0,0,0,0,0,0,0,0,0,0,0,0,0,0,0,0,0,0,0,0,0,0,0,0,0,0,0,0,0,0,0,0,0,0,0,0,0,0,0,0,9,0,0,0,0,0,0,0,0,0,,0,0,0,0,0,,0,0,0,0,0,0,0,0,0,0,0,0,0,0,0,0,0,0,0,0,,,0,0,0,,0,0,0,0,0,,0,0,0,0,0,0,0,0,0,0,0,0
B,Unid_Dehalococcoidia,0,0,0,0,0,0,0,0,0,133,0,0,0,0,0,0,0,0,0,0,1,0,0,0,0,0,0,0,0,0,0,0,0,0,0,0,0,0,0,0,0,0,0,0,0,0,0,0,0,0,0,,0,0,0,0,0,,0,0,0,0,0,0,0,0,0,0,0,0,0,0,0,0,0,0,0,0,,,0,0,0,,0,0,0,0,0,,0,0,0,0,0,0,0,0,0,0,0,0
B,Unid_Dehalococcoidia230,0,179,158,0,154,149,72,112,129,0,86,218,53,0,68,0,0,0,83,82,62,234,92,0,72,203,192,0,149,0,213,202,240,0,110,138,0,99,101,110,208,246,0,0,0,0,0,0,0,0,0,,0,0,0,0,0,,0,0,0,0,0,0,0,0,0,0,0,0,0,0,0,0,0,0,0,0,,,0,0,0,,0,0,0,0,0,,0,130,207,131,33,0,114,207,163,228,112,191
B,Unid_Dehalococcoidia231,143,0,0,0,0,0,93,0,0,0,0,0,0,58,106,163,135,0,0,0,0,0,108,0,0,0,0,0,0,104,0,0,0,0,0,0,74,0,80,113,0,0,0,0,0,0,0,0,0,0,0,,0,0,0,0,0,,0,0,0,0,0,0,0,0,0,0,0,0,0,0,0,0,0,0,0,0,,,0,0,0,,0,0,0,0,0,,0,0,0,0,0,58,0,0,0,0,100,0
B,Unid_Dehalococcoidia232,0,0,0,0,0,0,0,0,0,0,0,0,6,15,0,0,0,0,0,0,0,0,0,0,0,0,16,0,25,0,0,0,13,0,0,0,0,0,0,0,0,0,0,0,0,0,0,0,0,0,0,,0,0,0,0,0,,0,0,0,0,0,0,0,0,0,0,0,0,0,0,0,0,0,0,0,0,,,0,0,0,,0,0,0,0,0,,0,0,0,0,0,12,0,0,0,0,0,0
B,Unid_Dehalococcoidia233,0,0,14,0,11,0,0,0,28,0,0,0,0,11,0,0,0,0,9,0,0,0,0,6,0,0,27,0,0,0,8,0,13,0,0,4,0,11,0,0,0,0,0,0,0,0,0,0,0,0,0,,0,0,0,0,0,,0,0,0,0,0,0,0,0,0,0,0,0,0,0,0,0,0,0,0,0,,,0,0,0,,0,0,0,0,0,,0,0,9,0,0,13,0,0,0,0,0,0
B,Unid_Dehalococcoidia234,0,0,0,0,0,0,0,0,0,0,0,0,0,0,0,18,0,0,0,0,0,0,0,0,0,0,0,0,0,0,0,0,0,0,0,0,0,0,0,0,0,0,0,0,0,0,0,0,0,0,0,,0,0,0,0,0,,0,0,0,0,0,0,0,0,0,0,0,0,0,0,0,0,0,0,0,0,,,0,0,0,,0,0,0,0,0,,0,0,0,0,0,0,0,0,0,0,0,0
B,Unid_Chloroflexi235,192,206,193,201,290,88,205,133,184,179,206,173,208,169,0,198,214,121,227,143,229,215,327,209,172,163,406,244,218,256,185,231,203,0,37,214,167,189,196,185,265,205,0,0,0,0,0,0,0,0,0,,0,0,0,0,0,,0,0,0,0,0,0,0,0,0,0,0,0,0,0,0,0,0,0,0,0,,,0,0,0,,0,0,0,0,0,,103,135,256,214,230,158,243,241,200,270,238,167
B,Unid_Chloroflexi236,0,0,0,0,0,0,0,0,0,0,0,0,0,0,0,0,0,0,0,0,0,0,0,0,0,0,0,0,0,0,0,0,0,168,0,0,0,0,0,0,0,0,0,0,0,0,0,0,0,0,0,,0,0,0,0,0,,0,0,0,0,0,0,0,0,0,0,0,0,0,0,0,0,0,0,0,0,,,0,0,0,,0,0,0,0,0,,0,0,0,0,0,0,0,0,0,0,0,0
B,Unid_Chloroflexi237,0,0,0,0,0,39,0,81,0,0,0,0,0,83,0,0,0,0,0,62,0,63,0,0,52,53,0,58,100,0,0,0,83,0,75,81,0,0,0,46,0,0,0,5,0,0,0,0,0,0,0,,0,0,0,0,0,,0,0,0,0,0,0,0,0,0,0,0,0,0,0,0,0,0,0,0,0,,,0,0,0,,0,0,0,0,0,,0,0,0,0,70,76,0,0,52,0,0,0
B,Unid_Chloroflexi238,0,0,0,0,0,0,0,0,0,0,0,0,0,0,278,0,0,0,0,0,0,0,0,79,0,0,0,0,0,0,141,0,0,0,0,0,0,0,0,0,0,0,0,0,0,0,0,0,0,0,0,,0,0,0,0,0,,0,0,0,0,0,0,0,0,0,0,0,0,0,0,0,0,0,0,0,0,,,0,0,0,,0,0,0,0,0,,118,0,0,0,0,0,0,0,0,0,0,0
B,Unid_Chloroflexi239,0,0,0,0,0,0,0,0,23,0,42,57,24,0,0,0,0,0,43,0,55,0,0,47,30,36,0,0,43,0,0,39,0,0,0,62,0,26,29,0,0,0,0,0,0,0,0,0,0,0,0,,0,0,0,0,0,,0,0,0,0,0,0,0,0,0,0,0,0,0,0,0,0,0,0,0,0,,,0,0,0,,0,0,0,0,0,,0,0,24,24,26,0,27,0,0,56,38,37
B,Unid_Chloroflexi240,0,0,0,0,0,0,0,0,0,0,0,0,0,41,0,0,0,0,31,0,0,0,0,0,0,0,0,0,0,0,0,0,0,0,0,0,0,0,0,0,0,0,0,0,0,0,0,0,0,0,0,,0,0,0,0,0,,0,0,0,0,0,0,0,0,0,0,0,0,0,0,0,0,0,0,0,0,,,0,0,0,,0,0,0,0,0,,0,0,0,0,0,0,0,0,0,0,0,0
B,Unid_Chloroflexi241,95,69,42,62,134,43,73,109,41,79,97,70,62,56,90,43,67,0,90,103,52,80,115,58,59,61,78,158,146,99,84,83,107,77,95,81,26,52,118,84,98,53,0,0,0,0,0,0,0,0,0,,0,0,0,0,0,,0,0,0,0,0,0,0,0,0,0,0,0,0,0,0,0,0,0,0,0,,,0,0,0,,0,0,0,0,0,,65,115,0,59,52,67,73,70,120,73,77,73
B,Unid_Chloroflexi242,0,0,0,0,0,0,0,0,0,0,0,0,0,0,0,0,0,0,0,0,0,41,0,0,0,0,0,0,0,0,24,0,0,0,39,0,35,11,18,34,0,45,0,0,0,0,0,0,0,0,0,,0,0,0,0,0,,0,0,0,0,0,0,0,0,0,0,0,0,0,0,0,0,0,0,0,0,,,0,0,0,,0,0,0,0,0,,0,0,27,0,0,0,0,0,0,0,10,0
B,Unid_Chloroflexi243,47,0,0,0,331,163,138,0,159,74,212,0,0,213,0,0,162,110,134,0,0,166,253,0,27,0,51,59,0,0,95,16,0,0,205,0,79,0,0,0,0,0,0,0,0,0,0,0,0,0,0,,0,0,0,0,0,,0,0,0,0,0,0,0,0,0,0,0,0,0,0,0,0,0,0,0,86,,,0,0,0,,41,0,0,0,0,,95,41,0,185,52,0,16,0,0,0,0,35
B,Unid_Chloroflexi244,255,239,172,175,0,0,242,249,0,162,0,190,168,0,262,126,0,0,257,275,195,170,0,215,209,178,316,273,272,203,301,0,364,220,0,231,109,181,183,264,141,223,0,0,0,0,0,0,0,0,0,,0,0,0,0,0,,0,0,0,0,0,0,0,0,0,0,0,0,0,0,0,0,0,0,0,0,,,0,0,0,,0,0,0,0,0,,211,205,230,0,225,248,235,194,220,206,203,232
B,Unid_Chloroflexi245,31,0,0,0,0,0,0,0,0,0,0,32,0,0,0,0,0,0,0,0,0,9,44,0,0,0,0,46,40,0,0,0,0,0,53,43,0,0,0,0,49,0,0,0,0,0,0,0,0,0,0,,0,0,0,0,0,,0,0,0,0,0,0,0,0,0,0,0,0,0,0,0,0,0,0,0,0,,,0,0,0,,0,0,0,0,0,,0,0,0,0,0,0,0,0,0,0,0,98
B,Unid_Chloroflexi246,0,0,48,0,0,72,0,199,75,0,84,36,102,165,145,35,142,55,0,0,83,0,109,133,22,72,0,0,41,101,0,72,0,0,130,107,0,67,83,168,56,64,0,0,0,0,0,0,0,0,0,,0,0,0,0,0,,0,0,0,0,0,0,0,0,0,0,0,0,0,0,0,0,0,0,0,0,,,0,0,0,,56,0,0,0,0,,0,68,140,88,122,105,127,131,152,136,127,0
B,Unid_Ktedonobacteria,0,0,0,0,0,0,0,0,0,0,0,0,0,0,0,0,0,0,25,0,0,0,0,0,0,0,0,0,0,0,0,0,0,0,0,0,0,0,0,0,0,0,0,0,0,0,0,0,0,0,0,,0,0,0,0,0,,0,0,0,0,0,0,0,0,0,0,0,0,0,0,0,0,0,0,0,0,,,0,0,0,,0,0,0,0,0,,19,0,0,0,0,0,0,0,0,0,0,0
B,Unid_Ktedonobacteria247,0,0,0,0,0,0,0,0,0,0,0,0,0,0,0,0,0,0,0,0,0,0,0,0,0,0,0,0,0,0,0,0,13,0,0,0,0,0,0,0,0,0,0,0,0,0,0,0,0,0,0,,0,0,0,0,0,,0,0,0,0,0,0,0,0,0,0,0,0,0,0,0,0,0,0,0,0,,,0,0,0,,0,0,0,0,0,,0,0,0,0,0,0,0,0,0,0,0,0
B,Unid_Ktedonobacteria248,22,26,15,0,16,0,24,27,16,21,0,0,15,17,0,0,0,14,11,0,1,0,22,0,29,18,32,30,21,23,33,0,26,0,0,0,0,0,18,27,12,20,0,0,0,0,0,0,0,0,0,,0,0,0,0,0,,0,0,0,0,0,0,0,0,0,0,0,0,0,0,0,0,0,0,0,0,,,0,0,0,,0,0,0,0,0,,0,24,24,0,25,18,20,11,0,18,0,0
B,Unid_Chloroflexi249,106,55,0,99,101,99,0,0,88,0,59,145,97,157,51,68,91,48,94,0,143,0,0,0,0,86,0,153,97,106,170,138,0,91,127,0,121,95,79,72,137,0,0,0,0,0,0,0,0,0,0,,0,0,0,0,0,,0,0,0,0,0,0,0,0,0,0,0,0,0,0,0,0,0,0,0,0,,,0,0,0,,0,0,0,0,0,,111,151,0,104,0,172,125,135,72,149,93,79
B,Unid_Chloroflexi250,0,0,0,0,0,0,0,0,0,0,0,0,0,78,0,0,0,0,0,64,0,0,67,62,0,0,0,0,0,47,0,0,40,0,67,0,0,0,94,0,0,45,0,0,0,0,0,0,0,0,0,,0,0,0,0,0,,0,0,0,0,0,0,0,0,0,0,0,0,0,0,0,0,0,0,0,0,,,0,0,0,,0,0,0,0,0,,0,61,34,0,26,0,0,77,53,0,0,0
B,Unid_Chloroflexi251,0,95,101,0,0,0,69,109,0,0,15,0,0,0,0,0,0,0,0,65,0,30,83,5,0,0,0,0,0,0,0,0,58,0,0,0,0,0,0,0,0,57,0,0,0,0,0,0,0,0,0,,0,0,0,0,0,,0,0,0,0,0,0,0,0,0,0,0,0,0,0,0,0,0,0,0,0,,,0,0,0,,0,0,0,0,0,,0,0,61,0,50,0,0,0,5,5,0,0
B,Unid_Chloroflexi252,0,0,0,0,0,0,0,0,0,0,0,0,0,0,0,0,0,0,0,0,0,0,0,0,0,0,0,25,0,0,0,0,0,0,0,0,0,0,0,0,0,0,0,0,0,0,0,0,0,0,0,,0,0,0,0,0,,0,0,0,0,0,0,0,0,0,0,0,0,0,0,0,0,0,0,0,0,,,0,0,0,,24,0,0,0,0,,0,0,0,0,0,0,0,0,0,0,0,0
B,Unid_Chloroflexi253,93,106,88,111,99,106,118,131,104,131,119,125,130,135,83,86,117,39,118,159,194,182,146,136,110,104,148,170,161,198,157,78,147,79,174,126,68,122,111,107,215,118,0,0,0,0,0,0,0,0,0,,0,0,0,0,0,,0,0,0,0,0,0,0,0,0,0,0,0,0,0,0,0,0,0,0,0,,,0,0,0,,0,0,0,0,0,,111,165,131,167,90,136,114,210,145,153,157,89
B,Unid_Coleofasciculaceae,0,0,0,0,0,0,0,0,0,0,0,0,0,0,0,0,0,0,0,0,0,0,0,0,0,0,0,0,0,0,0,0,0,0,0,0,0,0,0,0,0,0,0,0,0,0,0,0,0,0,0,,0,0,0,0,0,,0,0,0,0,0,0,0,0,0,0,0,0,0,0,0,0,0,0,0,0,,,0,0,0,,0,0,0,0,0,,0,0,0,0,0,0,0,0,71,0,0,0
B,Persicaria_minor,0,0,0,0,0,0,0,0,0,0,0,0,0,0,0,0,0,0,0,0,0,0,0,0,0,0,0,0,0,0,0,0,0,0,0,0,0,0,0,0,0,0,0,0,0,0,0,0,0,0,0,,0,0,0,0,0,,0,0,0,0,0,0,0,0,0,0,0,0,0,0,0,0,0,0,0,0,,,0,0,0,,20,0,0,0,0,,0,0,0,0,0,0,0,0,0,0,0,0
B,Unid_Nostocaceae,0,0,0,0,0,0,0,0,0,0,0,0,0,0,0,0,0,0,0,0,0,0,0,0,0,0,0,0,0,0,0,0,0,0,0,0,0,0,0,0,0,0,0,0,0,0,0,0,0,0,0,,0,0,0,0,0,,0,0,0,0,0,0,0,0,0,0,0,0,0,0,0,0,0,0,0,0,,,0,0,0,,135,0,0,0,0,,0,0,0,0,0,0,0,0,0,0,0,0
B,Sericytochromatia_sp,0,0,0,0,0,0,0,0,0,0,0,0,0,0,0,0,0,0,0,0,0,0,0,0,0,0,0,0,0,0,0,0,0,0,0,0,0,22,0,0,0,0,0,0,0,0,0,0,0,0,0,,0,0,0,0,0,,0,0,0,0,0,0,0,0,0,0,0,0,0,0,0,0,0,0,0,0,,,0,0,0,,0,0,0,0,0,,0,0,0,0,0,0,0,0,0,0,0,0
B,Sericytochromatia_sp254,0,0,0,0,0,0,0,0,0,0,0,0,0,0,0,0,0,0,0,0,0,0,0,0,0,0,0,0,0,0,0,0,0,0,0,0,0,0,0,0,0,0,0,0,0,0,0,0,0,0,0,,0,0,0,0,0,,0,0,0,0,0,0,0,0,0,0,0,0,0,0,0,0,0,0,0,0,,,0,0,0,,0,0,0,0,0,,0,0,15,0,0,0,14,0,0,0,0,27
B,Sericytochromatia_sp255,0,0,0,0,0,0,0,0,0,6,0,0,0,0,0,0,0,0,0,0,0,0,0,0,0,6,0,0,0,0,0,7,0,0,0,0,0,0,0,0,0,0,0,0,0,0,0,0,0,0,0,,0,0,0,0,0,,0,0,0,0,0,0,0,0,0,0,0,0,0,0,0,0,0,0,0,0,,,0,0,0,,0,0,0,0,0,,0,0,0,0,0,0,0,0,0,12,0,0
B,Obscuribacteraceae_sp,0,0,0,0,0,0,0,0,0,0,0,0,0,0,0,0,0,0,0,0,0,0,0,0,0,0,0,0,0,0,0,0,0,0,0,0,0,0,0,0,0,0,0,0,0,0,0,0,0,0,0,,0,0,0,0,0,,0,0,0,0,0,0,0,0,0,0,0,0,0,0,0,0,0,0,0,5,,,0,0,0,,0,0,0,0,0,,0,0,0,0,0,0,0,0,0,0,0,0
B,Obscuribacteraceae_sp256,51,34,0,0,0,33,29,0,35,0,0,0,0,32,15,0,19,10,33,11,0,0,0,38,43,0,0,0,0,18,36,32,0,0,18,0,20,25,35,0,0,0,0,0,0,0,0,0,0,0,0,,0,0,0,0,0,,0,0,0,0,0,0,0,0,0,0,0,0,0,0,0,0,0,0,0,0,,,0,0,0,,93,0,0,0,0,,30,33,0,20,0,0,28,49,29,0,0,0
B,Vampirovibrionales_sp,0,0,0,0,0,0,13,0,0,0,0,0,0,0,0,0,0,0,0,0,0,13,0,0,0,0,10,0,0,0,0,0,0,0,0,0,0,0,0,0,0,0,0,0,0,0,0,0,0,0,0,,0,0,0,0,0,,0,0,0,0,0,0,0,0,0,0,0,0,0,0,0,0,0,0,0,0,,,0,0,0,,0,0,0,0,0,,17,23,0,0,19,0,4,0,0,0,0,0
B,Truepera_sp,0,0,5,0,0,0,0,0,0,0,0,0,0,0,0,0,0,0,0,0,0,0,0,0,0,0,0,0,0,0,0,0,0,0,0,0,0,0,0,0,0,0,0,0,0,0,0,0,0,0,0,,0,0,0,0,0,,0,0,0,0,0,0,0,0,0,0,0,0,0,0,0,0,0,0,0,0,,,0,0,0,,0,0,0,0,0,,0,0,0,0,0,0,0,0,0,0,0,0
B,Babeliales_sp,21,0,0,0,0,0,0,0,0,0,0,0,0,0,0,0,0,0,0,0,0,0,0,0,0,0,0,0,0,0,0,0,0,0,0,0,0,0,0,0,0,0,0,0,0,0,0,0,0,0,0,,0,0,0,0,0,,0,0,0,0,0,0,0,0,0,0,0,0,0,0,0,0,0,0,0,0,,,0,0,0,,0,0,0,0,0,,0,0,0,0,0,0,33,0,0,0,0,0
B,Vermiphilaceae_sp,0,0,0,0,0,0,0,0,0,0,0,0,0,0,0,0,0,0,0,0,0,0,0,0,0,0,0,0,0,0,0,0,0,0,0,0,0,0,0,0,0,11,0,0,0,0,0,0,0,0,0,,0,0,0,0,0,,0,0,0,0,0,0,0,0,0,0,0,0,0,0,0,0,0,0,0,0,,,0,0,0,,0,0,0,0,0,,0,0,0,0,0,0,0,0,0,0,0,6
B,Unid_Geobacteraceae,0,0,0,0,0,0,0,0,0,0,0,0,0,0,0,0,0,0,0,0,0,0,0,0,0,0,0,0,0,0,0,0,0,0,0,0,0,0,0,0,0,0,0,0,0,0,0,0,0,0,0,,0,0,0,0,0,,0,0,0,0,0,0,0,0,0,0,0,0,0,0,0,0,0,0,0,0,,,0,0,0,,69,0,0,0,0,,0,0,0,0,0,0,0,0,0,0,0,0
B,Geobacter_sp,0,0,0,0,0,0,0,0,0,0,0,0,0,0,0,0,0,0,0,0,0,0,0,0,0,0,0,0,0,0,0,0,0,0,0,0,0,0,0,0,0,0,0,0,0,0,0,0,0,0,0,,0,0,0,0,0,,0,0,0,0,0,0,0,0,0,0,0,0,0,0,0,0,0,0,0,0,,,0,0,0,,38,0,0,0,0,,0,0,0,0,0,0,0,0,0,0,0,0
B,Geobacter_sp257,0,0,0,0,0,0,0,0,0,0,0,0,0,0,0,0,0,0,0,0,0,0,0,0,0,0,0,0,0,0,0,0,0,0,0,0,0,0,0,0,0,0,0,0,0,0,0,0,0,0,0,,0,0,0,0,0,,0,0,0,0,0,0,0,0,0,0,0,0,0,0,0,0,0,0,0,0,,,0,0,0,,29,0,0,0,0,,0,0,0,0,0,0,0,0,0,0,0,0
B,Unid_Elusimicrobia,30,0,0,0,0,0,8,0,18,0,0,0,19,0,0,0,0,0,24,0,27,0,0,0,0,0,0,0,16,0,0,0,0,0,0,0,25,41,15,0,0,16,0,0,0,0,0,0,0,0,0,,0,0,0,0,0,,0,0,0,0,0,0,0,0,0,0,0,0,0,0,0,0,0,0,0,0,,,0,0,0,,59,0,0,0,0,,0,21,11,0,0,0,0,13,0,0,0,0
B,Elusimicrobia_bacterium,0,0,0,0,0,0,0,0,0,0,0,0,0,0,0,0,0,0,0,0,0,0,0,0,0,0,0,0,0,0,0,0,0,0,0,0,0,0,0,0,0,0,0,0,0,0,0,0,0,0,0,,0,0,0,0,0,,0,0,0,0,0,0,0,0,0,0,0,0,0,0,0,0,0,0,0,0,,,0,0,0,,0,0,0,0,0,,0,0,0,0,17,0,0,0,0,0,0,0
B,Unid_Elusimicrobia258,0,0,0,0,0,0,0,0,0,0,0,0,0,2,0,0,0,0,0,0,0,0,0,0,0,0,17,0,0,0,0,0,0,0,0,0,0,0,0,0,0,0,0,0,0,0,0,0,0,0,0,,0,0,0,0,0,,0,0,0,0,0,0,0,0,0,0,0,0,0,0,0,0,0,0,0,0,,,0,0,0,,0,0,0,0,0,,0,0,0,0,0,0,0,0,0,0,0,0
B,Unid_Elusimicrobia259,0,0,0,0,0,0,0,0,0,0,0,0,0,9,0,0,0,0,0,0,0,0,0,0,0,0,0,0,0,0,0,0,0,0,0,0,0,0,0,0,0,0,0,0,0,0,0,0,0,0,0,,0,0,0,0,0,,0,0,0,0,0,0,0,0,0,0,0,0,0,0,0,0,0,0,0,0,,,0,0,0,,0,0,0,0,0,,0,0,0,0,0,0,0,0,0,0,0,0
B,Unid_Elusimicrobia260,0,0,0,0,0,0,0,0,35,0,0,0,0,0,0,0,0,0,0,0,2,19,0,0,0,0,0,0,0,0,0,0,0,0,0,0,0,0,0,0,0,0,0,0,0,0,0,0,0,0,0,,0,0,0,0,0,,0,0,0,0,0,0,0,0,0,0,0,0,0,0,0,0,0,0,0,0,,,0,0,0,,0,0,0,0,0,,0,0,0,0,0,0,0,0,0,10,0,0
B,Unid_Elusimicrobia261,0,0,0,0,8,0,21,10,17,0,0,0,21,19,0,0,0,0,0,31,34,0,0,0,0,0,0,0,0,26,16,5,0,0,0,0,5,49,0,26,25,28,0,0,0,0,0,0,0,0,0,,0,0,0,0,0,,0,0,0,0,0,0,0,0,0,0,0,0,0,0,0,0,0,0,0,12,,,0,0,0,,0,0,0,0,0,,0,22,24,43,30,0,16,42,31,0,17,0
B,Unid_Elusimicrobia262,0,0,0,0,0,0,0,0,0,0,0,0,0,0,0,0,0,0,0,0,0,0,0,0,0,0,0,0,0,0,0,0,0,0,0,0,0,0,0,0,5,0,0,0,0,0,0,0,0,0,0,,0,0,0,0,0,,0,0,0,0,0,0,0,0,0,0,0,0,0,0,0,0,0,0,0,0,,,0,0,0,,0,0,0,0,0,,0,0,0,0,0,0,0,0,0,0,0,0
B,Unid_Elusimicrobiota,0,0,0,0,0,0,0,0,0,0,0,0,0,0,0,0,0,0,0,0,0,23,0,0,0,0,0,0,0,0,0,0,0,0,0,0,0,0,0,0,0,0,0,0,0,0,0,0,0,0,0,,0,0,0,0,0,,0,0,0,0,0,0,0,0,0,0,0,0,0,0,0,0,0,0,0,0,,,0,0,0,,0,0,0,0,0,,0,0,0,0,0,0,0,0,0,0,20,0
B,Unid_Elusimicrobiota263,0,0,0,0,0,0,0,0,0,0,0,0,0,0,0,0,8,0,0,0,0,0,0,0,0,0,0,0,0,0,0,0,0,0,0,0,0,0,0,0,0,0,0,0,0,0,0,0,0,0,0,,0,0,0,0,0,,0,0,0,0,0,0,0,0,0,0,0,0,0,0,0,0,0,0,0,0,,,0,0,0,,0,0,0,0,0,,0,27,0,0,0,0,0,0,0,0,0,0
B,Unid_Elusimicrobiota264,0,0,0,0,7,0,0,0,0,0,39,0,0,0,0,0,0,0,0,0,0,0,0,0,0,0,0,0,0,0,0,0,0,0,0,0,0,0,0,18,0,0,0,0,0,0,0,0,0,0,0,,0,0,0,0,0,,0,0,0,0,0,0,0,0,0,0,0,0,0,0,0,0,0,0,0,0,,,0,0,0,,0,0,0,0,0,,24,0,0,0,0,0,0,23,0,0,0,14
B,Unid_Elusimicrobiota265,0,0,0,0,0,0,45,0,0,0,0,0,0,0,0,75,0,0,0,85,0,0,0,0,0,0,0,0,30,0,0,0,0,0,0,0,0,0,0,0,0,0,0,0,0,0,0,0,0,0,0,,0,0,0,0,0,,0,0,0,0,0,0,0,0,0,0,0,0,0,0,0,0,0,0,0,0,,,0,0,0,,0,0,0,0,0,,0,0,0,0,0,0,0,0,0,0,0,0
B,Unid_Elusimicrobiota266,0,94,0,5,0,0,0,85,105,52,68,75,127,90,0,0,90,0,51,0,0,96,177,139,0,70,73,67,15,6,0,0,55,35,104,72,101,111,0,43,47,101,0,0,0,0,0,0,0,0,0,,0,0,0,0,0,,0,0,0,0,0,0,0,0,0,0,0,0,0,0,0,0,0,0,0,0,,,0,0,0,,0,0,0,0,0,,74,88,97,0,86,96,62,139,0,98,106,86
B,Unid_Elusimicrobiota267,52,0,72,67,0,31,35,0,0,0,0,24,26,36,0,21,0,0,0,0,143,0,0,0,53,0,0,0,45,63,60,0,0,0,0,0,0,35,65,8,0,0,0,0,0,0,0,0,0,0,0,,0,0,0,0,0,,0,0,0,0,0,0,0,0,0,0,0,0,0,0,0,0,0,0,0,0,,,0,0,0,,0,0,0,0,0,,0,0,0,64,0,0,25,0,61,0,0,0
B,Unid_Elusimicrobiota268,0,0,0,0,0,0,0,0,0,0,0,0,0,0,0,0,3,0,0,0,0,0,0,0,0,0,0,0,0,0,0,0,0,0,0,0,0,0,0,0,0,0,0,0,0,0,0,0,0,0,0,,0,0,0,0,0,,0,0,0,0,0,0,0,0,0,0,0,0,0,0,0,0,0,0,0,0,,,0,0,0,,0,0,0,0,0,,0,0,0,6,0,0,0,0,0,0,0,0
B,Candidatus_Entotheonella_sp,0,0,0,0,0,0,40,0,0,0,0,0,0,0,0,0,0,0,0,0,0,0,0,0,0,0,0,0,32,0,0,0,0,0,0,0,0,0,0,0,0,0,0,0,0,0,0,0,0,0,0,,0,0,0,0,0,,0,0,0,0,0,0,0,0,0,0,0,0,0,0,0,0,0,0,0,0,,,0,0,0,,0,0,0,0,0,,0,0,0,0,0,0,0,0,32,0,0,28
B,Candidatus_Entotheonella_sp269,0,14,27,23,24,0,0,40,33,0,0,33,0,45,0,9,25,0,0,31,26,35,0,27,0,0,26,46,0,46,22,26,31,0,20,0,0,15,22,0,33,0,0,0,0,0,0,0,0,0,0,,0,0,0,0,0,,0,0,0,0,0,0,0,0,0,0,0,0,0,0,0,0,0,0,0,0,,,0,0,0,,0,0,0,0,0,,0,0,20,0,39,30,0,0,0,23,0,0
B,Entotheonellaceae_sp,0,0,25,0,0,0,44,0,0,21,0,0,0,0,45,0,25,0,55,0,0,8,41,0,0,0,0,0,0,10,0,0,0,0,0,0,0,0,0,40,41,14,0,0,0,0,0,0,0,0,0,,0,0,0,0,0,,0,0,0,0,0,0,0,0,0,0,0,0,0,0,0,0,0,0,0,0,,,0,0,0,,0,0,0,0,0,,0,0,33,47,0,0,0,29,0,0,43,0
B,Entotheonellaceae_sp270,17,0,0,0,0,0,0,0,0,0,43,0,0,0,0,0,0,0,0,0,0,38,0,0,0,0,0,0,0,31,0,0,0,0,0,0,0,0,0,0,0,0,0,0,0,0,0,0,0,0,0,,0,0,0,0,0,,0,0,0,0,0,0,0,0,0,0,0,0,0,0,0,0,0,0,0,0,,,0,0,0,,0,0,0,0,0,,35,29,0,0,0,0,0,0,12,0,0,0
B,Unid_Fibrobacteraceae,0,0,0,0,0,0,0,0,0,0,0,0,28,34,0,0,0,0,0,0,0,0,0,0,0,0,0,0,0,0,0,0,0,0,13,0,0,0,0,0,0,0,0,0,0,0,0,0,0,0,0,,0,0,0,0,0,,0,0,0,0,0,0,0,0,0,0,0,0,0,0,0,0,0,0,0,0,,,0,0,0,,0,0,0,0,0,,0,0,0,0,0,0,0,0,0,0,0,0
B,Unid_Fibrobacteraceae271,17,0,14,0,0,0,17,0,0,0,0,0,0,0,0,22,0,0,14,0,0,14,0,0,18,21,0,0,13,0,0,0,0,0,0,0,0,0,0,0,0,0,0,0,0,0,0,0,0,0,0,,0,0,0,0,0,,0,0,0,0,0,0,0,0,0,0,0,0,0,0,0,0,0,0,0,0,,,0,0,0,,0,0,0,0,0,,0,0,0,0,0,0,0,18,21,0,0,0
B,Unid_Fibrobacteraceae272,0,0,0,0,0,0,0,0,0,0,0,0,0,0,0,0,0,0,0,0,0,0,0,0,0,0,0,0,0,0,0,0,0,0,0,0,0,0,0,0,0,0,0,0,0,0,0,0,0,0,0,,0,0,0,0,0,,0,0,0,0,0,0,0,0,0,0,0,0,0,0,0,0,0,0,0,0,,,0,0,0,,0,0,0,0,0,,12,0,0,0,0,0,0,0,0,0,0,0
B,Tumebacillus_sp,0,0,0,0,0,0,0,0,0,0,53,0,0,0,0,0,0,0,0,0,0,0,0,0,0,0,0,0,0,0,0,0,0,0,0,0,0,0,0,0,0,0,0,0,0,0,0,0,0,0,0,,0,0,0,0,0,,0,0,0,0,0,0,0,0,0,0,0,0,0,0,0,0,0,0,0,0,,,0,0,0,,0,0,0,0,0,,0,0,0,0,0,0,0,0,0,0,0,0
B,Tumebacillus_sp273,0,0,0,0,0,0,0,0,0,0,0,0,0,0,0,0,0,0,0,0,0,0,0,0,0,0,0,0,0,0,0,0,0,0,0,0,0,0,0,0,0,0,0,0,0,0,0,0,0,0,0,,0,0,0,0,0,,0,0,0,0,0,0,0,0,0,0,0,0,0,0,0,0,0,0,0,0,,,0,0,0,,0,0,0,0,0,,0,0,15,0,0,0,22,0,0,0,0,0
B,Unid_Bacillaceae,0,0,0,0,0,0,0,2,0,0,0,0,0,0,0,0,0,0,0,0,0,0,0,0,0,0,0,0,0,1,0,0,0,0,0,0,0,0,0,0,0,3,0,0,0,0,0,0,0,0,0,,39,0,0,0,0,,0,0,0,0,0,0,0,0,0,0,0,0,0,0,0,0,0,0,0,0,,,0,0,0,,0,0,0,0,0,,0,0,0,0,0,0,0,0,0,0,0,0
B,Bacillus_sp,251,133,0,88,206,0,196,183,0,73,241,0,142,0,134,74,101,49,1,95,0,110,162,98,0,23,275,209,173,206,180,236,150,5,299,0,89,134,87,153,0,171,0,0,90,0,0,0,0,0,0,,26,0,0,0,53,,0,70,87,0,57,50,1,0,34,132,145,71,0,0,59,0,0,38,26,55,,,0,0,52,,0,47,0,0,0,,199,136,1,112,197,134,295,34,270,125,211,322
B,Bacillus_sp274,0,0,0,0,0,0,0,0,0,0,0,159,0,0,0,0,0,0,0,0,0,0,0,0,0,0,0,0,0,0,0,0,0,0,0,0,0,0,0,0,0,0,0,0,0,0,0,0,0,0,0,,0,0,0,0,0,,0,0,0,0,0,0,0,0,0,0,0,0,0,0,0,0,0,0,0,0,,,0,0,0,,0,0,0,0,0,,0,0,0,0,0,0,0,0,0,0,0,0
B,Fictibacillus_sp,0,0,0,0,0,0,0,0,0,0,0,0,0,0,0,0,0,0,0,0,0,0,0,0,0,0,0,0,0,0,0,0,0,0,0,0,0,0,0,0,0,0,0,0,0,0,0,0,75,0,0,,0,0,0,0,0,,0,0,0,0,0,0,0,0,0,0,0,0,0,0,0,0,0,0,0,0,,,0,0,0,,0,0,0,0,0,,0,0,0,0,0,0,0,0,0,0,0,0
B,Pseudogracilibacillus_sp,0,0,0,0,0,0,0,0,0,0,0,0,0,0,0,0,0,0,0,0,0,0,0,0,0,0,0,0,0,0,0,0,0,0,0,0,0,0,0,0,0,0,0,0,0,0,0,0,0,0,0,,0,0,0,0,0,,0,0,0,0,0,0,0,0,0,0,0,0,0,0,0,0,0,0,0,0,,,0,0,0,,0,0,0,11,0,,0,0,0,0,0,0,0,0,0,0,0,0
B,Virgibacillus_sp,0,0,0,0,0,0,0,0,0,0,0,0,0,0,0,0,0,0,1,0,0,0,0,0,0,0,0,0,0,0,0,0,0,0,0,0,0,0,0,0,0,0,0,0,0,0,0,0,0,0,0,,0,0,0,0,0,,0,0,0,0,0,0,0,0,0,0,0,0,0,0,0,0,0,0,0,0,,,0,0,0,,0,0,0,0,0,,0,0,0,0,0,0,0,0,0,0,0,0
B,Unid_Planococcaceae,0,10,0,10,0,0,0,20,0,0,21,0,0,19,10,10,0,0,0,9,6,0,12,16,15,5,0,0,17,0,0,0,29,0,0,0,0,0,0,20,0,10,0,0,0,0,0,0,0,0,0,,0,0,0,0,0,,0,0,0,0,0,0,0,25,9,0,0,0,0,33,0,0,0,0,0,0,,,0,0,0,,0,0,0,0,0,,0,17,12,0,0,0,0,0,21,0,0,0
B,Planococcus_sp,0,0,0,0,0,0,0,0,0,0,0,0,0,0,0,0,0,0,0,0,0,0,0,0,0,0,0,0,0,0,0,0,0,0,0,0,0,0,0,0,0,0,27,0,0,0,0,0,0,0,0,,0,0,0,0,0,,0,0,0,0,0,0,0,0,0,0,0,0,0,0,0,0,0,0,0,0,,,0,0,0,,0,0,0,0,0,,0,0,0,0,0,0,0,0,0,0,0,0
B,Unid_Sporolactobacillaceae,0,0,0,0,0,0,0,0,0,0,0,0,0,0,0,0,0,0,0,0,0,0,0,0,0,0,0,0,0,0,0,0,0,0,0,0,0,0,0,0,0,0,0,0,0,0,0,0,0,0,0,,0,0,0,0,0,,0,0,0,0,0,0,0,0,0,0,0,0,0,0,0,0,0,0,0,0,,,0,0,0,,0,0,0,0,0,,0,0,0,0,0,0,0,0,0,0,0,100
B,Candidatus_Spiroplasma_sp,0,0,44,0,0,0,0,0,0,0,0,0,0,0,0,0,0,0,0,0,12,0,0,0,0,0,0,16,0,0,0,0,0,0,0,0,0,0,32,0,0,0,32,0,13,21,0,0,0,4,0,,39,0,0,0,0,,0,36,0,0,0,0,0,0,0,0,0,0,0,0,0,0,0,0,0,0,,,0,0,0,,0,0,0,0,0,,0,18,0,0,0,0,0,0,0,0,5,16
B,type_III_sp,0,0,50,0,0,0,0,0,0,0,0,0,0,0,0,0,0,0,0,0,30,0,0,0,0,0,0,0,0,0,0,0,0,0,0,0,0,7,10,0,0,0,17,0,0,27,0,0,0,19,0,,16,0,0,0,0,,0,18,0,0,0,0,0,0,0,0,0,0,0,0,0,0,0,0,0,0,,,0,0,0,,0,0,0,0,0,,0,0,0,0,0,0,0,0,0,0,0,0
B,Lactobacillus_pontis,0,0,0,0,0,0,0,0,0,0,0,0,0,0,0,0,0,0,0,0,0,0,0,0,0,0,0,0,0,5,0,0,0,0,0,0,0,0,0,0,0,0,0,0,0,0,0,0,0,0,0,,0,0,0,0,0,,0,0,0,0,0,0,0,0,0,0,0,0,0,0,0,0,0,0,0,0,,,0,0,0,,0,0,0,0,0,,0,0,0,0,0,0,0,0,0,0,0,0
B,Unid_Paenibacillaceae,0,0,0,0,0,0,0,0,0,0,0,0,0,0,0,0,0,0,0,0,0,0,0,0,0,0,0,0,0,0,0,0,0,0,0,0,0,0,0,0,0,0,0,0,0,0,0,0,0,0,0,,0,0,0,0,0,,0,0,0,0,0,0,0,4,0,0,0,0,0,0,0,0,0,0,0,0,,,0,0,0,,0,0,0,0,0,,0,0,0,0,0,0,0,0,0,0,0,1
B,Ammoniphilus_sp,0,0,0,0,0,0,0,0,0,0,0,0,0,0,0,0,0,0,45,0,0,0,0,0,0,0,0,0,0,0,37,0,0,0,30,0,0,29,0,0,0,0,0,0,0,0,0,0,0,9,0,,16,0,0,0,0,,0,0,0,0,0,0,0,0,0,0,0,0,9,0,0,0,0,0,0,0,,,0,0,0,,0,0,0,3,0,,35,0,0,0,0,0,0,0,0,0,0,26
B,Paenibacillus_sp,0,0,0,0,0,0,15,0,0,0,0,41,0,0,0,0,0,0,3,0,0,0,0,0,44,0,0,0,9,0,11,0,0,0,0,0,33,0,0,0,0,0,0,0,0,0,0,0,0,0,0,,42,0,0,0,0,,0,21,0,26,0,0,10,0,0,0,0,0,3,0,0,0,0,0,0,0,,,0,0,0,,0,0,0,0,0,,12,0,0,0,0,0,0,20,0,0,0,223
B,Paenibacillus_thermoaerophilus,0,0,0,0,0,0,0,0,0,0,0,0,0,0,0,5,0,0,0,0,0,0,0,0,0,0,0,0,0,0,0,0,0,0,0,0,0,0,0,0,0,0,0,0,0,0,0,0,0,0,0,,0,0,0,0,0,,0,0,0,0,0,0,0,0,0,0,0,0,0,0,0,0,0,0,0,0,,,0,0,0,,0,0,0,0,0,,0,0,0,0,0,0,0,0,0,0,0,0
B,Unid_Paenibacillaceae275,0,0,0,0,0,0,0,0,0,0,0,0,0,0,0,0,0,0,0,0,0,0,0,0,0,0,0,0,0,0,0,0,0,0,0,0,0,0,0,0,0,0,0,0,0,0,0,0,0,0,0,,0,0,0,0,0,,0,0,0,0,0,0,0,0,0,0,0,0,0,0,0,0,0,0,0,0,,,0,0,0,,0,0,0,0,0,,0,0,0,0,0,0,0,0,0,0,0,32
B,Gemella_sp,0,0,0,0,0,0,0,0,0,0,0,0,0,0,0,0,0,0,0,0,0,0,0,0,0,0,0,0,0,0,0,0,0,0,0,0,0,0,0,0,0,0,0,0,0,0,0,0,0,0,0,,0,0,0,0,0,,0,0,0,0,0,0,0,0,0,0,0,0,0,0,0,0,0,0,0,0,,,0,29,0,,0,0,0,0,0,,0,0,0,0,0,0,0,0,0,0,0,0
B,Staphylococcus_sp,0,0,0,0,0,0,0,0,0,0,0,0,0,0,0,0,0,0,0,0,0,0,0,0,0,0,0,0,0,0,0,0,0,0,0,0,0,0,0,0,0,0,0,0,0,0,0,0,0,0,0,,0,0,0,0,0,,0,0,0,0,0,0,0,0,0,0,0,0,0,0,0,0,0,0,0,0,,,0,0,0,,79,0,0,0,0,,0,0,0,0,0,0,0,0,0,0,0,0
B,Novibacillus_sp,0,0,0,0,0,0,0,0,0,0,0,0,0,0,0,0,0,0,1,0,0,0,0,0,0,0,0,0,0,0,0,0,0,0,0,0,0,0,0,0,0,0,0,0,0,0,0,0,0,0,0,,0,0,0,0,0,,0,0,0,0,0,0,0,3,0,0,0,0,0,0,0,0,0,0,0,0,,,0,0,0,,0,0,0,0,0,,0,0,0,0,0,0,0,0,0,0,0,0
B,Unid_Clostridiaceae,0,0,0,0,0,0,0,0,0,0,0,0,0,0,0,0,0,0,0,0,0,0,0,0,0,0,0,0,0,0,0,0,0,0,0,0,0,0,0,0,0,0,0,0,0,0,0,0,0,0,0,,0,0,0,0,0,,0,0,0,0,0,0,0,0,0,0,0,0,0,0,0,0,0,0,0,0,,,0,0,0,,73,0,0,0,0,,0,0,0,0,0,0,0,0,0,0,0,0
B,Romboutsia_sp,0,0,0,0,0,0,0,0,0,0,0,0,0,0,0,0,0,0,0,0,0,0,0,0,0,0,0,0,0,8,0,0,6,0,0,0,0,0,0,0,0,0,0,0,0,0,0,0,0,0,0,,0,0,0,0,0,,0,0,0,0,0,0,0,0,0,0,0,0,0,0,0,0,0,0,0,0,,,0,0,0,,0,0,0,0,0,,0,0,0,0,0,0,0,0,0,0,0,0
B,Tepidimicrobium_sp,0,0,0,0,0,0,0,0,0,0,0,0,0,0,0,0,0,0,0,0,0,0,0,0,0,0,0,0,0,0,0,0,0,0,0,0,0,0,0,0,0,0,0,0,0,0,0,0,0,0,0,,0,0,0,0,0,,0,0,0,0,0,0,0,0,0,0,0,0,0,0,0,0,0,7,0,0,,,0,0,0,,0,0,0,0,0,,0,0,0,0,0,0,0,0,0,0,0,0
B,Desulfosporosinus_sp,0,0,0,0,0,0,0,0,0,0,0,0,0,0,0,0,0,0,0,0,0,0,0,0,0,0,0,0,0,0,0,0,0,0,0,0,0,0,0,0,0,0,0,0,0,0,0,0,0,0,0,,0,0,0,0,0,,0,0,0,0,0,0,0,0,0,0,0,0,0,0,0,0,0,0,0,0,,,0,0,0,,32,0,0,0,0,,0,0,0,0,0,0,0,0,0,0,0,0
B,Unid_Sporomusaceae,0,0,0,0,0,0,0,0,0,0,0,0,0,0,0,0,0,0,0,0,0,0,0,0,0,0,0,0,0,0,0,0,0,0,0,0,0,0,0,0,0,0,0,0,0,0,0,0,0,0,0,,0,0,0,0,0,,0,0,0,0,0,0,0,0,0,0,0,0,0,0,0,0,0,0,0,0,,,0,0,0,,33,0,0,0,0,,0,0,0,0,0,0,0,0,0,0,0,0
B,Unid_Gemmatimonadota,0,105,68,0,38,0,149,38,130,39,66,60,0,74,0,125,88,95,220,45,107,0,48,0,0,50,86,28,0,0,128,122,96,0,69,36,103,0,101,0,74,0,0,0,0,0,0,0,0,0,0,,0,0,0,0,0,,0,0,0,0,0,0,0,0,0,0,0,0,0,0,0,0,0,0,0,0,,,0,0,0,,0,0,0,0,0,,173,97,170,0,91,36,0,0,46,59,120,0
B,Unid_Gemmatimonadota276,0,0,0,0,0,0,0,0,1,0,0,0,0,0,0,0,0,0,0,0,0,0,0,0,0,0,0,0,0,0,0,0,7,0,0,0,0,0,0,0,0,0,0,0,0,0,0,0,0,0,0,,0,0,0,0,0,,0,0,0,0,0,0,0,0,0,0,0,0,0,0,0,0,0,0,0,0,,,0,0,0,,0,0,0,0,0,,0,0,0,0,0,0,0,0,0,0,0,0
B,Unid_Gemmatimonadota277,200,1,158,0,0,63,126,97,118,104,27,1,1,235,83,124,0,0,148,110,178,0,205,0,180,214,19,0,87,149,214,110,0,34,167,0,117,69,126,26,113,119,0,0,0,0,0,0,0,0,0,,0,0,0,0,0,,0,0,0,0,0,0,0,0,0,0,0,0,0,0,0,0,0,0,0,0,,,0,0,0,,0,0,0,0,0,,3,106,123,0,0,0,159,1,169,25,48,207
B,Unid_Gemmatimonadota278,0,0,0,2,0,0,0,0,0,0,4,2,1,0,0,0,0,0,2,0,0,63,70,0,6,0,48,1,3,0,0,0,0,0,0,0,1,2,0,5,0,0,0,0,0,0,0,0,0,0,0,,0,0,0,0,0,,0,0,0,0,0,0,0,0,0,0,0,0,0,0,0,0,0,0,0,0,,,0,0,0,,0,0,0,0,0,,10,0,0,2,0,0,34,0,36,36,2,40
B,Unid_Gemmatimonadota279,0,0,0,0,0,0,56,0,0,0,0,0,0,0,0,0,0,0,68,0,78,0,0,0,0,0,0,0,0,0,0,0,0,0,0,0,0,43,0,0,0,48,0,0,0,0,0,0,0,0,0,,0,0,0,0,0,,0,0,0,0,0,0,0,0,0,0,0,0,0,0,0,0,0,0,0,0,,,0,0,0,,0,0,0,0,0,,0,41,0,0,0,0,0,0,0,0,0,0
B,Unid_Gemmatimonadota280,0,0,0,0,0,0,0,0,0,0,0,0,2,2,0,0,0,0,0,0,0,0,0,0,0,0,0,0,2,0,0,0,1,0,0,0,0,0,0,0,0,0,0,0,0,0,0,0,0,0,0,,0,0,0,0,0,,0,0,0,0,0,0,0,0,0,0,0,0,0,0,0,0,0,0,0,0,,,0,0,0,,0,0,0,0,0,,0,0,0,0,0,0,0,0,0,0,0,5
B,Unid_Gemmatimonadota281,0,7,2,0,0,0,0,0,0,0,0,0,29,0,0,0,0,0,0,0,0,0,42,0,52,32,36,0,0,0,46,0,0,14,0,1,0,0,23,0,0,0,0,0,0,0,0,0,0,0,0,,0,0,0,0,0,,0,0,0,0,0,0,0,0,0,0,0,0,0,0,0,0,0,0,0,0,,,0,0,0,,0,0,0,0,0,,31,96,24,0,0,63,0,35,25,0,0,1
B,Unid_Gemmatimonadota282,53,82,91,0,0,0,0,72,0,0,0,97,0,0,0,0,0,0,0,64,151,70,6,0,0,63,124,0,0,0,1,0,0,0,0,0,91,0,96,61,0,84,0,0,0,0,0,0,0,0,0,,0,0,0,0,0,,0,0,0,0,0,0,0,0,0,0,0,0,0,0,0,0,0,0,0,0,,,0,0,0,,0,0,0,0,0,,0,0,0,49,54,0,55,219,0,0,62,0
B,Unid_Gemmatimonadaceae,19,115,17,122,83,0,219,132,133,92,115,184,0,223,0,0,11,146,115,147,152,124,40,28,159,25,101,50,119,75,190,78,12,60,143,127,86,96,125,162,44,89,0,0,0,0,0,0,0,0,0,,0,0,0,0,0,,0,0,0,0,0,0,0,0,0,0,0,0,0,0,0,0,0,0,0,0,,,0,0,0,,0,0,0,0,0,,44,228,148,170,110,106,137,39,46,286,233,165
B,Gemmatimonas_sp,113,21,29,100,48,0,49,29,117,0,15,36,10,14,66,96,0,0,123,51,71,25,78,46,104,40,78,39,77,27,131,38,110,17,40,78,126,108,49,58,203,118,0,0,0,0,0,0,0,0,0,,0,0,0,0,0,,0,0,0,0,0,0,0,0,0,0,0,0,0,0,0,0,0,0,0,0,,,0,0,0,,0,0,0,0,0,,155,189,111,94,160,0,164,68,206,22,130,50
B,Gemmatimonas_sp283,150,107,237,31,239,158,114,175,95,86,190,42,0,216,0,8,0,41,136,31,159,156,99,83,163,135,131,126,254,187,89,146,124,71,0,5,177,187,79,147,157,292,0,0,0,0,0,0,0,0,0,,0,0,0,0,0,,0,0,0,0,0,0,0,0,0,0,0,0,0,0,0,0,0,0,0,0,,,0,0,0,,0,0,0,0,0,,83,122,137,0,189,198,177,222,118,0,59,122
B,Gemmatimonas_sp284,0,0,119,0,0,0,0,0,0,0,0,0,0,0,0,0,0,0,0,0,0,0,0,0,0,0,0,0,0,0,0,0,0,0,0,0,0,0,0,0,0,0,0,0,0,0,0,0,0,0,0,,0,0,0,0,0,,0,0,0,0,0,0,0,0,0,0,0,0,0,0,0,0,0,0,0,0,,,0,0,0,,0,0,0,0,0,,0,0,0,0,0,0,0,0,0,0,0,0
B,Gemmatimonas_sp285,0,0,0,0,0,0,0,0,0,0,0,0,0,0,0,0,0,0,0,0,3,0,0,0,0,0,0,0,0,0,0,0,0,0,0,0,0,0,0,0,0,0,0,0,0,0,0,0,0,0,0,,0,0,0,0,0,,0,0,0,0,0,0,0,0,0,0,0,0,0,0,0,0,0,0,0,0,,,0,0,0,,0,0,0,0,0,,0,0,0,0,0,0,0,0,0,0,0,0
B,Roseisolibacter_sp,0,0,0,0,0,0,0,0,22,0,0,0,0,0,0,0,0,0,0,0,0,0,0,0,0,0,0,0,0,0,0,0,0,0,0,0,0,0,0,0,0,0,0,0,0,0,0,0,0,0,0,,0,0,0,0,0,,0,0,0,0,0,0,0,0,0,0,0,0,0,0,0,0,0,0,0,0,,,0,0,0,,0,0,0,0,0,,0,0,0,0,0,0,0,0,0,0,0,0
B,Roseisolibacter_sp286,0,13,0,0,0,0,0,0,0,0,0,0,0,0,0,0,0,0,0,18,0,0,0,0,0,0,0,0,0,0,0,0,0,0,0,0,0,0,0,0,0,0,0,0,0,0,0,0,0,0,0,,0,0,0,0,0,,0,0,0,0,0,0,0,0,0,0,0,0,0,0,0,0,0,0,0,0,,,0,0,0,,0,0,0,0,0,,0,0,0,0,0,0,0,21,0,0,0,0
B,Unid_Gemmatimonadaceae287,304,364,193,404,431,379,458,437,235,329,254,345,655,373,221,401,546,217,396,389,550,644,526,303,251,332,276,286,244,505,356,394,272,202,476,406,214,570,380,515,286,252,0,0,0,0,0,0,0,0,0,,0,0,0,0,0,,0,0,0,0,0,0,0,0,0,0,0,0,0,0,0,0,0,0,0,0,,,0,0,0,,0,0,0,0,0,,395,558,478,348,214,475,437,434,370,609,605,552
B,Acidobacteria_bacterium288,0,0,0,38,0,0,0,0,0,0,0,0,0,0,0,0,0,0,0,0,0,0,0,0,0,0,0,0,0,0,0,0,0,0,0,0,0,0,16,0,0,0,0,0,0,0,0,0,0,0,0,,0,0,0,0,0,,0,0,0,0,0,0,0,0,0,0,0,0,0,0,0,0,0,0,0,0,,,0,0,0,,0,0,0,0,0,,0,0,0,0,0,0,0,0,109,0,0,0
B,Gemmatimonadetes_bacterium,0,0,0,0,0,0,0,0,0,0,0,0,0,0,0,0,0,0,0,0,0,0,0,0,0,0,0,0,0,0,0,0,0,0,0,0,0,0,0,2,0,0,0,0,0,0,0,0,0,0,0,,0,0,0,0,0,,0,0,0,0,0,0,0,0,0,0,0,0,0,0,0,0,0,0,0,0,,,0,0,0,,0,0,0,0,0,,0,0,0,0,0,0,0,0,0,0,0,0
B,Unid_Gemmatimonadaceae289,0,0,0,0,0,0,0,0,0,0,0,26,0,0,0,0,0,0,0,0,43,34,0,38,0,0,0,0,0,0,0,0,0,0,0,0,0,0,36,35,89,29,0,0,0,0,0,0,0,0,0,,0,0,0,0,0,,0,0,0,0,0,0,0,0,0,0,0,0,0,0,0,0,0,0,0,0,,,0,0,0,,0,0,0,0,0,,0,0,0,29,0,54,0,0,0,53,88,0
B,Unid_Gemmatimonadaceae290,106,0,174,86,158,134,247,185,0,0,196,214,124,78,73,144,137,98,196,194,231,183,180,230,141,125,252,0,199,72,136,181,159,203,136,131,122,63,119,141,0,62,0,0,0,0,0,0,0,0,0,,0,0,0,0,0,,0,0,0,0,0,0,0,0,0,0,0,0,0,0,0,0,0,0,0,17,,,0,0,0,,0,0,0,0,0,,165,159,273,78,214,93,102,93,243,0,210,0
B,Unid_Gemmatimonadaceae291,6,0,10,11,10,0,9,10,0,0,19,27,15,0,157,40,60,117,10,10,1,0,0,0,1,2,13,0,53,41,2,0,17,0,1,0,0,0,0,8,26,3,0,0,0,0,0,0,0,0,0,,0,0,0,0,0,,0,0,0,0,0,0,0,0,0,0,0,0,0,0,0,0,0,0,0,0,,,0,0,0,,0,0,0,0,0,,30,10,16,0,0,32,6,6,0,14,32,11
B,Unid_Gemmatimonadaceae292,0,0,0,0,0,0,0,0,0,0,0,0,0,0,0,0,0,0,0,0,0,0,0,0,0,0,0,0,0,0,0,0,0,0,0,0,0,0,0,0,0,0,0,0,0,0,0,0,0,0,0,,0,0,0,0,0,,0,0,0,0,0,0,0,0,0,0,0,0,0,0,0,0,0,0,0,0,,,0,0,0,,22,0,0,0,0,,0,0,0,0,0,0,0,0,0,0,0,0
B,Unid_Gemmatimonadaceae293,0,0,0,53,55,0,182,0,69,0,55,115,0,21,0,80,0,73,49,46,0,0,67,0,0,0,0,0,0,28,37,0,92,0,35,73,104,0,0,69,0,0,0,0,0,0,0,0,0,0,0,,0,0,0,0,0,,0,0,0,0,0,0,0,0,0,0,0,0,0,0,0,0,0,0,0,0,,,0,0,0,,0,0,0,0,0,,202,0,172,0,29,0,81,0,65,0,82,0
B,Unid_Gemmatimonadaceae294,0,0,0,0,0,0,0,0,0,0,0,0,0,3,0,0,0,0,3,0,3,1,0,3,48,0,8,10,0,0,0,43,0,0,0,0,0,1,2,12,0,245,0,0,0,0,0,0,0,0,0,,0,0,0,0,0,,0,0,0,0,0,0,0,0,0,0,0,0,0,0,0,0,0,0,0,0,,,0,0,0,,0,0,0,0,0,,0,6,6,12,0,0,0,0,0,11,1,0
B,Unid_Gemmatimonadaceae295,37,38,44,0,35,0,46,79,80,49,0,42,0,46,39,37,0,0,78,0,86,0,53,28,86,49,87,45,52,0,52,55,54,0,41,76,0,92,62,63,46,0,0,0,0,0,0,0,0,0,0,,0,0,0,0,0,,0,0,0,0,0,0,0,0,0,0,0,0,0,0,0,0,0,0,0,0,,,0,0,0,,0,0,0,0,0,,46,59,82,59,46,48,71,87,54,34,0,0
B,Unid_Gemmatimonadaceae296,0,0,3,0,6,0,0,0,0,0,0,0,0,0,0,1,2,0,0,0,0,0,0,0,0,0,0,14,0,0,0,0,0,0,0,0,0,0,0,0,0,0,0,0,0,0,0,0,0,0,0,,0,0,0,0,0,,0,0,0,0,0,0,0,0,0,0,0,0,0,0,0,0,0,0,0,0,,,0,0,0,,0,0,0,0,0,,0,0,0,0,68,99,0,0,0,0,104,0
B,Unid_Gemmatimonadaceae297,0,0,115,0,0,0,0,0,97,0,0,0,0,114,123,0,0,0,136,0,0,125,0,0,0,0,110,105,123,111,0,0,93,0,0,0,0,0,0,0,161,0,0,0,0,0,0,0,0,0,0,,0,0,0,0,0,,0,0,0,0,0,0,0,0,0,0,0,0,0,0,0,0,0,0,0,0,,,0,0,0,,0,0,0,0,0,,0,0,0,0,0,0,146,0,0,0,0,0
B,Unid_Gemmatimonadaceae298,0,73,13,0,31,46,0,59,0,61,32,0,0,53,0,0,0,0,0,0,0,56,43,71,0,0,0,50,32,46,0,0,0,38,0,0,0,0,50,0,45,58,0,0,0,0,0,0,0,0,0,,0,0,0,0,0,,0,0,0,0,0,0,0,0,0,0,0,0,0,0,0,0,0,0,0,0,,,0,0,0,,0,0,0,0,0,,44,0,33,0,0,0,0,0,0,0,0,48
B,Unid_Longimicrobiaceae,0,0,2,0,0,0,0,0,0,0,0,0,0,0,0,0,0,0,0,0,0,0,0,0,1,0,0,0,0,0,0,0,0,0,0,0,0,0,0,0,0,0,0,0,0,0,0,0,0,0,0,,0,0,0,0,0,,0,0,0,0,0,0,0,0,0,0,0,0,0,0,0,0,0,0,0,0,,,0,0,0,,0,0,0,0,0,,0,0,0,0,0,0,0,0,0,0,0,0
B,Longimicrobiaceae_sp,0,0,0,0,0,0,0,0,0,0,0,0,0,0,0,0,0,0,0,51,72,0,0,0,0,61,48,0,0,0,0,0,0,0,0,0,35,0,54,0,0,29,0,0,0,0,0,0,0,0,0,,0,0,0,0,0,,0,0,0,0,0,0,0,0,0,0,0,0,0,0,0,0,0,0,0,0,,,0,0,0,,0,0,0,0,0,,0,0,0,0,45,0,0,28,0,0,0,0
B,Longimicrobiaceae_sp299,0,0,20,131,0,0,0,0,0,0,20,0,114,139,0,0,57,22,0,11,164,8,16,64,185,4,231,22,6,109,83,0,0,20,47,25,75,0,65,151,217,241,0,0,0,0,0,0,0,0,0,,0,0,0,0,0,,0,0,0,0,0,0,0,0,0,0,0,0,0,0,0,0,0,0,0,0,,,0,0,0,,0,0,0,0,0,,43,89,80,50,130,102,10,93,190,2,157,144
B,Longimicrobiaceae_sp300,0,0,0,0,0,0,0,0,0,0,0,0,0,0,0,0,0,0,0,0,0,0,0,0,0,0,37,0,0,0,0,0,0,0,0,0,0,0,0,0,0,0,0,0,0,0,0,0,0,0,0,,0,0,0,0,0,,0,0,0,0,0,0,0,0,0,0,0,0,0,0,0,0,0,0,0,0,,,0,0,0,,0,0,0,0,0,,0,0,0,0,0,0,0,0,0,0,0,0
B,Longimicrobiaceae_sp301,0,0,0,0,0,0,0,0,0,0,0,0,0,0,0,0,0,0,0,0,0,0,0,0,55,0,67,0,0,0,0,0,0,0,0,0,0,0,0,0,0,0,0,0,0,0,0,0,0,0,0,,0,0,0,0,0,,0,0,0,0,0,0,0,0,0,0,0,0,0,0,0,0,0,0,0,0,,,0,0,0,,0,0,0,0,0,,0,0,0,0,0,0,0,0,0,0,0,0
B,Unid_Longimicrobiaceae302,0,0,0,0,0,0,0,0,0,0,0,0,0,0,0,0,0,0,0,0,0,0,0,0,0,0,0,0,0,0,44,0,0,0,0,0,0,0,0,0,0,0,0,0,0,0,0,0,0,0,0,,0,0,0,0,0,,0,0,0,0,0,0,0,0,0,0,0,0,0,0,0,0,0,0,0,0,,,0,0,0,,0,0,0,0,0,,0,0,0,0,0,0,0,0,0,0,0,0
B,Unid_Longimicrobiaceae303,0,0,0,0,0,0,0,0,0,0,0,0,0,0,0,0,0,0,0,0,0,0,0,0,0,0,0,0,0,0,0,0,0,0,0,0,0,0,0,0,0,0,0,0,0,0,0,0,0,0,0,,0,0,0,0,0,,0,0,0,0,0,0,0,0,0,0,0,0,0,0,0,0,0,0,0,0,,,0,0,0,,0,0,0,0,0,,0,0,0,0,0,0,0,0,0,0,1,0
B,Unid_Gemmatimonadota304,52,0,0,0,0,0,65,2,65,0,37,0,38,0,0,0,0,0,66,0,0,0,0,0,11,43,10,0,0,0,76,13,32,28,9,51,136,223,0,0,0,55,0,0,0,0,0,0,0,0,0,,0,0,0,0,0,,0,0,0,0,0,0,0,0,0,0,0,0,0,0,0,0,0,0,0,0,,,0,0,0,,0,0,0,0,0,,0,0,0,34,2,0,0,1,0,55,0,99
B,Unid_Gemmatimonadota305,190,79,72,115,28,132,2,63,125,94,135,1,64,166,187,168,146,0,102,87,137,124,144,1,215,24,204,94,176,159,72,173,157,183,81,162,3,173,148,180,60,64,0,0,0,0,0,0,0,0,0,,0,0,0,0,0,,0,0,0,0,0,0,0,0,0,0,0,0,0,0,0,0,0,0,0,0,,,0,0,0,,0,0,0,0,0,,130,6,64,113,169,242,167,218,6,129,238,198
B,Unid_Gemmatimonadota306,0,0,0,0,12,0,0,0,0,11,0,0,0,0,0,17,0,0,32,0,0,0,8,0,0,0,0,0,0,0,26,1,0,0,0,0,0,0,0,0,0,11,0,0,0,0,0,0,0,0,0,,0,0,0,0,0,,0,0,0,0,0,0,0,0,0,0,0,0,0,0,0,0,0,0,0,0,,,0,0,0,,0,0,0,0,0,,0,58,0,0,0,0,17,0,0,25,17,0
B,Unid_Gemmatimonadota307,58,183,0,0,120,0,50,236,177,90,217,87,1,4,44,83,0,37,85,18,67,182,205,129,288,39,321,0,130,353,41,170,0,0,58,0,0,0,24,158,303,276,0,0,0,0,0,0,0,0,0,,0,0,0,0,0,,0,0,0,0,0,0,0,0,0,0,0,0,0,0,0,0,0,0,0,0,,,0,0,0,,0,0,0,0,0,,0,0,137,0,223,50,202,171,73,88,77,121
B,Unid_Gemmatimonadota308,0,24,0,0,0,18,26,16,0,0,0,0,0,0,0,0,0,0,0,0,0,0,0,0,0,0,0,0,0,0,0,0,0,0,0,0,0,36,0,23,26,17,0,0,0,0,0,0,0,0,0,,0,0,0,0,0,,0,0,0,0,0,0,0,0,0,0,0,0,0,0,0,0,0,0,0,0,,,0,0,0,,0,0,0,0,0,,0,0,20,0,0,0,0,0,0,0,39,0
B,Hydrogenedensaceae_sp,0,0,0,0,0,0,0,0,0,0,0,0,0,0,0,0,0,0,0,59,0,0,0,0,0,0,0,0,0,0,0,0,0,0,0,0,0,0,0,0,0,0,0,0,0,0,0,0,0,0,0,,0,0,0,0,0,,0,0,0,0,0,0,0,0,0,0,0,0,0,0,0,0,0,0,0,0,,,0,0,0,,0,0,0,0,0,,0,0,0,0,0,0,0,0,0,0,0,0
B,Latescibacterota_sp,0,9,0,0,0,0,0,0,0,0,0,0,0,0,30,0,40,0,0,0,0,0,0,0,0,0,0,0,0,0,0,0,0,0,0,0,0,0,0,0,0,0,0,0,0,0,0,0,0,0,0,,0,0,0,0,0,,0,0,0,0,0,0,0,0,0,0,0,0,0,0,0,0,0,0,0,0,,,0,0,0,,0,0,0,0,0,,0,6,0,2,0,0,0,5,1,0,0,0
B,Latescibacterota_sp309,0,0,33,0,0,60,55,0,64,0,76,0,85,96,0,0,81,45,0,0,123,195,132,130,0,70,65,72,0,18,89,95,0,33,150,122,26,72,109,158,0,0,0,0,0,0,0,0,0,0,0,,0,0,0,0,0,,0,0,0,0,0,0,0,0,0,0,0,0,0,0,0,0,0,0,0,0,,,0,0,0,,0,0,0,0,0,,76,17,76,87,109,0,57,84,0,105,0,0
B,Latescibacterota_sp310,0,0,0,0,0,0,0,0,0,44,0,0,0,0,104,107,0,0,0,0,0,0,0,0,0,0,0,0,0,0,0,0,0,0,0,0,0,0,0,0,0,0,0,0,0,0,0,0,0,0,0,,0,0,0,0,0,,0,0,0,0,0,0,0,0,0,0,0,0,0,0,0,0,0,0,0,0,,,0,0,0,,0,0,0,0,0,,0,0,0,0,0,30,0,0,0,0,0,45
B,Latescibacterota_sp311,0,0,0,0,1,0,0,0,0,0,13,0,15,0,0,0,10,12,9,0,0,0,0,0,0,0,0,0,0,0,0,0,0,0,0,0,0,0,0,12,0,0,0,0,0,0,0,0,0,0,0,,0,0,0,0,0,,0,0,0,0,0,0,0,0,0,0,0,0,0,0,0,0,0,0,0,0,,,0,0,0,,0,0,0,0,0,,0,0,0,0,0,0,0,0,0,0,11,0
B,Latescibacterota_sp312,0,0,0,0,0,0,0,0,0,0,6,0,0,0,0,0,0,0,0,0,0,0,0,0,0,0,0,0,0,0,0,0,0,0,0,0,0,0,0,0,0,0,0,0,0,0,0,0,0,0,0,,0,0,0,0,0,,0,0,0,0,0,0,0,0,0,0,0,0,0,0,0,0,0,0,0,0,,,0,0,0,,0,0,0,0,0,,0,0,0,0,0,0,0,0,0,0,0,0
B,Unid_,0,0,0,0,0,0,0,0,0,0,0,0,0,0,0,0,0,0,0,0,0,1,0,0,0,0,0,0,0,0,22,0,0,0,0,0,0,0,1,0,0,0,0,0,0,0,0,0,0,0,0,,0,0,0,0,0,,0,0,0,0,0,0,0,0,0,0,0,0,0,0,0,0,0,0,0,0,,,0,0,0,,0,0,0,0,0,,0,0,0,0,0,2,0,0,0,0,0,0
B,Unid_313,0,0,0,0,0,0,0,0,0,0,0,0,0,0,0,0,0,0,0,0,0,0,0,0,0,0,0,0,0,0,0,0,0,0,0,0,0,0,0,0,0,0,0,0,0,0,0,0,0,0,0,,0,0,0,0,0,,0,0,0,0,0,0,0,0,0,0,0,0,0,0,0,0,0,0,0,0,,,0,0,0,,0,0,0,0,0,,0,0,32,0,0,0,0,0,0,0,0,0
B,Rokubacteriales_sp,0,0,3,38,191,0,0,0,0,0,0,0,0,0,1,1,5,0,0,0,0,0,0,190,151,0,0,0,3,1,3,0,1,0,30,0,1,1,204,0,0,0,0,0,0,0,0,0,0,0,0,,0,0,0,0,0,,0,0,0,0,0,0,0,0,0,0,0,0,0,0,0,0,0,0,0,0,,,0,0,0,,0,0,0,0,0,,0,5,30,3,3,0,0,0,0,5,0,0
B,Rokubacteriales_sp314,0,0,0,0,0,0,0,0,0,0,2,0,1,43,0,36,0,0,0,0,0,26,33,0,0,0,0,0,0,0,0,0,0,0,0,0,0,0,0,1,0,0,0,0,0,0,0,0,0,0,0,,0,0,0,0,0,,0,0,0,0,0,0,0,0,0,0,0,0,0,0,0,0,0,0,0,0,,,0,0,0,,0,0,0,0,0,,0,0,0,0,0,0,0,0,0,0,0,0
B,Rokubacteriales_sp315,0,177,221,170,36,26,182,42,247,182,70,0,306,107,78,218,264,0,170,45,310,67,234,65,0,200,208,0,68,196,284,291,70,140,216,1,62,99,79,7,0,242,0,0,0,0,0,0,0,0,0,,0,0,0,0,0,,0,0,0,0,0,0,0,0,0,0,0,0,0,0,0,0,0,0,0,0,,,0,0,0,,0,0,0,0,0,,274,153,0,59,122,0,213,231,0,5,268,221
B,Rokubacteriales_sp316,0,0,0,9,0,0,0,0,0,0,0,0,0,0,0,0,0,0,0,0,0,0,0,14,0,0,0,0,0,0,0,0,0,0,0,0,0,0,14,0,0,0,0,0,0,0,0,0,0,0,0,,0,0,0,0,0,,0,0,0,0,0,0,0,0,0,0,0,0,0,0,0,0,0,0,0,0,,,0,0,0,,0,0,0,0,0,,13,0,0,16,0,0,0,0,0,0,0,0
B,Unid_Rokubacteriales,4,0,0,0,0,0,6,0,0,0,8,0,0,0,0,1,0,0,0,0,4,0,0,0,0,0,13,0,0,0,10,0,10,0,0,0,0,0,6,0,0,2,0,0,0,0,0,0,0,0,0,,0,0,0,0,0,,0,0,0,0,0,0,0,0,0,0,0,0,0,0,0,0,0,0,0,0,,,0,0,0,,0,0,0,0,0,,0,0,0,0,0,0,0,0,7,0,0,0
B,Unid_Rokubacteriales317,0,0,0,0,0,0,0,0,0,0,0,0,19,0,0,0,0,0,0,0,0,0,0,0,0,0,0,0,0,0,0,0,0,0,0,0,0,0,0,0,0,0,0,0,0,0,0,0,0,0,0,,0,0,0,0,0,,0,0,0,0,0,0,0,0,0,0,0,0,0,0,0,0,0,0,0,0,,,0,0,0,,0,0,0,0,0,,0,0,0,0,0,0,0,0,0,0,0,0
B,Unid_Myxococcota,0,0,0,0,0,72,0,0,0,0,0,0,0,0,0,0,0,0,0,0,0,0,0,0,0,0,11,101,18,0,0,12,0,0,11,0,0,0,0,0,0,0,0,0,0,0,0,0,0,0,0,,0,0,0,0,0,,0,0,0,0,0,0,0,0,0,0,0,0,0,0,0,0,0,0,0,0,,,0,0,0,,0,0,0,0,0,,0,0,0,0,1,0,0,0,0,0,0,0
B,Unid_Myxococcota318,65,0,0,0,0,0,0,0,1,0,46,32,0,0,0,0,0,26,51,45,34,51,0,30,0,0,0,0,74,51,69,26,57,0,39,36,0,24,49,0,49,0,0,0,0,0,0,0,0,0,0,,0,0,0,0,0,,0,0,0,0,0,0,0,0,0,0,0,0,0,0,0,0,0,0,0,0,,,0,0,0,,0,0,0,0,0,,0,40,0,55,57,0,48,0,57,0,52,42
B,Unid_Myxococcota319,0,10,0,0,0,0,0,0,0,0,0,0,0,0,0,0,0,0,0,0,0,0,0,0,0,0,0,0,0,0,0,0,0,0,0,0,0,0,0,0,0,0,0,0,0,0,0,0,0,0,0,,0,0,0,0,0,,0,0,0,0,0,0,0,0,0,0,0,0,0,0,0,0,0,0,0,0,,,0,0,0,,0,0,0,0,0,,0,0,0,0,0,0,0,0,0,0,0,0
B,Unid_Myxococcota320,0,0,0,0,0,0,0,0,0,0,0,0,0,0,0,0,0,0,0,68,0,0,0,0,81,0,0,0,0,0,0,0,0,0,0,0,0,0,73,0,71,0,0,0,0,0,0,0,0,0,0,,0,0,0,0,0,,0,0,0,0,0,0,0,0,0,0,0,0,0,0,0,0,0,0,0,0,,,0,0,0,,0,0,0,0,0,,0,0,0,0,0,0,0,0,0,0,0,0
B,Unid_Myxococcota321,0,144,217,176,158,88,0,229,239,0,173,152,129,268,128,258,261,181,0,0,0,164,170,197,0,0,179,0,0,172,224,200,0,129,0,0,0,0,0,177,149,148,0,0,0,0,0,0,0,0,0,,0,0,0,0,0,,0,0,0,0,0,0,0,0,0,0,0,0,0,0,0,0,0,0,0,0,,,0,0,0,,0,0,0,0,0,,226,0,252,0,0,175,200,0,150,161,90,183
B,Unid_Myxococcota322,0,0,0,0,0,0,0,0,0,0,0,0,0,0,13,0,0,0,0,0,0,0,0,0,0,0,0,0,0,0,0,0,0,0,0,0,0,0,0,0,0,0,0,0,0,0,0,0,0,0,0,,0,0,0,0,0,,0,0,0,0,0,0,0,0,0,0,0,0,0,0,0,0,0,0,0,0,,,0,0,0,,0,0,0,0,0,,0,0,0,0,0,0,0,0,8,0,0,0
B,Anaeromyxobacter_sp,0,0,0,0,0,0,0,0,0,0,0,0,0,0,0,0,0,0,0,0,0,0,0,0,0,0,0,0,0,0,0,0,0,0,0,0,0,0,0,0,0,0,0,0,0,0,0,0,0,0,0,,0,0,0,0,0,,0,0,0,0,0,0,0,0,0,0,0,0,0,0,0,0,0,0,0,0,,,0,0,0,,15,0,0,0,0,,0,0,0,0,0,0,0,0,0,0,0,0
B,Anaeromyxobacter_sp323,0,0,0,0,0,0,0,0,0,0,0,0,0,0,0,0,0,0,0,0,0,0,0,0,0,0,0,0,0,0,0,0,0,0,0,0,0,0,0,0,0,0,0,0,0,0,0,0,0,0,0,,0,0,0,0,0,,0,0,0,0,0,0,0,0,0,0,0,0,0,0,0,0,0,0,0,0,,,0,0,0,,47,0,0,0,0,,0,0,0,0,0,0,0,0,0,0,0,0
B,Unid_Myxococcaceae,0,0,0,0,67,0,3,74,0,0,10,0,0,47,0,40,0,0,67,103,0,82,64,0,77,0,125,0,110,61,64,0,52,0,0,0,0,1,0,64,0,32,0,0,0,0,0,0,0,0,0,,0,0,0,0,0,,0,0,0,0,0,0,0,0,0,0,0,0,0,0,0,0,0,0,0,0,,,0,0,0,,0,0,0,0,0,,0,0,68,0,34,0,95,60,100,35,55,0
B,Archangium_gephyra,0,0,0,0,0,0,55,0,0,0,0,0,0,0,0,0,0,0,0,0,0,0,0,0,0,0,0,0,0,0,0,0,0,0,0,0,0,0,0,0,0,0,0,0,0,0,0,0,0,0,0,,0,0,0,0,0,,0,0,0,0,0,0,0,0,0,0,0,0,0,0,0,0,0,0,0,0,,,0,0,0,,0,0,0,0,0,,0,0,0,0,0,0,0,0,0,0,0,0
B,Unid_Myxococcaceae324,0,0,0,0,0,0,0,0,0,0,0,0,0,0,0,0,10,0,0,0,0,0,0,0,0,0,0,0,0,0,0,0,0,0,0,0,0,0,0,0,0,0,0,0,0,0,0,0,0,0,0,,0,0,0,0,0,,0,0,0,0,0,0,0,0,0,0,0,0,0,0,0,0,0,0,0,0,,,0,0,0,,0,0,0,0,0,,0,0,0,0,0,0,0,0,0,0,0,0
B,Myxococcaceae_sp,0,0,0,0,0,0,0,0,0,0,60,0,0,0,0,0,0,0,0,0,0,0,0,0,0,0,0,0,0,0,0,0,0,0,0,0,0,0,0,0,0,0,0,0,0,0,0,0,0,0,0,,0,0,0,0,0,,0,0,0,0,0,0,0,0,0,0,0,0,0,0,0,0,0,0,0,0,,,0,0,0,,0,0,0,0,0,,0,0,0,0,0,0,0,0,0,0,0,0
B,Myxococcaceae_sp325,0,0,39,0,0,0,0,0,0,0,0,0,0,0,0,0,0,0,0,0,0,0,0,0,0,0,0,0,0,0,0,0,0,0,0,0,0,0,0,0,0,0,0,0,0,0,0,0,0,0,0,,0,0,0,0,0,,0,0,0,0,0,0,0,0,0,0,0,0,0,0,0,0,0,0,0,0,,,0,0,0,,0,0,0,0,0,,0,94,0,0,0,0,0,0,0,0,0,0
B,Myxococcus_sp,0,0,0,0,0,0,0,0,0,0,0,0,0,0,0,0,0,0,0,0,0,0,0,0,0,58,0,0,0,0,0,0,0,0,0,0,0,0,0,0,0,0,0,0,0,0,0,0,0,0,0,,0,0,0,0,0,,0,0,0,0,0,0,0,0,0,0,0,0,0,0,0,0,0,0,0,0,,,0,0,0,,0,0,0,0,0,,0,0,0,0,0,0,0,0,0,0,0,0
B,Unid_Myxococcaceae326,0,0,0,0,0,0,0,0,0,0,0,0,0,0,0,0,0,0,0,0,11,0,0,0,0,0,0,0,0,0,0,9,0,0,0,0,0,0,0,0,0,0,0,0,0,0,0,0,0,0,0,,0,0,0,0,0,,0,0,0,0,0,0,0,0,0,0,0,0,0,0,0,0,0,0,0,0,,,0,0,0,,0,0,0,0,0,,0,0,2,0,0,0,0,0,0,0,0,0
B,Unid_Myxococcaceae327,0,0,0,0,0,0,0,0,0,0,0,0,0,0,0,0,0,0,0,0,0,0,0,0,0,0,0,83,0,0,0,0,0,0,0,0,0,0,0,0,0,0,0,0,0,0,0,0,0,0,0,,0,0,0,0,0,,0,0,0,0,0,0,0,0,0,0,0,0,0,0,0,0,0,0,0,0,,,0,0,0,,0,0,0,0,0,,0,0,0,0,0,0,0,0,0,0,0,0
B,Unid_Myxococcaceae328,0,0,50,0,0,21,0,49,39,0,25,26,35,0,21,31,21,24,23,0,34,44,0,0,0,12,0,13,0,25,16,0,0,0,0,0,20,25,47,0,32,0,0,0,0,0,0,0,0,0,0,,0,0,0,0,0,,0,0,0,0,0,0,0,0,0,0,0,0,0,0,0,0,0,0,0,14,,,0,0,0,,0,0,0,0,0,,33,12,39,0,49,0,0,0,0,0,25,30
B,Unid_Myxococcaceae329,0,0,0,0,0,0,0,0,0,0,0,0,0,0,0,0,0,0,0,0,0,0,0,0,9,0,0,0,0,0,0,0,0,0,0,0,0,0,0,0,0,0,0,0,0,0,0,0,0,0,0,,0,0,0,0,0,,0,0,0,0,0,0,0,0,0,0,0,0,0,0,0,0,0,0,0,0,,,0,0,0,,0,0,0,0,0,,0,0,0,0,0,0,0,0,0,0,0,0
B,Unid_Myxococcaceae330,0,0,0,34,0,46,0,0,0,0,0,0,0,0,0,0,0,0,0,0,0,0,0,0,0,0,0,0,0,0,0,0,0,0,0,0,0,0,0,0,0,0,0,0,0,0,0,0,0,0,0,,0,0,0,0,0,,0,0,0,0,0,0,0,0,0,0,0,0,0,0,0,0,0,0,0,0,,,0,0,0,,0,0,0,0,0,,0,0,0,75,0,0,0,0,0,0,0,0
B,Unid_Myxococcaceae331,0,0,0,0,0,0,0,0,0,0,0,0,0,0,0,0,0,0,0,0,0,0,0,0,0,0,0,0,0,0,0,0,0,0,0,0,0,65,0,0,0,0,0,0,0,0,0,0,0,0,0,,0,0,0,0,0,,0,0,0,0,0,0,0,0,0,0,0,0,0,0,0,0,0,0,0,28,,,0,0,0,,0,0,0,0,0,,0,0,0,0,0,0,0,0,0,0,0,0
B,Vulgatibacter_sp,11,0,0,0,0,0,0,0,0,0,0,0,0,0,0,0,0,0,0,0,0,0,0,0,0,0,0,0,9,0,0,0,0,0,0,0,0,0,0,0,0,0,0,0,0,0,0,0,0,0,0,,0,0,0,0,0,,0,0,0,0,0,0,0,0,0,0,0,0,0,0,0,0,0,0,0,0,,,0,0,0,,0,0,0,0,0,,0,0,0,0,0,0,0,0,0,0,0,0
B,Vulgatibacter_sp332,0,0,0,0,0,0,0,0,0,0,0,0,0,11,0,0,0,0,0,0,0,0,0,20,0,0,0,0,0,0,0,0,0,0,0,0,0,0,0,0,0,0,0,0,0,0,0,0,0,0,0,,0,0,0,0,0,,0,0,0,0,0,0,0,0,0,0,0,0,0,0,0,0,0,0,0,0,,,0,0,0,,0,0,0,0,0,,0,0,0,1,0,0,0,0,0,0,0,0
B,Vulgatibacter_sp333,0,0,0,0,0,0,0,0,0,0,0,0,3,0,0,0,0,0,0,0,0,0,0,0,0,0,0,0,0,0,0,0,0,0,0,0,0,0,0,0,0,0,0,0,0,0,0,0,0,0,0,,0,0,0,0,0,,0,0,0,0,0,0,0,0,0,0,0,0,0,0,0,0,0,0,0,0,,,0,0,0,,0,0,0,0,0,,0,0,0,0,0,0,0,0,0,0,0,0
B,Vulgatibacter_sp334,0,0,0,0,0,0,0,0,0,0,0,41,0,0,0,0,0,0,0,0,0,0,0,0,0,0,0,0,0,0,0,0,0,0,0,0,0,0,0,0,0,0,0,0,0,0,0,0,0,0,0,,0,0,0,0,0,,0,0,0,0,0,0,0,0,0,0,0,0,0,0,0,0,0,0,0,0,,,0,0,0,,0,0,0,0,0,,0,0,0,0,0,0,0,0,0,0,0,0
B,Unid_Polyangia,0,0,0,0,0,0,0,0,0,0,0,0,0,0,0,0,0,0,0,0,0,0,1,0,0,0,0,0,0,0,0,0,0,0,43,0,0,0,0,0,0,0,0,0,0,0,0,0,0,0,0,,0,0,0,0,0,,0,0,0,0,0,0,0,0,0,0,0,0,0,0,0,0,0,0,0,0,,,0,0,0,,0,0,0,0,0,,0,0,0,0,0,0,0,0,0,0,0,0
B,Unid_Polyangia335,0,0,0,0,0,0,0,0,7,0,0,0,0,0,0,0,0,0,0,0,0,0,0,0,0,0,0,0,0,0,0,0,0,0,0,0,0,0,0,0,0,0,0,0,0,0,0,0,0,0,0,,0,0,0,0,0,,0,0,0,0,0,0,0,0,0,0,0,0,0,0,0,0,0,0,0,0,,,0,0,0,,0,0,0,0,0,,0,0,0,0,0,0,0,0,0,0,0,0
B,Unid_Polyangia336,0,0,0,0,0,0,0,0,0,0,0,0,0,0,0,0,0,0,0,0,0,0,0,18,0,0,0,0,0,0,0,0,0,0,0,0,0,0,0,0,0,0,0,0,0,0,0,0,0,0,0,,0,0,0,0,0,,0,0,0,0,0,0,0,0,0,0,0,0,0,0,0,0,0,0,0,0,,,0,0,0,,0,0,0,0,0,,0,0,0,0,0,0,0,0,0,0,0,0
B,Haliangium_sp,0,0,0,0,172,0,0,0,1,0,145,10,219,0,0,208,132,69,0,203,171,109,0,161,83,1,121,187,0,116,97,179,0,0,14,0,107,0,93,38,54,74,0,0,0,0,0,0,0,0,0,,0,0,0,0,0,,0,0,0,0,0,0,0,0,0,0,0,0,0,0,0,0,0,0,0,42,,,0,0,0,,29,0,0,0,0,,152,92,105,120,3,0,0,185,0,0,211,138
B,Kofleria_flava,0,0,0,0,0,0,0,0,0,0,0,0,0,0,0,0,0,0,0,0,0,0,2,0,0,0,0,0,0,0,0,0,0,0,0,0,0,0,0,0,0,0,0,0,0,0,0,0,0,0,0,,0,0,0,0,0,,0,0,0,0,0,0,0,0,0,0,0,0,0,0,0,0,0,0,0,0,,,0,0,0,,0,0,0,0,0,,0,0,0,0,0,0,0,0,0,0,0,0
B,Haliangium_sp337,0,1,42,56,4,0,114,180,35,1,0,60,0,179,0,0,89,33,0,0,56,90,23,0,0,31,0,0,159,57,18,0,0,0,0,0,52,184,115,91,92,0,0,0,0,0,0,0,0,0,0,,0,32,0,0,0,,0,0,0,0,0,0,0,0,0,0,0,0,0,0,0,0,0,0,0,0,,,0,0,0,,0,0,0,0,0,,0,11,0,84,90,115,80,27,0,0,0,0
B,Haliangium_sp338,0,0,0,0,0,0,0,0,0,0,0,0,36,0,0,0,0,0,0,0,0,0,0,0,0,0,0,0,0,0,0,0,0,0,0,0,0,0,0,55,0,0,0,0,0,0,0,0,0,0,0,,0,0,0,0,0,,0,0,0,0,0,0,0,0,0,0,0,0,0,0,0,0,0,0,0,0,,,0,0,0,,0,0,0,0,0,,0,67,0,0,0,0,0,0,0,0,0,0
B,Haliangium_sp339,0,0,0,0,0,0,0,0,0,0,0,0,0,0,0,0,0,0,0,0,0,25,0,0,0,0,0,0,0,0,0,0,0,85,0,0,0,0,0,0,0,0,0,0,0,0,0,0,0,0,0,,0,0,0,0,0,,0,0,0,0,0,0,0,0,0,0,0,0,0,0,0,0,0,0,0,0,,,0,0,0,,0,0,0,0,0,,0,0,0,0,0,0,0,0,0,0,0,0
B,Unid_Polyangia340,0,0,0,0,0,0,0,0,0,0,0,0,0,0,0,0,0,0,0,0,0,0,0,0,0,0,0,0,0,0,0,0,0,0,0,0,0,0,0,1,0,0,0,0,0,0,0,0,0,0,0,,0,0,0,0,0,,0,0,0,0,0,0,0,0,0,0,0,0,0,0,0,0,0,0,0,0,,,0,0,0,,0,0,0,0,0,,0,0,0,0,0,0,0,0,3,0,0,0
B,Unid_Nannocystaceae,46,32,0,0,12,0,0,0,0,0,0,0,1,0,0,0,0,0,0,0,30,0,0,0,0,22,0,0,26,0,0,0,23,0,11,0,0,61,0,0,0,0,0,0,0,0,0,0,0,0,0,,0,0,0,0,0,,0,0,0,0,0,0,0,0,0,0,0,0,0,0,0,0,0,0,0,0,,,0,0,0,,0,0,0,0,0,,0,0,43,0,0,21,58,0,0,0,0,17
B,Nannocystaceae_sp,0,0,0,0,0,0,0,0,0,0,0,0,0,0,0,0,0,0,0,0,0,0,0,0,0,0,0,0,0,0,0,0,0,0,0,0,0,0,38,0,0,0,0,0,0,0,0,0,0,0,0,,0,0,0,0,0,,0,0,0,0,0,0,0,0,0,0,0,0,0,0,0,0,0,0,0,0,,,0,0,0,,0,0,0,0,0,,0,0,0,0,0,0,0,0,0,0,0,0
B,Nannocystaceae_sp341,0,0,0,0,0,0,0,0,0,0,0,0,0,0,0,0,0,0,0,0,0,0,0,0,33,0,0,0,0,0,0,0,0,0,0,0,0,0,0,0,0,0,0,0,0,0,0,0,0,0,0,,0,0,0,0,0,,0,0,0,0,0,0,0,0,0,0,0,0,0,0,0,0,0,0,0,0,,,0,0,0,,0,0,0,0,0,,0,0,0,0,0,0,0,0,0,0,0,0
B,Nannocystis_sp,13,0,20,9,0,0,17,0,20,0,0,0,0,0,0,18,0,0,0,0,0,0,0,0,0,0,0,12,0,0,0,12,0,0,0,0,0,0,0,0,17,0,0,0,0,0,0,0,0,0,0,,0,0,0,0,0,,0,0,0,0,0,0,0,0,0,0,0,0,0,0,0,0,0,0,0,0,,,0,0,0,,0,0,0,0,0,,0,0,0,0,25,0,0,0,11,0,0,0
B,Nannocystis_sp342,0,0,0,0,0,0,0,33,0,0,0,0,0,0,0,0,0,0,0,0,0,0,75,0,0,0,0,0,0,0,0,0,0,0,0,0,0,0,0,0,0,0,0,0,0,0,0,0,0,0,0,,0,0,0,0,0,,0,0,0,0,0,0,0,0,0,0,0,0,0,0,0,0,0,0,0,0,,,0,0,0,,0,0,0,0,0,,0,0,0,0,0,0,0,0,0,0,0,0
B,Nannocystis_sp343,0,0,0,0,0,0,0,0,51,0,0,0,0,0,0,0,0,0,0,58,84,0,0,0,0,27,0,0,0,0,59,0,0,0,0,0,0,0,0,0,0,0,0,0,0,0,0,0,0,0,0,,0,0,0,0,0,,0,0,0,0,0,0,0,0,0,0,0,0,0,0,0,0,0,0,0,0,,,0,0,0,,0,0,0,0,0,,0,0,0,49,0,0,0,0,0,0,0,0
B,Nannocystis_sp344,0,42,39,80,22,79,0,46,0,54,0,61,77,70,19,58,46,0,0,0,0,118,58,84,0,0,37,48,0,67,0,50,30,36,0,56,0,0,84,77,106,0,0,0,0,0,0,0,0,0,0,,0,0,0,0,0,,0,0,0,0,0,0,0,0,0,0,0,0,0,0,0,0,0,0,0,0,,,0,0,0,,0,0,0,0,0,,0,65,0,0,55,91,0,46,0,52,110,80
B,Unid_Nannocystaceae345,0,0,0,0,0,0,0,0,0,0,0,0,0,0,0,0,0,0,0,0,0,0,0,0,0,0,0,0,0,0,0,0,0,0,0,0,0,0,0,0,0,0,0,0,0,0,0,0,0,0,0,,0,0,0,0,0,,0,0,0,0,0,0,0,0,0,0,0,0,0,0,0,0,0,0,0,0,,,0,0,0,,0,0,0,0,0,,44,0,0,0,0,0,0,0,0,0,0,0
B,Unid_Nannocystaceae346,0,0,0,0,0,0,0,0,0,0,73,0,0,0,4,0,2,0,0,0,0,0,0,0,0,0,0,0,0,0,0,0,0,0,0,0,0,0,0,0,0,0,0,0,0,0,0,0,0,0,0,,0,0,0,0,0,,0,0,0,0,0,0,0,0,0,0,0,0,0,0,0,0,0,0,0,0,,,0,0,0,,0,0,0,0,0,,0,0,0,0,0,0,0,0,0,0,0,0
B,Unid_Polyangiales,0,0,42,166,101,0,0,11,96,30,23,91,152,67,44,82,27,87,0,72,125,73,92,0,0,114,31,35,0,5,92,130,0,0,34,0,88,0,106,195,76,0,0,0,0,0,0,0,0,0,0,,0,0,0,0,0,,0,0,0,0,0,0,0,0,0,0,0,0,0,0,0,0,0,0,0,0,,,0,0,0,,0,0,0,0,0,,71,100,0,0,223,42,134,93,175,79,39,109
B,Unid_Polyangiales347,0,0,0,0,0,0,0,0,0,0,0,0,0,0,0,0,0,0,0,0,68,0,0,0,0,0,0,0,0,0,0,0,0,0,0,0,0,0,0,0,0,0,0,0,0,0,0,0,0,0,0,,0,0,0,0,0,,0,0,0,0,0,0,0,0,0,0,0,0,0,0,0,0,0,0,0,0,,,0,0,0,,0,0,0,0,0,,0,0,0,0,0,0,0,0,0,0,0,0
B,Unid_Polyangiales348,103,0,93,0,92,122,0,0,0,162,52,0,38,0,34,72,138,0,106,98,0,75,56,222,126,0,0,104,147,142,0,75,0,154,110,89,89,142,85,0,0,156,0,0,0,0,0,0,0,0,0,,0,0,0,0,0,,0,0,0,0,0,0,0,0,0,0,0,0,0,0,0,0,0,0,0,0,,,0,0,0,,0,0,0,0,0,,47,83,0,151,0,105,0,0,0,94,0,123
B,Unid_Polyangiales349,0,0,31,0,19,0,0,0,0,0,0,0,0,0,0,0,0,0,0,0,0,0,0,0,0,36,39,0,0,0,0,40,0,0,0,0,0,0,0,0,0,0,0,0,0,0,0,0,0,0,0,,0,0,0,0,0,,0,0,0,0,0,0,0,0,0,0,0,0,0,0,0,0,0,0,0,109,,,0,0,0,,0,0,0,0,0,,0,0,0,0,0,0,77,0,0,55,0,0
B,Unid_Polyangiales350,0,0,0,0,0,0,0,0,0,0,0,0,0,0,0,0,0,0,45,0,0,0,0,0,0,0,0,0,0,0,0,0,0,0,0,0,0,0,0,0,0,87,0,0,0,0,0,0,0,0,0,,0,0,0,0,0,,0,0,0,0,0,0,0,0,0,0,0,0,0,0,0,0,0,0,0,0,,,0,0,0,,0,0,0,0,0,,0,0,52,0,0,0,0,0,0,0,0,0
B,Unid_Polyangiales351,0,0,0,0,0,0,0,0,62,0,74,0,0,49,0,0,0,0,0,0,18,135,59,0,0,0,0,0,0,77,31,0,157,0,0,0,0,0,56,0,90,0,0,0,0,0,0,0,0,0,0,,0,0,0,0,0,,0,0,0,0,0,0,0,0,0,0,0,0,0,0,0,0,0,0,0,0,,,0,0,0,,0,0,0,0,0,,59,43,178,0,0,66,0,0,0,37,78,0
B,Unid_Polyangiales352,0,0,0,0,0,0,0,0,0,35,59,60,0,0,0,0,0,0,0,0,0,0,0,0,0,0,0,0,0,0,0,0,0,0,0,0,0,0,0,33,0,29,0,0,0,0,0,0,0,0,0,,0,0,0,0,0,,0,0,0,0,0,0,0,0,0,0,0,0,0,0,0,0,0,0,0,0,,,0,0,0,,0,0,0,0,0,,0,0,0,0,0,0,0,0,0,0,43,0
B,Unid_Polyangiales353,0,0,0,0,0,0,0,0,0,0,0,0,0,0,0,0,0,0,0,0,0,0,0,0,0,0,0,0,0,41,0,0,0,0,0,0,0,0,0,0,0,0,0,0,0,0,0,0,0,0,0,,0,0,0,0,0,,0,0,0,0,0,0,0,0,0,0,0,0,0,0,0,0,0,0,0,0,,,0,0,0,,0,0,0,0,0,,0,0,0,0,0,0,0,0,0,0,0,0
B,Phaselicystis_flava,0,0,0,0,0,0,0,0,0,0,0,0,0,1,0,0,0,0,0,0,0,0,0,0,0,0,0,0,0,0,0,0,0,0,0,0,0,0,0,0,0,0,0,0,0,0,0,0,0,0,0,,0,0,0,0,0,,0,0,0,0,0,0,0,0,0,0,0,0,0,0,0,0,0,0,0,0,,,0,0,0,,0,0,0,0,0,,0,0,0,0,0,0,0,0,0,0,0,0
B,Phaselicystis_sp,0,0,0,0,0,0,0,0,0,0,0,0,0,0,0,0,0,0,0,0,0,0,0,0,0,0,0,0,0,0,0,0,0,0,0,0,0,0,0,0,0,0,0,0,0,0,0,0,0,0,0,,0,0,0,0,0,,0,0,0,0,0,0,0,0,0,0,0,0,0,0,0,0,0,0,0,0,,,0,0,0,,0,0,0,0,0,,0,0,0,0,0,0,0,0,0,0,2,0
B,Phaselicystis_sp354,0,56,0,32,0,15,36,49,0,36,20,24,36,33,22,0,0,0,0,21,42,35,0,0,0,53,48,30,0,7,0,0,23,19,0,43,0,36,42,53,61,0,0,0,0,0,0,0,0,0,0,,0,0,0,0,0,,0,0,0,0,0,0,0,0,0,0,0,0,0,0,0,0,0,0,0,0,,,0,0,0,,0,0,0,0,0,,45,58,19,61,27,40,0,50,71,26,39,0
B,Unid_Polyangiaceae,0,0,0,1,0,0,0,0,0,0,0,0,0,49,0,0,0,0,0,0,0,0,0,0,0,0,0,5,0,0,0,0,0,0,0,0,0,0,0,0,0,0,0,0,0,0,0,0,0,0,0,,0,0,0,0,0,,0,0,0,0,0,0,0,0,0,0,0,0,0,0,0,0,0,0,0,0,,,0,0,0,,0,0,0,0,0,,0,0,0,0,0,0,0,0,0,0,0,0
B,Pajaroellobacter_sp,0,0,0,0,0,0,0,0,0,0,0,0,0,0,0,0,0,0,0,0,0,0,0,0,0,0,0,0,0,0,71,22,0,0,0,0,0,0,28,0,0,0,0,0,0,0,0,0,0,0,0,,0,0,0,0,0,,0,0,0,0,0,0,0,0,0,0,0,0,0,0,0,0,0,0,0,0,,,0,0,0,,31,0,0,0,0,,0,0,0,0,0,0,36,0,0,0,34,74
B,Pajaroellobacter_sp355,0,0,0,0,0,0,0,0,0,0,0,0,0,0,0,0,0,0,0,0,0,0,0,0,0,0,0,0,0,0,0,0,0,0,0,0,0,0,0,0,0,0,0,0,0,0,0,0,0,0,0,,0,0,0,0,0,,0,0,0,0,0,0,0,0,0,0,0,0,0,0,0,0,0,0,0,0,,,0,0,0,,0,0,0,0,0,,0,0,0,0,0,0,0,0,0,64,0,0
B,Pajaroellobacter_sp356,0,0,0,0,0,0,0,0,0,0,0,0,0,0,0,0,30,0,0,0,0,0,0,0,0,0,0,0,0,0,0,0,0,0,0,0,0,0,0,0,0,0,0,0,0,0,0,0,0,0,0,,0,0,0,0,0,,0,0,0,0,0,0,0,0,0,0,0,0,0,0,0,0,0,0,0,0,,,0,0,0,,0,0,0,0,0,,0,0,0,0,0,0,0,0,0,0,0,0
B,Pajaroellobacter_sp357,0,0,0,0,0,0,0,0,0,0,0,0,0,0,0,0,35,0,0,0,0,0,0,0,0,0,0,0,0,0,0,0,0,0,0,0,0,0,46,0,0,0,0,0,0,0,0,0,0,0,0,,0,0,0,0,0,,0,0,0,0,0,0,0,0,0,0,0,0,0,0,0,0,0,0,0,0,,,0,0,0,,0,0,0,0,0,,0,0,0,0,0,0,0,0,0,0,0,0
B,Pajaroellobacter_sp358,0,0,0,0,0,0,0,0,0,0,0,0,0,0,0,0,0,0,0,0,0,0,0,0,37,0,0,0,0,0,0,42,0,0,0,0,16,0,0,0,0,0,0,0,0,0,0,0,0,0,0,,0,0,0,0,0,,0,0,0,0,0,0,0,0,0,0,0,0,0,0,0,0,0,0,0,0,,,0,0,0,,0,0,0,0,0,,0,0,0,0,0,0,0,0,0,0,0,0
B,Polyangium_sp,0,0,0,0,0,0,0,0,0,0,0,0,0,0,0,0,0,0,0,0,0,0,0,37,0,0,0,0,0,0,0,0,0,0,0,0,0,0,0,0,0,0,0,0,0,0,0,0,0,0,0,,0,0,0,0,0,,0,0,0,0,0,0,0,0,0,0,0,0,0,0,0,0,0,0,0,0,,,0,0,0,,0,0,0,0,0,,0,0,0,0,0,0,0,0,0,0,0,0
B,Unid_Polyangiaceae359,0,0,0,0,0,0,0,0,0,0,0,0,0,0,0,0,0,0,0,33,0,0,0,0,0,0,0,0,52,0,0,0,0,0,35,0,0,0,0,0,0,0,0,0,0,0,0,0,0,0,0,,0,0,0,0,0,,0,0,0,0,0,0,0,0,0,0,0,0,0,0,0,0,0,0,0,0,,,0,0,0,,0,0,0,0,0,,58,26,0,0,0,0,0,0,0,0,0,0
B,Unid_Sandaracinaceae,0,0,0,0,0,0,0,0,0,0,0,0,0,0,0,0,0,0,0,0,0,0,0,0,0,0,0,0,0,0,0,0,0,0,0,0,0,0,0,0,0,0,0,0,0,0,0,0,0,0,0,,0,0,0,0,0,,0,0,0,0,0,0,0,0,0,0,0,0,0,0,0,0,0,0,0,0,,,0,0,0,,0,0,0,0,0,,0,0,0,0,0,0,0,39,0,0,0,0
B,Sandaracinus_sp,0,0,0,0,0,0,0,0,32,0,0,0,0,0,0,0,0,0,29,0,0,0,29,0,0,0,0,0,0,0,0,0,0,0,0,0,0,0,0,0,0,0,0,0,0,0,0,0,0,0,0,,0,0,0,0,0,,0,0,0,0,0,0,0,0,0,0,0,0,0,0,0,0,0,0,0,0,,,0,0,0,,0,0,0,0,0,,0,26,0,0,0,0,0,0,0,0,0,0
B,Sandaracinus_sp360,0,0,0,0,0,0,0,0,0,0,0,0,0,0,0,0,0,0,0,0,0,0,0,0,0,0,0,0,0,0,0,0,0,0,0,0,0,0,0,0,0,0,0,0,0,0,0,0,0,0,0,,0,0,0,0,0,,0,0,0,0,0,0,0,0,0,0,0,0,0,0,0,0,0,0,0,0,,,0,0,0,,0,0,0,0,0,,0,0,0,0,0,0,0,0,7,0,0,0
B,Sandaracinus_sp361,0,0,0,0,0,0,0,0,0,0,0,0,0,0,0,0,0,0,0,0,0,0,0,0,0,0,0,0,0,0,0,0,0,0,0,0,0,0,0,0,0,0,0,0,0,0,0,0,0,0,0,,0,0,0,0,0,,0,0,0,0,0,0,0,0,0,0,0,0,0,0,0,0,0,0,0,0,,,0,0,0,,0,0,0,0,0,,0,0,0,0,0,0,0,0,0,1,0,0
B,Unid_Sandaracinaceae362,16,0,0,42,0,0,0,0,32,0,0,0,71,0,0,0,0,0,0,0,0,0,0,0,0,0,0,0,0,74,0,0,50,0,0,11,16,0,0,0,0,1,0,0,0,0,0,0,0,0,0,,0,0,0,0,0,,0,0,0,0,0,0,0,0,0,0,0,0,0,0,0,0,0,0,0,87,,,0,0,0,,0,0,0,0,0,,0,96,0,0,25,0,5,0,39,0,0,0
B,Unid_Sandaracinaceae363,0,0,0,0,0,29,24,0,0,0,0,0,0,45,6,0,0,0,0,0,0,64,0,0,60,54,0,39,0,0,35,70,0,0,0,0,23,0,0,0,57,70,0,0,0,0,0,0,0,0,0,,0,0,0,0,0,,0,0,0,0,0,0,0,0,0,0,0,0,0,0,0,0,0,0,0,0,,,0,0,0,,0,0,0,0,0,,53,0,0,0,0,0,0,56,0,0,0,0
B,Unid_Sandaracinaceae364,0,49,0,2,0,0,0,0,0,0,0,0,0,18,0,1,0,0,0,0,0,0,0,0,0,0,30,26,0,9,11,0,0,26,0,0,0,0,6,31,12,0,0,0,0,0,0,0,0,0,0,,0,0,0,0,0,,0,0,0,0,0,0,0,0,0,0,0,0,0,0,0,0,0,0,0,0,,,0,0,0,,0,0,0,0,0,,10,0,0,0,43,11,8,0,31,0,0,0
B,Unid_Sandaracinaceae365,0,0,0,0,16,0,0,0,0,0,0,0,0,0,0,0,0,0,8,0,0,0,0,0,0,0,0,0,0,0,0,0,0,0,0,0,0,0,0,0,0,0,0,0,0,0,0,0,0,0,0,,0,0,0,0,0,,0,0,0,0,0,0,0,0,0,0,0,0,0,0,0,0,0,0,0,0,,,0,0,0,,0,0,0,0,0,,0,0,0,0,0,0,0,0,0,0,0,0
B,Unid_Polyangiales366,0,0,0,0,0,0,0,0,0,0,0,0,0,0,0,48,0,0,0,0,0,0,0,0,0,0,0,0,0,0,0,0,0,0,0,0,0,0,0,0,0,0,0,0,0,0,0,0,0,0,0,,0,0,0,0,0,,0,0,0,0,0,0,0,0,0,0,0,0,0,0,0,0,0,0,0,0,,,0,0,0,,0,0,0,0,0,,0,0,0,0,0,0,0,0,0,0,0,0
B,Unid_Polyangia367,0,1,0,0,0,0,0,0,0,0,0,0,0,0,0,0,0,0,0,0,0,0,0,0,0,0,0,0,0,0,0,0,0,0,0,0,0,0,0,0,0,0,0,0,0,0,0,0,0,0,0,,0,0,0,0,0,,0,0,0,0,0,0,0,0,0,0,0,0,0,0,0,0,0,0,0,0,,,0,0,0,,0,0,0,0,0,,0,0,0,0,0,0,0,0,0,0,0,0
B,Unid_368,0,0,0,0,0,0,11,0,0,0,0,0,81,0,0,0,81,0,0,34,0,0,0,0,1,0,0,0,0,0,0,0,44,0,0,0,0,0,0,0,0,23,0,0,0,0,0,0,0,0,0,,0,0,0,0,0,,0,0,0,0,0,0,0,0,0,0,0,0,0,0,0,0,0,0,0,0,,,0,0,0,,0,0,0,0,0,,0,0,0,31,0,0,21,0,0,0,0,0
B,Unid_369,0,0,0,0,0,0,0,0,0,0,0,0,0,0,0,0,0,0,0,0,0,0,0,0,0,0,0,0,0,0,0,0,0,0,0,0,0,0,1,0,0,0,0,0,0,0,0,0,0,0,0,,0,0,0,0,0,,0,0,0,0,0,0,0,0,0,0,0,0,0,0,0,0,0,0,0,0,,,0,0,0,,0,0,0,0,0,,0,0,0,0,0,0,0,0,0,0,0,0
B,Unid_370,0,0,0,61,0,0,0,0,0,2,8,4,0,0,0,0,0,2,0,0,0,0,0,0,0,0,0,0,0,2,18,10,0,0,0,0,10,0,0,0,0,0,0,0,0,0,0,0,0,0,0,,0,0,0,0,0,,0,0,0,0,0,0,0,0,0,0,0,0,0,0,0,0,0,0,0,0,,,0,0,0,,0,0,0,0,0,,10,0,0,0,0,0,0,0,0,0,0,11
B,Unid_371,0,0,1,0,0,49,0,0,0,0,40,0,112,0,0,47,55,0,0,0,85,0,58,0,0,0,48,27,0,0,0,44,0,0,58,0,50,0,0,50,14,37,0,0,0,0,0,0,0,0,0,,0,0,0,0,0,,0,0,0,0,0,0,0,0,0,0,0,0,0,0,0,0,0,0,0,0,,,0,0,0,,0,0,0,0,0,,52,57,60,0,40,58,0,0,0,77,43,0
B,Nitrospira_sp,0,181,60,0,0,0,0,90,0,76,216,142,61,41,183,141,68,0,0,109,20,129,45,73,0,76,181,87,0,0,96,131,95,108,257,168,0,92,123,57,138,54,0,0,0,0,0,0,0,0,0,,0,0,0,0,0,,0,0,0,0,0,0,0,0,0,0,0,0,0,0,0,0,0,0,0,0,,,0,0,0,,0,0,0,0,0,,0,99,173,130,0,0,99,44,0,209,0,72
B,Nitrospira_sp372,0,0,0,0,0,0,0,0,0,0,0,0,0,0,0,0,0,0,0,0,0,0,0,0,0,0,0,0,0,0,0,0,0,0,0,0,0,0,0,0,0,0,0,0,0,0,0,0,0,0,0,,0,0,0,0,0,,0,0,0,0,0,0,0,0,0,0,0,0,0,0,0,0,0,0,0,18,,,0,0,0,,0,0,0,0,0,,0,0,0,0,0,0,0,0,0,0,0,0
B,Nitrospira_sp373,123,0,0,61,0,0,133,0,0,55,0,0,38,32,0,0,0,98,108,76,0,0,32,0,0,0,0,0,50,0,39,0,0,0,0,0,46,0,0,0,0,23,0,0,0,0,0,0,0,0,0,,0,0,0,0,0,,0,0,0,0,0,0,0,0,0,0,0,0,0,0,0,0,0,0,0,0,,,0,0,0,,0,0,0,0,0,,127,0,0,0,0,0,44,0,69,0,121,0
B,Nitrospira_sp374,0,0,0,0,0,0,0,0,0,0,0,0,0,0,0,0,0,0,0,0,0,0,0,0,0,0,0,0,0,0,0,0,0,0,0,0,0,0,0,0,0,0,0,0,0,0,0,0,0,0,0,,0,0,0,0,0,,0,0,0,0,0,0,0,0,0,0,0,0,0,0,0,0,0,0,0,0,,,0,0,0,,0,0,0,0,0,,0,0,0,0,0,0,0,1,0,0,0,0
B,Candidatus_Falkowbacteria_sp,0,0,0,0,0,0,0,0,0,0,0,0,0,0,0,0,0,0,0,0,0,0,0,0,0,0,0,0,0,0,0,0,0,0,0,0,0,0,0,0,0,0,0,0,0,0,0,0,0,0,0,,0,0,0,0,0,,0,0,0,0,0,0,0,0,0,0,0,0,0,0,0,0,0,0,0,0,,,0,0,0,,37,0,0,0,0,,0,0,0,0,0,0,0,0,0,0,0,0
B,Candidatus_Kerfeldbacteria_sp,0,0,0,0,0,0,0,0,0,0,0,11,0,4,0,0,0,0,0,0,0,0,0,0,0,0,0,0,0,0,0,0,0,0,0,0,0,0,0,0,0,0,0,0,0,0,0,0,0,0,0,,0,0,0,0,0,,0,0,0,0,0,0,0,0,0,0,0,0,0,0,0,0,0,0,0,0,,,0,0,0,,0,0,0,0,0,,0,12,0,0,0,0,0,0,0,0,0,0
B,Candidatus_Uhrbacteria,0,0,15,0,0,0,12,11,13,0,0,0,0,0,0,0,0,0,0,0,17,0,0,0,0,9,0,0,0,0,0,0,31,0,0,0,0,0,0,0,14,35,0,0,0,0,0,0,0,0,0,,0,0,0,0,0,,0,0,0,0,0,0,0,0,0,0,0,0,0,0,0,0,0,0,0,0,,,0,0,0,,0,0,0,0,0,,0,13,0,0,27,0,0,10,0,28,0,7
B,Candidatus_Magasanikbacteria_sp,0,0,6,13,18,0,0,0,0,29,37,42,0,0,13,0,0,0,0,0,0,0,0,0,0,0,0,9,21,10,0,18,0,0,8,0,0,0,0,0,18,0,0,0,0,0,0,0,0,0,0,,0,0,0,0,0,,0,0,0,0,0,0,0,0,0,0,0,0,0,0,0,0,0,0,0,0,,,0,0,0,,0,0,0,0,0,,23,0,0,0,0,67,0,0,0,0,0,43
B,Candidatus_Magasanikbacteria_sp375,0,0,0,0,0,0,0,0,0,0,0,0,0,0,0,0,0,0,0,7,0,0,0,0,0,0,0,0,0,0,0,0,0,0,0,0,0,0,0,0,0,0,0,0,0,0,0,0,0,0,0,,0,0,0,0,0,,0,0,0,0,0,0,0,0,0,0,0,0,0,0,0,0,0,0,0,0,,,0,0,0,,0,0,0,0,0,,0,0,0,0,0,0,0,0,0,0,0,0
B,Candidatus_Uhrbacteria_sp,0,0,0,0,0,0,8,0,0,0,0,0,0,0,0,0,0,0,0,0,0,0,0,0,0,0,0,0,0,0,0,0,0,0,0,0,14,22,0,0,0,0,0,0,0,0,0,0,0,0,0,,0,0,0,0,0,,0,0,0,0,0,0,0,0,0,0,0,0,0,0,0,0,0,0,0,0,,,0,0,0,,0,0,0,0,0,,0,0,0,0,0,0,0,0,0,0,0,0
B,Candidatus_Uhrbacteria_sp376,0,0,23,0,0,0,0,12,28,0,0,14,0,0,0,0,21,0,0,19,36,27,0,0,0,0,0,0,0,0,0,0,24,0,0,0,0,30,19,0,0,14,0,0,0,0,0,0,0,0,0,,0,0,0,0,0,,0,0,0,0,0,0,0,0,0,0,0,0,0,0,0,0,0,0,0,0,,,0,0,0,,0,0,0,0,0,,0,14,29,0,0,0,0,0,17,0,0,23
B,Berkelbacteria_sp,0,0,0,0,0,0,0,0,0,6,0,0,0,14,0,0,0,0,0,0,0,0,0,0,0,0,0,0,0,0,0,0,0,0,0,0,0,0,0,0,0,0,0,0,0,0,0,0,0,0,0,,0,0,0,0,0,,0,0,0,0,0,0,0,0,0,0,0,0,0,0,0,0,0,0,0,0,,,0,0,0,,0,0,0,0,0,,0,0,8,0,0,0,0,0,3,0,0,0
B,Dojkabacteria_sp,0,9,0,0,0,12,14,0,16,0,0,0,12,13,0,0,14,0,14,0,17,15,0,16,0,27,0,0,0,12,11,28,30,0,0,13,12,0,0,28,12,14,0,0,0,0,0,0,0,0,0,,0,0,0,0,0,,0,0,0,0,0,0,0,0,0,0,0,0,0,0,0,0,0,0,0,0,,,0,0,0,,0,0,0,0,0,,0,0,29,7,15,22,26,0,0,0,6,21
B,Candidatus_Abawacabacteria_sp,0,0,0,0,0,0,0,0,0,0,0,0,0,0,0,0,0,0,0,0,14,0,0,0,0,0,0,0,0,0,0,0,0,0,0,0,0,0,0,0,0,0,0,0,0,0,0,0,0,0,0,,0,0,0,0,0,,0,0,0,0,0,0,0,0,0,0,0,0,0,0,0,0,0,0,0,0,,,0,0,0,,0,0,0,0,0,,0,0,0,0,0,0,0,0,0,0,0,0
B,Candidatus_Peregrinibacteria_sp,0,0,0,0,0,0,0,0,0,0,0,0,0,0,0,0,0,0,0,0,0,0,0,0,0,0,0,0,0,0,0,0,0,0,0,0,0,12,0,0,0,0,0,0,0,0,0,0,0,0,0,,0,0,0,0,0,,0,0,0,0,0,0,0,0,0,0,0,0,0,0,0,0,0,0,0,0,,,0,0,0,,0,0,0,0,0,,0,0,0,0,0,0,0,0,0,0,0,0
B,Candidatus_Peregrinibacteria_sp377,0,0,0,0,0,0,0,0,0,0,0,0,17,0,0,0,0,0,0,0,0,0,0,0,0,0,0,0,0,0,0,0,0,0,10,0,0,12,0,0,0,0,0,0,0,0,0,0,0,0,0,,0,0,0,0,0,,0,0,0,0,0,0,0,0,0,0,0,0,0,0,0,0,0,0,0,0,,,0,0,0,,0,0,0,0,0,,0,0,0,0,0,0,0,0,0,0,17,0
B,Candidatus_Peregrinibacteria_sp378,0,0,0,0,0,0,0,0,0,0,0,0,0,0,0,0,0,0,0,0,0,0,0,0,0,0,0,0,0,0,0,0,0,0,0,0,0,0,0,0,0,0,0,0,0,0,0,0,0,0,0,,0,0,0,0,0,,0,0,0,0,0,0,0,0,0,0,0,0,0,0,0,0,0,0,0,0,,,0,0,0,,0,0,0,0,0,,0,7,0,0,0,0,0,0,0,0,0,0
B,Candidatus_Peribacteria_sp,0,0,0,0,0,0,0,0,0,0,0,0,0,0,0,0,0,0,0,0,0,0,0,0,0,0,0,0,0,0,0,0,0,0,0,0,0,0,0,0,0,0,0,0,0,0,0,0,0,0,0,,0,0,0,0,0,,0,0,0,0,0,0,0,0,0,0,0,0,0,0,0,0,0,0,0,0,,,0,0,0,,0,0,0,0,0,,0,10,0,0,0,0,0,0,0,0,0,0
B,Kazania_sp,0,0,15,0,17,0,0,0,14,0,0,0,0,0,0,0,0,0,11,0,17,0,0,0,0,0,0,0,0,15,0,0,0,0,7,0,0,15,0,0,0,0,0,0,0,0,0,0,0,0,0,,0,0,0,0,0,,0,0,0,0,0,0,0,0,0,0,0,0,0,0,0,0,0,0,0,0,,,0,0,0,,0,0,0,0,0,,0,0,0,16,0,0,0,0,0,0,0,0
B,Candidatus_Pacebacteria_sp,0,0,0,0,0,0,0,0,0,0,0,0,0,0,0,0,0,0,0,0,0,0,0,0,0,0,0,0,0,0,0,0,0,0,0,0,0,0,0,0,0,0,0,0,0,0,0,0,0,0,0,,0,0,0,0,0,,0,0,0,0,0,0,0,0,0,0,0,0,0,0,0,0,0,0,0,0,,,0,0,0,,0,0,0,0,0,,0,0,0,0,0,0,0,0,0,9,0,0
B,Candidatus_Pacebacteria_sp379,0,0,0,0,0,5,4,0,0,0,0,0,0,0,0,0,0,0,0,0,0,0,0,0,0,0,0,0,0,0,0,0,5,0,0,0,0,0,0,0,0,0,0,0,0,0,0,0,0,0,0,,0,0,0,0,0,,0,0,0,0,0,0,0,0,0,0,0,0,0,0,0,0,0,0,0,0,,,0,0,0,,43,0,0,0,0,,0,0,0,0,0,0,0,0,0,0,0,0
B,Candidatus_Shapirobacteria_sp,0,0,0,0,0,0,0,0,0,0,0,0,0,0,0,0,0,0,0,0,0,0,0,0,0,0,0,0,0,0,0,0,0,0,0,0,0,0,0,0,0,0,0,0,0,0,0,0,0,0,0,,0,0,0,0,0,,0,0,0,0,0,0,0,0,0,0,0,0,0,0,0,0,0,0,0,0,,,0,0,0,,31,0,0,0,0,,0,0,0,0,0,0,0,0,0,0,0,0
B,Candidatus_Woesebacteria_sp,0,0,0,0,0,0,3,0,0,0,0,0,0,0,0,0,0,0,0,0,0,0,0,0,0,10,0,0,0,0,0,0,0,0,0,0,0,0,0,0,11,0,0,0,0,0,0,0,0,0,0,,0,0,0,0,0,,0,0,0,0,0,0,0,0,0,0,0,0,0,0,0,0,0,0,0,0,,,0,0,0,,0,0,0,0,0,,0,12,0,0,0,0,0,0,0,0,0,0
B,Candidatus_Woesebacteria_sp380,0,0,0,0,0,0,0,0,5,0,0,0,0,0,0,0,0,0,0,0,0,0,0,0,0,10,0,0,0,0,0,0,0,0,0,0,45,15,0,0,0,0,0,0,0,0,0,0,0,0,0,,0,0,0,0,0,,0,0,0,0,0,0,0,0,0,0,0,0,0,0,0,0,0,0,0,0,,,0,0,0,,0,0,0,0,0,,0,0,0,6,0,0,14,0,0,0,0,0
B,Candidatus_Adlerbacteria_sp,0,0,0,0,0,0,17,0,0,0,0,0,0,0,0,0,0,0,0,0,0,0,0,0,0,0,0,0,0,0,0,0,0,0,0,0,0,0,0,0,21,0,0,0,0,0,0,0,0,0,0,,0,0,0,0,0,,0,0,0,0,0,0,0,0,0,0,0,0,0,0,0,0,0,0,0,0,,,0,0,0,,0,0,0,0,0,,0,0,0,0,0,0,0,0,0,0,0,0
B,Candidatus_Adlerbacteria_sp381,3,0,11,0,10,0,19,0,0,0,7,10,0,11,0,0,0,0,15,0,0,0,0,0,0,0,0,5,0,0,0,0,0,0,0,0,16,2,0,0,0,12,0,0,0,0,0,0,0,0,0,,0,0,0,0,0,,0,0,0,0,0,0,0,0,0,0,0,0,0,0,0,0,0,0,0,0,,,0,0,0,,28,0,0,0,0,,0,0,0,0,0,0,0,23,0,0,0,0
B,Candidatus_Azambacteria_sp,0,0,0,0,0,0,0,0,46,0,0,0,0,0,0,17,0,0,0,0,0,0,0,0,0,0,0,0,6,0,0,0,0,0,0,0,22,3,0,0,0,0,0,0,0,0,0,0,0,0,0,,0,0,0,0,0,,0,0,0,0,0,0,0,0,0,0,0,0,0,0,0,0,0,0,0,0,,,0,0,0,,0,0,0,0,0,,0,0,5,14,0,0,0,0,0,0,0,0
B,Parcubacteria_bacterium,5,0,0,0,0,0,7,0,0,0,0,0,0,0,0,0,0,0,0,0,0,0,0,0,0,0,0,0,0,0,0,0,7,0,0,0,0,0,0,0,0,0,0,0,0,0,0,0,0,0,0,,0,0,0,0,0,,0,0,0,0,0,0,0,0,0,0,0,0,0,0,0,0,0,0,0,0,,,0,0,0,,0,0,0,0,0,,0,0,0,2,0,0,0,0,1,0,0,0
B,Candidatus_Azambacteria_sp382,0,0,0,0,0,0,0,0,0,0,0,0,0,12,0,0,25,45,0,0,4,0,0,0,0,0,0,0,0,0,0,0,0,0,0,0,0,57,0,0,0,0,0,0,0,0,0,0,0,0,0,,0,0,0,0,0,,0,0,0,0,0,0,0,0,0,0,0,0,0,0,0,0,0,0,0,0,,,0,0,0,,0,0,0,0,0,,0,0,0,0,0,0,0,20,0,0,0,0
B,Candidatus_Campbellbacteria_sp,0,0,0,0,0,0,0,0,0,0,0,0,0,0,0,0,0,0,0,0,0,0,0,0,0,0,0,0,0,0,0,0,0,0,0,0,0,0,0,0,0,0,0,0,0,0,0,0,0,0,0,,0,0,0,0,0,,0,0,0,0,0,0,0,0,0,0,0,0,0,0,0,0,0,0,0,0,,,0,0,0,,0,0,0,0,0,,0,0,0,0,0,0,0,0,0,14,0,0
B,Candidatus_Nomurabacteria,0,0,0,0,0,0,0,0,0,0,0,0,0,0,0,0,0,0,0,0,0,0,0,0,0,0,0,0,0,0,0,0,0,0,0,0,0,0,0,0,0,0,0,0,0,0,0,0,0,0,0,,0,0,0,0,0,,0,0,0,0,0,0,0,0,0,0,0,0,0,0,0,0,0,0,0,0,,,0,0,0,,0,0,0,0,0,,0,0,0,0,0,0,0,4,0,0,0,0
B,Candidatus_Colwellbacteria,0,0,0,0,0,0,0,0,0,0,0,0,0,0,0,0,0,0,0,0,0,0,0,0,0,0,0,0,0,0,0,0,0,0,0,0,0,64,0,0,0,0,0,0,0,0,0,0,0,0,0,,0,0,0,0,0,,0,0,0,0,0,0,0,0,0,0,0,0,0,0,0,0,0,0,0,0,,,0,0,0,,0,0,0,0,0,,0,0,0,0,0,0,0,0,0,0,0,0
B,Candidatus_Adlerbacteria,0,0,0,0,0,0,0,0,18,0,0,0,0,0,0,0,5,0,0,0,0,0,0,0,0,11,0,0,6,0,0,0,0,0,0,0,0,8,0,0,0,0,0,0,0,0,0,0,0,0,0,,0,0,0,0,0,,0,0,0,0,0,0,0,0,0,0,0,0,0,0,0,0,0,0,0,0,,,0,0,0,,58,0,0,0,0,,0,0,0,0,0,0,0,21,7,0,0,0
B,Candidatus_Kaiserbacteria_sp,0,0,0,0,0,0,0,0,0,0,12,0,0,0,0,0,0,0,0,0,0,0,0,0,0,0,0,0,0,0,0,0,0,0,0,0,0,0,0,0,0,0,0,0,0,0,0,0,0,0,0,,0,0,0,0,0,,0,0,0,0,0,0,0,0,0,0,0,0,0,0,0,0,0,0,0,0,,,0,0,0,,0,0,0,0,0,,0,31,0,0,0,0,0,6,0,0,0,0
B,Candidatus_Kaiserbacteria_sp383,0,0,0,0,0,0,0,0,0,0,0,0,0,0,0,0,0,0,4,0,0,0,0,0,0,0,0,0,0,0,0,0,0,0,0,0,0,0,0,0,0,0,0,0,0,0,0,0,0,0,0,,0,0,0,0,0,,0,0,0,0,0,0,0,0,0,0,0,0,0,0,0,0,0,0,0,0,,,0,0,0,,0,0,0,0,0,,0,0,0,0,0,0,0,0,0,0,0,0
B,Candidatus_Kaiserbacteria,0,0,0,0,0,0,0,0,0,3,0,0,0,0,0,0,0,0,0,0,0,0,0,0,0,0,0,0,0,0,0,0,0,0,0,0,0,0,0,0,0,0,0,0,0,0,0,0,0,0,0,,0,0,0,0,0,,0,0,0,0,0,0,0,0,0,0,0,0,0,0,0,0,0,0,0,0,,,0,0,0,,0,0,0,0,0,,0,0,0,0,0,0,0,0,0,0,0,0
B,Candidatus_Kaiserbacteria_sp384,0,0,0,0,0,0,0,0,0,0,0,0,0,0,0,0,0,0,0,0,0,0,0,0,0,0,0,0,0,0,0,0,0,0,0,0,0,0,0,0,0,0,0,0,0,0,0,0,0,0,0,,0,0,0,0,0,,0,0,0,0,0,0,0,0,0,0,0,0,0,0,0,0,0,0,0,0,,,0,0,0,,29,0,0,0,0,,0,0,0,0,0,0,0,0,0,0,0,0
B,Candidatus_Kaiserbacteria_sp385,0,0,0,12,0,0,0,0,19,0,0,0,30,0,0,0,0,0,0,0,0,14,0,0,8,0,71,0,12,0,0,0,0,0,0,0,0,53,0,0,0,11,0,0,0,0,0,0,0,0,0,,0,0,0,0,0,,0,0,0,0,0,0,0,0,0,0,0,0,0,0,0,0,0,0,0,0,,,0,0,0,,0,0,0,0,0,,0,0,0,0,19,0,0,0,6,0,0,0
B,Candidatus_Kaiserbacteria_sp386,0,0,0,0,0,0,0,0,0,0,0,0,0,0,0,0,0,0,0,0,0,0,0,0,0,0,0,0,0,0,0,0,0,0,0,0,0,0,0,0,0,0,0,0,0,0,0,0,0,0,0,,0,0,0,0,0,,0,0,0,0,0,0,0,0,0,0,0,0,0,0,0,0,0,0,0,0,,,0,0,0,,46,0,0,0,0,,0,0,0,0,0,0,0,0,0,0,0,0
B,Candidatus_Moranbacteria_sp,0,0,0,0,0,0,0,0,0,0,0,0,0,0,0,0,0,0,0,0,0,0,0,0,0,0,0,0,0,0,0,0,0,0,0,0,0,0,0,0,0,0,0,0,0,0,0,0,0,0,0,,0,0,0,0,0,,0,0,0,0,0,0,0,0,0,0,0,0,0,0,0,0,0,0,0,0,,,0,0,0,,135,0,0,0,0,,0,0,0,0,0,0,0,0,0,0,0,0
B,Candidatus_Moranbacteria_sp387,0,0,0,0,0,0,0,0,0,0,0,0,0,0,0,0,0,0,0,0,5,0,0,0,0,0,0,0,0,0,0,0,0,0,0,0,0,0,0,0,0,0,0,0,0,0,0,0,0,0,0,,0,0,0,0,0,,0,0,0,0,0,0,0,0,0,0,0,0,0,0,0,0,0,0,0,0,,,0,0,0,,0,0,0,0,0,,0,0,0,0,0,0,0,0,0,0,0,0
B,Candidatus_Nomurabacteria_sp,0,0,21,0,0,0,10,0,0,0,0,0,0,0,0,0,0,0,0,0,0,0,0,0,0,0,31,0,0,0,0,0,0,0,0,0,0,0,0,0,0,0,0,0,0,0,0,0,0,0,0,,0,0,0,0,0,,0,0,0,0,0,0,0,0,0,0,0,0,0,0,0,0,0,0,0,0,,,0,0,0,,1,0,0,0,0,,0,0,0,0,0,0,0,0,0,0,0,0
B,Candidatus_Nomurabacteria388,0,0,0,0,0,0,0,0,0,0,0,0,0,0,0,0,0,0,0,0,0,0,0,0,0,0,0,0,0,0,0,0,0,0,0,0,0,0,0,0,0,0,0,0,0,0,0,0,0,0,0,,0,0,0,0,0,,0,0,0,0,0,0,0,0,0,0,0,0,0,0,0,0,0,0,0,0,,,0,0,0,,45,0,0,0,0,,0,0,0,0,0,0,0,0,0,0,0,0
B,Candidatus_Nomurabacteria_sp389,0,13,0,0,0,0,0,0,16,0,0,14,9,0,0,0,0,0,0,0,0,0,0,11,0,0,0,0,0,0,0,0,11,20,0,0,18,0,6,0,0,0,0,0,0,0,0,0,0,0,0,,0,0,0,0,0,,0,0,0,0,0,0,0,0,0,0,0,0,0,0,0,0,0,0,0,0,,,0,0,0,,0,0,0,0,0,,0,0,10,0,0,0,10,13,0,0,0,12
B,Candidatus_Nomurabacteria_sp390,0,0,0,0,0,0,0,0,0,0,0,0,0,0,0,0,0,0,0,0,0,0,0,0,0,0,0,0,0,0,0,0,0,0,0,0,17,0,0,0,0,0,0,0,0,0,0,0,0,0,0,,0,0,0,0,0,,0,0,0,0,0,0,0,0,0,0,0,0,0,0,0,0,0,0,0,0,,,0,0,0,,17,0,0,0,0,,0,0,0,0,0,0,0,0,0,0,0,0
B,Candidatus_Nomurabacteria_sp391,0,0,0,0,0,0,0,0,0,0,0,0,0,0,0,0,0,0,0,0,0,0,0,0,0,0,0,0,0,0,0,0,0,0,0,0,0,0,0,0,0,0,0,0,0,0,0,0,0,0,0,,0,0,0,0,0,,0,0,0,0,0,0,0,0,0,0,0,0,0,0,0,0,0,0,0,0,,,0,0,0,,76,0,0,0,0,,0,0,0,0,0,0,0,0,0,0,0,0
B,Candidatus_Terrybacteria_sp,0,0,0,0,0,0,12,0,0,0,0,0,16,34,14,20,0,0,0,0,0,0,0,0,0,0,0,0,0,0,0,0,10,13,0,10,45,38,0,7,11,0,0,0,0,0,0,0,0,0,0,,0,0,0,0,0,,0,0,0,0,0,0,0,0,0,0,0,0,0,0,0,0,0,0,0,0,,,0,0,0,,0,0,0,0,0,,17,15,9,0,0,0,0,25,0,17,0,0
B,Candidatus_Yanofskybacteria,0,0,0,0,0,0,16,0,17,0,8,0,0,0,0,0,0,0,0,0,0,0,0,0,0,0,0,0,0,0,0,0,0,0,0,0,0,7,0,0,0,0,0,0,0,0,0,0,0,0,0,,0,0,0,0,0,,0,0,0,0,0,0,0,0,0,0,0,0,0,0,0,0,0,0,0,0,,,0,0,0,,0,0,0,0,0,,0,0,0,0,0,0,0,0,0,0,0,0
B,Candidatus_Zambryskibacteria_sp,21,0,0,0,0,0,0,0,0,16,0,0,40,58,33,37,0,18,0,0,0,0,0,0,0,0,30,11,0,0,13,9,0,0,0,0,0,0,11,13,0,0,0,0,0,0,0,0,0,0,0,,0,0,0,0,0,,0,0,0,0,0,0,0,0,0,0,0,0,0,0,0,0,0,0,0,0,,,0,0,0,,0,0,0,0,0,,48,20,0,16,0,13,0,0,7,22,0,0
B,Unid_Parcubacteria,0,0,0,0,0,0,0,0,0,0,0,0,0,0,0,0,0,0,0,0,0,0,0,0,0,0,0,0,0,0,0,11,0,0,0,0,0,0,0,0,0,0,0,0,0,0,0,0,0,0,0,,0,0,0,0,0,,0,0,0,0,0,0,0,0,0,0,0,0,0,0,0,0,0,0,0,0,,,0,0,0,,0,0,0,0,0,,0,0,0,0,0,0,0,0,0,0,0,0
B,Unid_Parcubacteria392,0,0,0,0,0,0,0,0,0,0,18,0,0,0,0,0,0,0,0,0,0,0,0,0,0,0,38,0,0,0,0,0,7,0,0,0,0,0,0,0,68,0,0,0,0,0,0,0,0,0,0,,0,0,0,0,0,,0,0,0,0,0,0,0,0,0,0,0,0,0,0,0,0,0,0,0,0,,,0,0,0,,0,0,0,0,0,,0,0,0,0,0,11,4,0,0,0,0,7
B,Unid_Parcubacteria393,0,0,0,0,0,0,0,0,0,0,0,0,0,0,0,0,0,0,0,0,0,0,0,0,0,0,6,0,0,0,0,7,0,0,0,0,0,10,0,0,0,0,0,0,0,0,0,0,0,0,0,,0,0,0,0,0,,0,0,0,0,0,0,0,0,0,0,0,0,0,0,0,0,0,0,0,0,,,0,0,0,,0,0,0,0,0,,0,0,0,0,0,0,0,0,0,0,0,0
B,Parcubacteria_sp,0,0,0,0,0,0,0,0,0,0,0,0,0,0,0,0,0,0,0,0,0,0,0,0,0,0,0,0,0,0,0,0,0,0,0,0,10,0,0,0,0,0,0,0,0,0,0,0,0,0,0,,0,0,0,0,0,,0,0,0,0,0,0,0,0,0,0,0,0,0,0,0,0,0,0,0,0,,,0,0,0,,0,0,0,0,0,,0,0,0,0,0,0,0,0,0,0,0,0
B,Parcubacteria_sp394,0,0,16,25,25,9,26,28,20,0,0,13,27,32,0,19,11,0,30,0,0,0,0,39,0,0,0,0,35,0,0,0,33,0,0,0,0,71,24,0,0,45,0,0,0,0,0,0,0,0,0,,0,0,0,0,0,,0,0,0,0,0,0,0,0,0,0,0,0,0,0,0,0,0,0,0,0,,,0,0,0,,194,0,0,0,0,,0,31,0,21,8,0,26,0,0,0,0,0
B,Parcubacteria_sp395,0,0,0,0,0,0,0,0,0,0,0,0,0,0,0,0,0,0,0,0,1,0,0,0,0,0,0,0,0,0,0,0,0,0,0,0,0,0,0,0,0,0,0,0,0,0,0,0,0,0,0,,0,0,0,0,0,,0,0,0,0,0,0,0,0,0,0,0,0,0,0,0,0,0,0,0,0,,,0,0,0,,0,0,0,0,0,,0,0,0,0,0,0,0,0,0,0,0,0
B,Parcubacteria_sp396,0,0,0,0,0,0,0,0,0,0,0,0,17,0,0,0,0,0,0,0,0,0,0,0,0,0,0,0,0,0,0,0,0,0,0,0,0,0,0,0,0,0,0,0,0,0,0,0,0,0,0,,0,0,0,0,0,,0,0,0,0,0,0,0,0,0,0,0,0,0,0,0,0,0,0,0,0,,,0,0,0,,0,0,0,0,0,,0,0,0,0,0,0,0,0,0,0,0,0
B,Unid_Saccharimonadales,0,0,13,0,0,0,0,0,0,0,0,0,0,0,0,0,0,0,0,0,0,0,0,15,0,0,0,0,0,0,0,0,0,0,0,0,0,0,0,0,0,0,0,0,0,0,0,0,0,0,0,,0,0,0,0,0,,0,0,0,0,0,0,0,0,0,0,0,0,0,0,0,0,0,0,0,0,,,0,0,0,,0,0,0,0,0,,0,0,13,0,0,0,13,0,0,0,0,0
B,Unid_Saccharimonadales397,0,0,0,0,0,0,0,0,0,0,0,0,0,3,0,0,0,0,0,0,0,0,0,8,0,0,0,0,0,0,0,0,0,0,0,0,0,0,0,0,0,0,0,0,0,0,0,0,0,0,0,,0,0,0,0,0,,0,0,0,0,0,0,0,0,0,0,0,0,0,0,0,0,0,0,0,0,,,0,0,0,,0,0,0,0,0,,0,0,0,0,0,0,0,0,0,0,0,0
B,Unid_Saccharimonadales398,0,0,45,0,0,0,0,0,0,0,0,0,0,0,0,0,0,0,0,0,0,0,0,0,0,0,0,0,0,0,0,0,0,0,0,0,0,0,0,0,0,0,0,0,0,0,0,0,0,0,0,,0,0,0,0,0,,0,0,0,0,0,0,0,0,0,0,0,0,0,0,0,0,0,0,0,0,,,0,0,0,,0,0,0,0,0,,0,0,0,0,0,0,0,0,0,0,0,0
B,Unid_Saccharimonadales399,13,0,0,0,0,0,0,0,0,0,0,0,0,0,0,0,0,0,0,0,0,0,0,0,0,0,0,0,0,0,9,0,0,0,0,0,0,0,0,0,0,0,0,0,0,0,0,0,0,0,0,,0,0,0,0,0,,0,0,0,0,0,0,0,0,0,0,0,0,0,0,0,0,0,0,0,0,,,0,0,0,,0,0,0,0,0,,0,0,0,0,0,0,0,0,0,0,0,0
B,Unid_Saccharimonadales400,0,0,0,0,0,0,38,0,0,0,0,0,0,33,16,0,77,29,0,0,0,0,0,0,0,0,0,0,124,0,53,0,0,0,0,0,0,0,0,0,0,0,0,0,0,0,0,0,0,0,0,,0,0,0,0,0,,0,0,0,0,0,0,0,0,0,0,0,0,0,0,0,0,0,0,0,0,,,0,0,0,,0,0,0,0,0,,0,0,0,0,0,0,0,0,0,0,0,0
B,Unid_Saccharimonadales401,0,0,0,0,60,0,0,40,0,0,44,0,83,0,0,0,0,0,41,0,0,0,0,0,92,65,0,39,0,0,0,0,47,0,29,0,0,26,0,0,0,0,0,0,0,0,0,0,0,0,0,,0,0,0,0,0,,0,0,0,0,0,0,0,0,0,0,0,0,0,0,0,0,0,0,0,0,,,0,0,0,,0,0,0,0,0,,0,95,87,0,75,54,0,0,0,106,0,0
B,Unid_Saccharimonadales402,0,0,0,0,0,0,0,0,0,0,0,0,0,0,0,0,0,0,0,0,0,0,0,0,0,0,0,0,0,102,0,0,0,0,0,0,0,0,0,0,0,0,0,0,0,0,0,0,0,0,0,,0,0,0,0,0,,0,0,0,0,0,0,0,0,0,0,0,0,0,0,0,0,0,0,0,0,,,0,0,0,,0,0,0,0,0,,0,0,0,0,0,0,0,0,0,0,0,0
B,Unid_Saccharimonadales403,0,0,95,0,0,0,0,0,0,0,0,26,0,0,0,0,0,0,0,46,0,49,47,0,0,0,61,0,0,0,0,64,0,72,0,36,140,52,0,0,55,102,0,0,0,0,0,0,0,0,0,,0,0,0,0,0,,0,0,0,0,0,0,0,0,0,0,0,0,0,0,0,0,0,0,0,0,,,0,0,0,,0,0,0,0,0,,25,0,0,0,0,0,0,0,0,0,0,66
B,Unid_Saccharimonadaceae,0,0,0,0,0,0,0,0,0,0,0,0,0,0,0,0,0,0,0,0,0,0,0,0,0,0,0,0,0,0,0,0,0,0,0,0,49,0,0,0,0,0,0,0,0,0,0,0,0,0,0,,0,0,0,0,0,,0,0,0,0,0,0,0,0,0,0,0,0,0,0,0,0,0,0,0,0,,,0,0,0,,0,0,0,0,0,,0,0,0,0,0,0,0,0,0,0,0,68
B,Unid_Saccharimonadaceae404,0,0,0,0,59,0,0,0,0,0,0,0,0,0,0,0,0,0,0,0,26,0,0,0,0,0,68,0,0,0,0,0,0,0,0,0,0,0,0,0,0,0,0,0,0,0,0,0,0,0,0,,0,0,0,0,0,,0,0,0,0,0,0,0,0,0,0,0,0,0,0,0,0,0,0,0,0,,,0,0,0,,0,0,0,0,0,,0,0,0,0,0,0,0,0,0,0,0,0
B,Saccharimonadales_sp,19,0,49,0,10,0,0,58,9,0,0,21,19,11,0,17,0,0,0,108,0,27,19,21,4,0,49,71,0,15,0,22,24,0,0,16,106,16,14,17,1,75,0,0,0,0,0,0,0,0,0,,0,0,0,0,0,,0,0,0,0,0,0,0,0,0,0,0,0,0,0,0,0,0,0,0,31,,,0,0,0,,0,0,0,0,0,,0,22,0,0,85,26,21,20,14,0,0,66
B,candidate_division,0,0,0,0,0,0,0,0,86,0,0,0,0,0,0,0,0,0,0,0,0,0,0,0,0,0,0,0,0,0,0,0,0,0,0,0,0,0,0,0,0,0,0,0,0,0,0,0,0,0,0,,0,0,0,0,0,,0,0,0,0,0,0,0,0,0,0,0,0,0,0,0,0,0,0,0,0,,,0,0,0,,0,0,0,0,0,,0,0,0,0,0,0,0,0,0,0,0,0
B,Saccharimonadales_sp405,0,0,0,0,0,0,0,0,0,0,0,0,0,0,0,0,0,0,0,0,0,18,0,0,0,0,0,0,0,8,0,0,0,0,0,0,0,0,0,0,0,0,0,0,0,0,0,0,0,0,0,,0,0,0,0,0,,0,0,0,0,0,0,0,0,0,0,0,0,0,0,0,0,0,0,0,0,,,0,0,0,,0,0,0,0,0,,0,0,0,0,0,0,0,0,0,0,0,0
B,Saccharimonadales_sp406,72,0,72,0,0,62,28,26,0,0,18,34,0,67,0,0,0,0,13,0,78,19,23,23,0,28,19,0,17,25,10,44,10,43,0,61,31,66,0,28,27,75,0,0,0,0,0,0,0,0,0,,0,0,0,0,0,,0,0,0,0,0,0,0,0,0,0,0,0,0,0,0,0,0,0,0,0,,,0,0,0,,0,0,0,0,0,,18,20,41,12,21,74,0,39,46,63,56,50
B,Saccharimonadales_sp407,39,0,0,0,0,0,0,0,0,0,0,0,0,0,0,0,0,0,0,0,17,0,0,0,0,0,0,0,0,0,0,0,0,0,0,0,0,0,0,0,0,0,0,0,0,0,0,0,0,0,0,,0,0,0,0,0,,0,0,0,0,0,0,0,0,0,0,0,0,0,0,0,0,0,0,0,0,,,0,0,0,,0,0,0,0,0,,0,0,24,0,0,0,0,0,0,0,0,0
B,Saccharimonadales_sp408,0,0,0,0,0,0,0,0,0,0,0,0,0,0,0,0,0,0,0,0,0,0,0,0,0,0,0,0,0,0,0,0,0,0,0,0,0,0,0,0,0,0,0,0,0,0,0,0,0,0,0,,0,0,0,0,0,,0,0,0,0,0,0,0,0,0,0,0,0,0,0,0,0,0,0,0,0,,,0,0,0,,0,0,0,0,0,,0,27,0,0,0,0,0,0,0,0,0,0
B,Saccharimonadales_sp409,0,0,0,0,0,0,0,0,0,0,0,0,0,0,0,0,0,0,0,0,0,0,0,0,0,0,0,0,0,0,0,0,0,0,0,0,0,0,0,0,0,0,0,0,0,0,0,0,0,0,0,,0,0,0,0,0,,0,0,0,0,0,0,0,0,0,0,0,0,0,0,0,0,0,0,0,0,,,0,0,0,,16,0,0,0,0,,0,0,0,0,0,0,0,0,0,0,0,0
B,Saccharimonadales_sp410,0,0,0,0,0,23,0,0,0,0,0,0,0,0,0,0,0,0,0,0,0,0,0,0,0,0,0,0,0,0,0,0,0,0,22,0,0,0,17,0,0,0,0,0,0,0,0,0,0,0,0,,0,0,0,0,0,,0,0,0,0,0,0,0,0,0,0,0,0,0,0,0,0,0,0,0,0,,,0,0,0,,0,0,0,0,0,,0,0,0,0,0,0,0,0,0,0,0,0
B,Saccharimonadales_sp411,0,0,0,0,0,0,0,0,0,0,0,0,0,0,0,0,0,0,0,0,0,0,0,0,0,0,0,0,0,0,0,0,0,0,0,0,0,0,0,0,0,0,0,0,0,0,0,0,0,0,0,,0,0,0,0,0,,0,0,0,0,0,0,0,0,0,0,0,0,0,0,0,0,0,0,0,0,,,0,0,0,,69,0,0,0,0,,0,0,0,0,0,0,0,0,0,0,0,0
B,Unid_Saccharimonadales412,0,0,0,0,0,0,0,0,0,0,0,0,0,0,0,0,0,0,0,0,0,0,0,0,0,0,0,0,0,0,0,0,0,0,0,0,0,0,0,0,0,0,0,0,0,0,0,0,0,0,0,,0,0,0,0,0,,0,0,0,0,0,0,0,0,0,0,0,0,0,0,0,0,0,0,0,0,,,0,0,0,,26,0,0,0,0,,0,0,0,0,0,0,0,0,0,0,0,0
B,Unid_Saccharimonadales413,0,0,0,0,0,0,6,0,0,0,0,0,0,0,0,0,0,0,0,0,0,0,0,0,0,0,0,0,0,0,0,0,0,0,0,0,0,0,0,0,0,0,0,0,0,0,0,0,0,0,0,,0,0,0,0,0,,0,0,0,0,0,0,0,0,0,0,0,0,0,0,0,0,0,0,0,0,,,0,0,0,,0,0,0,0,0,,0,0,0,0,0,0,0,0,0,0,0,0
B,Unid_Planctomycetota,0,0,0,0,0,0,0,0,0,0,0,0,0,0,0,0,0,0,0,0,0,0,0,0,0,0,0,0,0,0,0,0,0,0,0,0,0,0,0,0,0,0,0,0,0,0,0,0,0,0,0,,0,0,0,0,0,,0,0,0,0,0,0,0,0,0,0,0,0,0,0,0,0,0,0,0,0,,,0,0,0,,0,0,0,0,0,,0,0,0,0,0,0,0,8,0,0,0,0
B,Unid_Planctomycetota414,0,0,0,0,0,0,0,0,0,0,0,0,0,0,0,0,0,0,0,0,0,0,0,0,0,0,0,0,0,0,8,0,0,0,0,7,0,0,0,0,0,10,0,0,0,0,0,0,0,0,0,,0,0,0,0,0,,0,0,0,0,0,0,0,0,0,0,0,0,0,0,0,0,0,0,0,0,,,0,0,0,,0,0,0,0,0,,10,0,0,0,0,0,0,0,0,0,0,8
B,Unid_Planctomycetota415,0,0,0,0,0,0,0,0,0,0,0,0,0,0,0,0,0,0,0,0,0,0,0,0,0,0,0,0,0,0,0,0,0,0,0,0,0,0,0,0,0,0,0,0,0,0,0,0,0,0,0,,0,0,0,0,0,,0,0,0,0,0,0,0,0,0,0,0,0,0,0,0,0,0,0,0,0,,,0,0,0,,0,0,0,0,0,,0,0,13,0,0,0,0,0,0,0,0,0
B,Unid_Planctomycetota416,0,46,5,23,15,12,57,91,0,23,0,30,234,164,0,0,0,26,52,54,91,0,54,46,31,101,38,0,20,84,22,58,21,38,124,70,0,68,41,27,51,61,0,0,0,0,0,0,0,0,0,,0,0,0,0,0,,0,0,0,0,0,0,0,0,0,0,0,0,0,0,0,0,0,0,0,0,,,0,0,0,,0,0,0,0,0,,16,123,68,0,53,138,15,0,0,24,86,0
B,Unid_Planctomycetota417,39,26,58,0,19,70,12,22,61,24,65,63,60,0,14,14,35,0,38,22,74,37,116,50,28,46,44,22,0,31,25,22,19,22,49,73,31,32,11,25,80,72,0,0,0,0,0,0,0,0,0,,0,0,0,0,0,,0,0,0,0,0,0,0,0,0,0,0,0,0,0,0,0,0,0,0,0,,,0,0,0,,0,0,0,0,0,,38,36,67,35,39,42,24,38,49,90,0,66
B,Unid_Planctomycetota418,98,123,78,204,144,237,176,14,83,270,252,208,473,102,65,221,314,119,23,125,263,266,201,222,16,115,83,100,58,141,91,16,33,6,166,70,18,43,166,364,267,147,0,0,0,0,0,0,0,0,0,,0,0,0,0,0,,0,0,0,0,0,0,0,0,0,0,0,0,0,0,0,0,0,0,0,42,,,0,0,0,,0,0,0,0,0,,228,153,52,196,59,180,43,148,38,385,235,235
B,Unid_Planctomycetota419,0,0,38,17,0,0,0,0,0,0,0,0,0,0,0,0,0,0,0,0,0,0,0,0,0,0,0,0,34,0,0,0,0,0,0,0,0,40,0,0,0,0,0,0,0,0,0,0,0,0,0,,0,0,0,0,0,,0,0,0,0,0,0,0,0,0,0,0,0,0,0,0,0,0,0,0,0,,,0,0,0,,0,0,0,0,0,,0,0,0,0,0,0,0,29,0,0,0,0
B,Unid_Planctomycetota420,2,0,0,0,0,0,0,0,0,14,0,0,0,0,0,0,0,0,0,0,9,27,0,0,0,0,0,0,0,0,0,0,0,0,43,0,0,0,0,0,17,0,0,0,0,0,0,0,0,0,0,,0,0,0,0,0,,0,0,0,0,0,0,0,0,0,0,0,0,0,0,0,0,0,0,0,0,,,0,0,0,,0,0,0,0,0,,0,17,11,0,0,0,0,15,0,0,0,0
B,Unid_Planctomycetota421,0,0,0,12,0,0,0,0,0,0,0,0,0,0,0,0,0,0,0,26,0,0,16,0,0,0,0,20,0,0,0,0,0,0,0,0,0,0,0,0,0,0,0,0,0,0,0,0,0,0,0,,0,0,0,0,0,,0,0,0,0,0,0,0,0,0,0,0,0,0,0,0,0,0,0,0,0,,,0,0,0,,0,0,0,0,0,,0,0,0,0,0,0,0,0,0,0,0,0
B,Unid_Planctomycetota422,0,0,0,0,0,0,0,0,0,0,0,0,0,0,0,0,0,0,0,0,0,0,0,0,0,0,0,0,0,0,0,0,0,0,0,0,72,0,0,0,0,0,0,0,0,0,0,0,0,0,0,,0,0,0,0,0,,0,0,0,0,0,0,0,0,0,0,0,0,0,0,0,0,0,0,0,0,,,0,0,0,,0,0,0,0,0,,0,0,0,0,0,0,0,0,0,0,0,0
B,Unid_Planctomycetota423,0,15,10,7,0,0,0,0,0,12,0,0,27,18,0,0,0,0,0,15,16,0,0,0,0,0,0,0,0,0,0,0,0,0,0,11,9,0,0,0,15,0,0,0,0,0,0,0,0,0,0,,0,0,0,0,0,,0,0,0,0,0,0,0,0,0,0,0,0,0,0,0,0,0,0,0,0,,,0,0,0,,0,0,0,0,0,,0,0,13,0,0,0,0,11,0,0,0,0
B,Unid_Planctomycetota424,41,25,0,29,15,0,0,0,0,17,0,0,44,10,0,24,37,37,17,0,0,0,28,20,0,0,0,0,0,0,36,14,0,0,30,0,0,0,0,15,22,0,0,0,0,0,0,0,0,0,0,,0,0,0,0,0,,0,0,0,0,0,0,0,0,0,0,0,0,0,0,0,0,0,0,0,0,,,0,0,0,,0,0,0,0,0,,20,0,25,18,0,28,0,17,0,23,25,17
B,Unid_Phycisphaerae,0,0,0,0,0,0,0,0,0,0,0,0,0,0,0,11,0,0,0,0,0,0,0,0,0,0,0,0,0,0,0,0,0,0,0,0,0,0,0,0,0,0,0,0,0,0,0,0,0,0,0,,0,0,0,0,0,,0,0,0,0,0,0,0,0,0,0,0,0,0,0,0,0,0,0,0,0,,,0,0,0,,0,0,0,0,0,,13,0,0,0,0,0,0,0,0,0,0,0
B,Unid_Phycisphaeraceae,0,0,0,0,33,0,0,30,37,9,0,24,23,31,0,0,16,0,0,0,0,0,19,29,23,0,0,0,18,27,29,30,0,0,0,0,48,0,36,52,0,0,0,0,0,0,0,0,0,0,0,,0,0,0,0,0,,0,0,0,0,0,0,0,0,0,0,0,0,0,0,0,0,0,0,0,0,,,0,0,0,,0,0,0,0,0,,0,0,47,18,22,0,24,38,0,27,0,36
B,Unid_Phycisphaeraceae425,0,96,0,87,129,73,73,76,103,54,72,87,6,111,0,0,0,0,62,70,95,145,82,0,79,98,29,75,0,77,0,57,0,0,85,97,77,102,66,0,127,109,0,0,0,0,0,0,0,0,0,,0,0,0,0,0,,0,0,0,0,0,0,0,0,0,0,0,0,0,0,0,0,0,0,0,0,,,0,0,0,,0,0,0,0,0,,88,94,0,123,97,84,112,103,104,166,92,96
B,Unid_Phycisphaeraceae426,0,0,0,0,0,0,0,0,38,0,0,0,16,0,0,0,0,0,0,0,16,0,0,0,0,0,0,0,0,0,0,0,0,0,0,0,0,0,0,0,26,0,0,0,0,0,0,0,0,0,0,,0,0,0,0,0,,0,0,0,0,0,0,0,0,0,0,0,0,0,0,0,0,0,0,0,0,,,0,0,0,,0,0,0,0,0,,0,0,14,0,0,0,0,0,0,0,0,0
B,Unid_Phycisphaeraceae427,58,0,0,0,0,0,0,0,0,0,0,0,0,0,0,52,0,39,0,0,52,0,0,39,0,0,0,0,0,46,0,0,0,62,0,0,0,0,0,37,0,0,0,0,0,0,0,0,0,0,0,,0,0,0,0,0,,0,0,0,0,0,0,0,0,0,0,0,0,0,0,0,0,0,0,0,0,,,0,0,0,,0,0,0,0,0,,0,0,44,0,0,0,0,0,0,0,0,0
B,Unid_Phycisphaeraceae428,0,0,0,0,0,0,0,0,0,0,0,0,54,0,0,0,0,0,0,0,0,0,0,0,0,0,0,0,0,0,0,36,0,0,0,0,0,0,0,0,0,0,0,0,0,0,0,0,0,0,0,,0,0,0,0,0,,0,0,0,0,0,0,0,0,0,0,0,0,0,0,0,0,0,0,0,0,,,0,0,0,,0,0,0,0,0,,0,0,0,0,0,0,0,0,0,0,0,0
B,Unid_Phycisphaeraceae429,0,0,0,0,0,0,0,0,0,0,0,0,0,0,0,0,0,0,0,0,0,0,0,0,0,0,0,5,0,0,0,0,0,0,0,0,0,0,0,0,0,0,0,0,0,0,0,0,0,0,0,,0,0,0,0,0,,0,0,0,0,0,0,0,0,0,0,0,0,0,0,0,0,0,0,0,0,,,0,0,0,,0,0,0,0,0,,0,0,0,0,0,0,0,0,0,0,0,0
B,Unid_Phycisphaeraceae430,0,0,0,0,0,0,0,0,0,0,0,0,0,0,0,0,0,0,0,0,0,0,0,0,0,0,0,0,0,0,0,0,0,0,0,0,0,0,0,0,0,9,0,0,0,0,0,0,0,0,0,,0,0,0,0,0,,0,0,0,0,0,0,0,0,0,0,0,0,0,0,0,0,0,0,0,0,,,0,0,0,,0,0,0,0,0,,0,0,0,0,0,0,0,0,0,0,0,0
B,Unid_Phycisphaeraceae431,0,0,0,0,0,14,0,0,0,0,0,0,0,0,0,0,0,0,0,0,0,0,0,0,0,0,0,0,0,0,0,0,0,0,0,0,0,0,0,0,0,0,0,0,0,0,0,0,0,0,0,,0,0,0,0,0,,0,0,0,0,0,0,0,0,0,0,0,0,0,0,0,0,0,0,0,0,,,0,0,0,,0,0,0,0,0,,0,0,0,0,0,0,0,0,0,0,0,0
B,Unid_Phycisphaeraceae432,0,13,0,0,0,0,0,0,0,0,12,0,0,0,0,0,0,0,17,0,0,19,0,0,0,0,0,0,0,0,0,22,0,0,17,0,29,34,0,0,0,23,0,0,0,0,0,0,0,0,0,,0,0,0,0,0,,0,0,0,0,0,0,0,0,0,0,0,0,0,0,0,0,0,0,0,0,,,0,0,0,,0,0,0,0,0,,0,0,0,0,0,0,33,0,22,0,21,0
B,Phycisphaera_sp,0,0,0,0,14,0,0,0,0,11,0,0,0,0,0,5,0,0,0,0,20,12,7,0,0,0,9,0,0,0,0,0,0,0,0,11,0,8,0,0,0,0,0,0,0,0,0,0,0,0,0,,0,0,0,0,0,,0,0,0,0,0,0,0,0,0,0,0,0,0,0,0,0,0,0,0,0,,,0,0,0,,0,0,0,0,0,,0,0,0,0,0,14,0,0,0,0,0,0
B,Unid_Phycisphaeraceae433,0,0,71,11,0,18,1,0,25,18,0,0,0,0,0,0,0,0,0,0,30,28,75,30,16,39,0,0,0,19,15,24,23,13,25,18,0,22,0,0,41,8,0,0,0,0,0,0,0,0,0,,0,0,0,0,0,,0,0,0,0,0,0,0,0,0,0,0,0,0,0,0,0,0,0,0,0,,,0,0,0,,0,0,0,0,0,,0,20,17,0,0,16,0,20,18,68,20,8
B,Unid_Phycisphaeraceae434,0,0,0,0,0,0,0,0,0,0,0,0,0,0,0,0,0,0,0,0,0,0,0,0,0,0,0,0,0,0,0,0,0,0,0,0,23,0,0,6,0,0,0,0,0,0,0,0,0,0,0,,0,0,0,0,0,,0,0,0,0,0,0,0,0,0,0,0,0,0,0,0,0,0,0,0,0,,,0,0,0,,0,0,0,0,0,,0,0,0,0,0,0,0,0,0,0,0,0
B,Unid_Phycisphaeraceae435,0,35,0,10,0,0,0,0,0,0,20,3,37,0,0,0,0,0,0,0,25,0,25,19,11,29,0,6,0,30,0,25,0,14,0,25,25,19,20,13,23,12,0,0,0,0,0,0,0,0,0,,0,0,0,0,0,,0,0,0,0,0,0,0,0,0,0,0,0,0,0,0,0,0,0,0,0,,,0,0,0,,0,0,0,0,0,,0,0,37,0,14,12,30,0,0,0,20,7
B,Unid_Phycisphaeraceae436,0,14,0,0,0,0,0,0,0,15,0,0,10,0,0,12,0,0,0,0,0,0,1,0,11,0,0,0,13,15,0,0,0,0,0,0,14,0,0,0,0,0,0,0,0,0,0,0,0,0,0,,0,0,0,0,0,,0,0,0,0,0,0,0,0,0,0,0,0,0,0,0,0,0,0,0,0,,,0,0,0,,0,0,0,0,0,,0,0,0,14,0,0,0,8,0,0,0,0
B,Unid_Phycisphaeraceae437,0,0,18,0,0,0,32,0,0,0,0,0,0,0,0,0,0,0,14,0,0,18,18,0,0,0,0,19,0,0,0,0,0,0,19,14,0,0,17,0,0,0,0,0,0,0,0,0,0,0,0,,0,0,0,0,0,,0,0,0,0,0,0,0,0,0,0,0,0,0,0,0,0,0,0,0,0,,,0,0,0,,0,0,0,0,0,,0,32,0,0,0,0,0,21,0,33,43,0
B,Unid_Phycisphaeraceae438,0,0,0,0,0,0,0,0,0,0,0,0,0,0,0,30,0,0,8,0,0,0,18,0,0,0,32,0,0,0,0,0,0,0,71,33,0,0,0,28,0,17,0,0,0,0,0,0,0,0,0,,0,0,0,0,0,,0,0,0,0,0,0,0,0,0,0,0,0,0,0,0,0,0,0,0,0,,,0,0,0,,0,0,0,0,0,,0,0,0,0,21,0,28,0,0,19,0,0
B,Unid_Phycisphaeraceae439,0,0,0,18,0,0,0,0,0,0,0,0,0,0,0,0,0,0,0,0,0,20,0,0,0,0,0,0,0,10,23,33,0,0,0,0,0,0,0,0,16,0,0,0,0,0,0,0,0,0,0,,0,0,0,0,0,,0,0,0,0,0,0,0,0,0,0,0,0,0,0,0,0,0,0,0,0,,,0,0,0,,0,0,0,0,0,,0,27,0,17,0,11,13,0,0,0,0,35
B,Unid_Phycisphaeraceae440,23,0,0,0,0,0,0,0,0,0,0,0,0,0,0,0,0,0,0,16,31,0,0,0,0,0,0,0,0,0,0,0,0,0,0,44,0,0,0,0,0,0,0,0,0,0,0,0,0,0,0,,0,0,0,0,0,,0,0,0,0,0,0,0,0,0,0,0,0,0,0,0,0,0,0,0,0,,,0,0,0,,0,0,0,0,0,,0,33,0,0,0,18,0,0,0,0,35,0
B,Unid_Phycisphaeraceae441,0,0,0,0,0,0,0,0,0,0,33,0,0,0,0,0,0,0,0,0,0,0,0,0,0,0,0,31,0,0,0,0,0,0,0,0,0,0,0,0,0,0,0,0,0,0,0,0,0,0,0,,0,0,0,0,0,,0,0,0,0,0,0,0,0,0,0,0,0,0,0,0,0,0,0,0,0,,,0,0,0,,0,0,0,0,0,,0,0,35,0,0,0,0,13,0,0,0,0
B,Unid_Phycisphaeraceae442,0,0,0,0,0,0,0,11,0,0,0,12,0,0,0,0,0,0,0,0,0,0,0,0,0,0,0,0,0,0,0,0,0,0,0,0,0,0,0,0,0,0,0,0,0,0,0,0,0,0,0,,0,0,0,0,0,,0,0,0,0,0,0,0,0,0,0,0,0,0,0,0,0,0,0,0,0,,,0,0,0,,0,0,0,0,0,,0,0,0,0,0,0,0,0,0,0,0,0
B,Unid_Phycisphaeraceae443,0,0,0,0,0,0,0,0,0,18,12,0,0,9,0,18,15,0,0,0,0,0,0,0,0,0,0,0,0,14,0,0,0,0,0,0,0,0,0,22,0,0,0,0,0,0,0,0,0,0,0,,0,0,0,0,0,,0,0,0,0,0,0,0,0,0,0,0,0,0,0,0,0,0,0,0,0,,,0,0,0,,0,0,0,0,0,,0,0,0,0,20,18,0,0,0,25,0,0
B,Tepidisphaerales_sp,12,36,76,0,41,0,0,30,46,22,0,47,51,0,0,0,19,0,42,0,53,43,49,0,55,44,61,0,21,55,33,47,45,24,0,42,41,98,55,0,23,46,0,0,0,0,0,0,0,0,0,,0,0,0,0,0,,0,0,0,0,0,0,0,0,0,0,0,0,0,0,0,0,0,0,0,0,,,0,0,0,,0,0,0,0,0,,50,50,84,20,22,0,25,0,0,0,38,31
B,Unid_Tepidisphaerales,113,362,251,115,64,113,219,152,182,150,51,0,128,256,94,84,111,0,339,37,267,250,290,234,236,255,261,190,216,185,199,197,138,132,250,58,166,167,129,336,220,262,0,0,0,0,0,0,0,0,0,,0,0,0,0,0,,0,0,0,0,0,0,0,0,0,0,0,0,0,0,0,0,0,0,0,0,,,0,0,0,,110,0,0,0,0,,248,174,312,179,100,149,160,218,0,61,223,54
B,Unid_Tepidisphaerales444,0,0,0,0,0,0,0,0,0,0,0,0,0,0,0,0,0,0,0,114,0,0,0,0,0,0,0,0,0,0,0,0,0,0,0,0,0,0,0,0,0,0,0,0,0,0,0,0,0,0,0,,0,0,0,0,0,,0,0,0,0,0,0,0,0,0,0,0,0,0,0,0,0,0,0,0,0,,,0,0,0,,0,0,0,0,0,,0,0,0,0,0,0,0,0,119,0,0,115
B,Unid_Tepidisphaerales445,73,108,326,0,0,0,267,106,167,55,128,196,176,106,88,47,84,66,109,123,177,237,260,125,172,149,158,113,101,102,113,161,182,84,111,98,125,180,212,128,111,137,0,0,0,0,0,0,0,0,0,,0,0,0,0,0,,0,0,0,0,0,0,0,0,0,0,0,0,0,0,0,0,0,0,0,0,,,0,0,0,,0,0,0,0,0,,125,215,79,0,159,65,220,164,149,337,174,72
B,Unid_Tepidisphaerales446,133,219,231,85,165,0,50,184,82,133,0,146,21,108,63,89,71,27,184,14,119,169,185,123,252,138,211,91,198,129,96,139,192,4,182,95,102,81,150,103,161,254,0,0,0,0,0,0,0,0,0,,0,0,0,0,0,,0,0,0,0,0,0,0,0,0,0,0,0,0,0,0,0,0,0,0,0,,,0,0,0,,0,0,0,0,0,,125,229,162,169,106,146,130,243,219,42,134,114
B,Unid_Tepidisphaerales447,0,188,168,120,125,109,146,115,157,61,133,101,132,130,0,0,0,0,107,98,161,150,188,191,127,110,156,0,97,132,103,123,135,0,160,162,101,150,129,104,0,148,0,0,0,0,0,0,0,0,0,,0,0,0,0,0,,0,0,0,0,0,0,0,0,0,0,0,0,0,0,0,0,0,0,0,0,,,0,0,0,,0,0,0,0,0,,123,173,153,94,157,0,98,156,159,230,109,61
B,Unid_Planctomycetota448,24,0,0,0,19,24,23,0,26,0,46,31,52,0,0,0,0,0,0,0,32,43,0,0,0,0,0,36,0,24,0,17,26,0,0,0,0,0,23,0,0,25,0,0,0,0,0,0,0,0,0,,0,0,0,0,0,,0,0,0,0,0,0,0,0,0,0,0,0,0,0,0,0,0,0,0,0,,,0,0,0,,0,0,0,0,0,,0,0,0,53,0,30,0,0,0,56,3,37
B,Unid_Planctomycetota449,0,0,0,0,0,27,25,0,27,11,0,13,0,13,0,0,26,0,0,0,0,0,0,0,0,0,0,19,0,18,0,0,0,0,0,15,0,0,37,0,0,0,0,0,0,0,0,0,0,0,0,,0,0,0,0,0,,0,0,0,0,0,0,0,0,0,0,0,0,0,0,0,0,0,0,0,0,,,0,0,0,,0,0,0,0,0,,0,0,0,0,0,27,0,0,0,18,0,8
B,Unid_Planctomycetota450,47,77,16,45,29,0,0,0,0,63,33,100,97,0,0,31,57,43,15,52,45,62,0,69,0,29,32,48,0,79,99,0,0,46,0,36,0,0,88,63,44,34,0,0,0,0,0,0,0,0,0,,0,0,0,0,0,,0,0,0,0,0,0,0,0,0,0,0,0,0,0,0,0,0,0,0,0,,,0,0,0,,0,0,0,0,0,,43,39,38,59,0,39,0,107,26,40,47,113
B,Unid_Planctomycetota451,0,0,11,0,0,0,0,11,25,25,0,30,0,31,0,46,0,0,13,0,0,35,0,0,0,0,0,0,0,0,0,28,0,0,0,0,23,13,0,24,32,22,0,0,0,0,0,0,0,0,0,,0,0,0,0,0,,0,0,0,0,0,0,0,0,0,0,0,0,0,0,0,0,0,0,0,0,,,0,0,0,,0,0,0,0,0,,1,0,30,32,27,41,35,0,21,0,37,0
B,Unid_Planctomycetota452,0,0,0,0,0,0,0,0,0,14,0,0,30,58,0,27,21,0,0,17,34,0,0,0,0,0,0,0,0,0,0,0,0,0,0,0,0,0,0,18,0,0,0,0,0,0,0,0,0,0,0,,0,0,0,0,0,,0,0,0,0,0,0,0,0,0,0,0,0,0,0,0,0,0,0,0,0,,,0,0,0,,0,0,0,0,0,,0,38,16,0,20,0,0,23,0,0,0,0
B,Unid_Planctomycetota453,0,0,0,0,0,0,0,0,0,0,0,0,14,0,0,0,0,0,0,0,11,0,0,0,0,0,0,0,0,0,0,0,0,0,0,0,0,0,0,0,0,0,0,0,0,0,0,0,0,0,0,,0,0,0,0,0,,0,0,0,0,0,0,0,0,0,0,0,0,0,0,0,0,0,0,0,0,,,0,0,0,,0,0,0,0,0,,0,0,0,0,0,0,0,0,0,0,0,0
B,Unid_Gemmataceae,0,0,0,0,0,0,0,18,0,0,3,0,0,0,28,0,0,33,0,0,0,0,17,0,0,44,0,0,77,4,0,50,0,0,0,0,0,7,0,0,31,0,0,0,0,0,0,0,0,0,0,,0,0,0,0,0,,0,0,0,0,0,0,0,0,0,0,0,0,0,0,0,0,0,0,0,0,,,0,0,0,,0,0,0,0,0,,4,0,0,0,39,0,0,18,0,0,0,0
B,Fimbriiglobus_sp,0,0,0,0,0,0,0,0,0,0,0,0,0,0,0,0,0,0,0,0,0,0,0,0,0,0,0,0,0,0,0,0,0,0,0,47,0,0,0,0,0,0,0,0,0,0,0,0,0,0,0,,0,0,0,0,0,,0,0,0,0,0,0,0,0,0,0,0,0,0,0,0,0,0,0,0,0,,,0,0,0,,0,0,0,0,0,,0,0,0,0,0,0,0,0,0,0,0,34
B,Fimbriiglobus_sp454,14,0,0,0,0,0,0,0,0,0,0,0,0,0,0,0,0,0,0,0,0,0,0,0,0,0,0,0,0,0,0,0,0,0,0,0,0,0,0,0,0,0,0,0,0,0,0,0,0,0,0,,0,0,0,0,0,,0,0,0,0,0,0,0,0,0,0,0,0,0,0,0,0,0,0,0,0,,,0,0,0,,25,0,0,0,0,,0,0,0,0,0,0,0,0,0,0,0,0
B,Gemmata_sp,0,0,27,0,45,0,0,0,0,12,0,0,40,0,0,0,6,0,6,0,0,38,65,0,0,32,6,0,0,0,28,22,13,0,0,22,0,0,0,0,68,0,0,0,0,0,0,0,0,0,0,,0,0,0,0,0,,0,0,0,0,0,0,0,0,0,0,0,0,0,0,0,0,0,0,0,0,,,0,0,0,,0,0,0,0,0,,22,0,0,0,43,0,51,0,19,0,0,0
B,Gemmata_sp455,0,0,0,0,0,0,0,0,0,0,0,0,0,0,0,0,0,0,0,0,0,0,0,0,0,0,0,0,81,0,0,0,0,0,0,0,0,0,0,0,0,0,0,0,0,0,0,0,0,0,0,,0,0,0,0,0,,0,0,0,0,0,0,0,0,0,0,0,0,0,0,0,0,0,0,0,0,,,0,0,0,,0,0,0,0,0,,0,0,0,0,6,0,0,0,0,0,0,0
B,Gemmata_sp456,0,16,44,0,0,0,0,0,0,0,0,0,0,0,0,0,0,0,0,0,0,0,0,0,0,0,0,0,0,0,39,0,0,0,0,0,0,0,0,0,0,0,0,0,0,0,0,0,0,0,0,,0,0,0,0,0,,0,0,0,0,0,0,0,0,0,0,0,0,0,0,0,0,0,0,0,0,,,0,0,0,,0,0,0,0,0,,0,0,0,0,0,0,0,0,0,0,0,0
B,Gemmata_sp457,47,0,0,0,0,0,0,49,39,0,47,42,0,51,6,33,0,0,0,64,43,2,2,37,0,0,0,40,0,0,0,0,0,26,0,0,0,0,0,64,0,0,0,0,0,0,0,0,0,0,0,,0,0,0,0,0,,0,0,0,0,0,0,0,0,0,0,0,0,0,0,0,0,0,0,0,0,,,0,0,0,,0,0,0,0,0,,0,29,58,38,0,38,0,42,0,59,0,0
B,Gemmata_sp458,0,39,0,0,0,0,0,57,18,0,0,0,0,34,0,0,0,0,61,4,38,0,0,0,0,0,66,0,0,29,40,0,0,0,8,0,0,40,0,47,0,0,0,0,0,0,0,0,0,0,0,,0,0,0,0,0,,0,0,0,0,0,0,0,0,0,0,0,0,0,0,0,0,0,0,0,0,,,0,0,0,,0,0,0,0,0,,0,0,0,43,0,35,0,0,52,0,0,23
B,Gemmata_sp459,0,0,0,0,0,0,0,0,0,0,0,0,0,0,0,32,39,0,0,0,0,0,0,51,0,0,0,0,0,0,0,0,0,0,20,0,0,0,0,0,0,0,0,0,0,0,0,0,0,0,0,,0,0,0,0,0,,0,0,0,0,0,0,0,0,0,0,0,0,0,0,0,0,0,0,0,0,,,0,0,0,,0,0,0,0,0,,32,0,0,0,0,0,0,0,41,0,56,0
B,Gemmata_sp460,0,0,0,0,0,0,0,0,0,0,0,0,0,0,0,0,0,0,0,0,0,18,0,0,0,0,0,0,0,0,0,0,0,0,0,0,0,0,0,0,0,0,0,0,0,0,0,0,0,0,0,,0,0,0,0,0,,0,0,0,0,0,0,0,0,0,0,0,0,0,0,0,0,0,0,0,0,,,0,0,0,,0,0,0,0,0,,0,0,0,0,0,0,0,0,0,0,0,0
B,Unid_Gemmataceae461,0,16,0,27,0,0,7,0,16,0,0,59,0,0,24,0,25,0,15,50,0,1,0,0,0,16,0,0,0,0,27,0,7,24,0,0,0,0,0,0,0,0,0,0,0,0,0,0,0,0,0,,0,0,0,0,0,,0,0,0,0,0,0,0,0,0,0,0,0,0,0,0,0,0,0,0,0,,,0,0,0,,206,0,0,0,0,,0,50,0,0,11,0,0,18,0,35,9,0
B,Unid_Gemmataceae462,5,26,11,7,53,0,47,22,18,53,54,3,41,0,18,69,53,6,36,7,20,77,20,0,18,29,25,25,29,4,9,24,5,21,87,52,0,80,46,46,24,114,0,0,0,0,0,0,0,0,0,,0,0,0,0,0,,0,0,0,0,0,0,0,0,0,0,0,0,0,0,0,0,0,0,0,0,,,0,0,0,,94,0,0,0,0,,25,8,42,13,8,25,25,47,51,69,106,32
B,Unid_Gemmataceae463,0,0,0,0,0,0,0,0,0,0,0,0,0,0,0,0,0,0,0,0,0,0,0,0,0,0,0,0,0,0,0,0,0,0,0,0,0,0,0,0,0,0,0,0,0,0,0,0,0,0,0,,0,0,0,0,0,,0,0,0,0,0,0,0,0,0,0,0,0,0,0,0,0,0,0,0,0,,,0,0,0,,47,0,0,0,0,,0,0,0,0,0,0,0,0,0,0,0,0
B,Unid_Gemmataceae464,32,0,0,0,0,0,0,36,0,0,32,0,0,57,0,0,0,27,0,22,39,1,0,0,0,0,0,0,49,0,0,25,0,0,36,52,0,0,0,23,0,0,0,0,0,0,0,0,0,0,0,,0,0,0,0,0,,0,0,0,0,0,0,0,0,0,0,0,0,0,0,0,0,0,0,0,0,,,0,0,0,,0,0,0,0,0,,38,0,0,35,44,34,0,0,0,0,0,53
B,Unid_Gemmataceae465,0,0,0,0,0,0,0,0,0,0,0,0,0,0,0,0,0,0,0,0,0,0,0,0,0,0,0,0,0,37,0,0,0,0,0,0,0,0,0,0,0,0,0,0,0,0,0,0,0,0,0,,0,0,0,0,0,,0,0,0,0,0,0,0,0,0,0,0,0,0,0,0,0,0,0,0,0,,,0,0,0,,0,0,0,0,0,,0,31,0,0,0,0,0,0,0,0,0,0
B,Zavarzinella_sp,0,0,23,0,15,0,30,0,0,0,0,0,0,39,0,0,0,0,0,30,0,0,0,0,36,0,0,26,0,0,26,0,0,0,0,31,0,0,0,0,0,0,0,0,0,0,0,0,0,0,0,,0,0,0,0,0,,0,0,0,0,0,0,0,0,0,0,0,0,0,0,0,0,0,0,0,0,,,0,0,0,,0,0,0,0,0,,0,0,0,27,0,11,0,0,0,23,0,0
B,Zavarzinella_formosa,0,0,0,0,0,0,0,0,0,0,0,0,0,0,0,0,0,0,0,0,0,0,0,0,0,0,0,0,0,0,0,0,0,0,0,0,0,0,0,0,0,0,0,0,0,0,0,0,0,0,0,,0,0,0,0,0,,0,0,0,0,0,0,0,0,0,0,0,0,0,0,0,0,0,0,0,10,,,0,0,0,,0,0,0,0,0,,0,0,0,0,0,0,0,0,0,0,0,0
B,Unid_Isosphaeraceae,0,0,0,0,0,0,0,0,0,0,0,0,0,0,0,0,0,0,0,0,0,0,0,0,0,0,0,0,0,0,0,0,0,0,0,0,0,0,0,0,0,0,0,0,0,0,0,0,0,0,0,,0,0,0,0,0,,0,0,0,0,0,0,0,0,0,0,0,0,0,0,0,0,0,0,0,0,,,0,0,0,,74,0,0,0,0,,0,0,0,0,0,0,0,0,0,0,0,0
B,Candidatus_Nostocoida_sp,0,0,0,0,0,0,0,0,0,0,0,0,0,0,0,0,0,0,0,0,0,0,0,0,0,0,0,0,0,0,0,0,0,0,0,0,0,0,0,0,0,0,0,0,0,0,0,0,0,0,0,,0,0,0,0,0,,0,0,0,0,0,0,0,0,0,0,0,0,0,0,0,0,0,0,0,0,,,0,0,0,,46,0,0,0,0,,0,0,0,0,0,0,0,0,0,0,0,0
B,Singulisphaera_sp,0,0,0,0,0,0,0,0,0,0,0,0,0,0,0,0,0,0,0,0,0,0,0,0,0,0,3,0,0,0,0,0,0,0,0,0,0,0,0,0,0,0,0,0,0,0,0,0,0,0,0,,0,0,0,0,0,,0,0,0,0,0,0,0,0,0,0,0,0,0,0,0,0,0,0,0,0,,,0,0,0,,0,0,0,0,0,,0,0,0,0,0,0,0,0,0,0,0,0
B,Unid_Isosphaeraceae466,0,0,0,0,0,0,0,1,0,0,0,0,0,0,0,0,0,0,0,0,0,0,0,0,0,0,0,0,0,0,0,0,0,0,0,0,0,0,0,0,0,0,0,0,0,0,0,0,0,0,0,,0,0,0,0,0,,0,0,0,0,0,0,0,0,0,0,0,0,0,0,0,0,0,0,0,0,,,0,0,0,,0,0,0,0,0,,0,0,0,0,0,0,0,0,0,0,0,0
B,Unid_Isosphaeraceae467,0,11,0,0,0,0,0,0,0,0,0,0,0,0,0,0,0,0,0,0,0,0,0,0,0,0,0,0,0,0,0,0,0,0,0,0,0,0,0,0,0,0,0,0,0,0,0,0,0,0,0,,0,0,0,0,0,,0,0,0,0,0,0,0,0,0,0,0,0,0,0,0,0,0,0,0,0,,,0,0,0,,0,0,0,0,0,,0,0,0,0,0,0,0,0,0,0,0,0
B,Unid_Pirellulaceae,0,1,0,0,0,0,0,0,0,0,0,0,0,9,0,0,0,0,0,0,0,0,0,0,0,0,0,0,14,0,0,0,0,0,0,0,0,0,0,0,0,0,0,0,0,0,0,0,0,0,0,,0,0,0,0,0,,0,0,0,0,0,0,0,0,0,0,0,0,0,0,0,0,0,0,0,0,,,0,0,0,,1,0,0,0,0,,0,1,0,0,0,0,2,0,0,0,0,0
B,Blastopirellula_sp,0,0,0,0,2,0,0,0,9,0,0,0,0,0,0,0,0,0,0,0,4,0,0,0,0,0,0,13,0,0,3,0,0,0,0,0,0,0,0,0,9,0,0,0,0,0,0,0,0,0,0,,0,0,0,0,0,,0,0,0,0,0,0,0,0,0,0,0,0,0,0,0,0,0,0,0,0,,,0,0,0,,0,0,0,0,0,,0,0,11,0,0,0,0,0,0,0,0,0
B,Blastopirellula_sp468,0,0,0,0,0,0,22,0,0,8,0,9,0,0,0,0,0,0,0,0,0,0,0,0,0,0,1,0,0,0,0,0,0,0,0,0,0,0,0,5,0,0,0,0,0,0,0,0,0,0,0,,0,0,0,0,0,,0,0,0,0,0,0,0,0,0,0,0,0,0,0,0,0,0,0,0,0,,,0,0,0,,0,0,0,0,0,,0,0,0,0,9,0,0,0,0,0,0,0
B,Unid_Pirellulaceae469,0,0,0,0,0,0,0,2,0,0,5,0,6,19,0,0,0,0,1,0,0,0,0,0,0,0,0,0,0,0,0,0,0,0,0,0,0,0,0,0,0,0,0,0,0,0,0,0,0,0,0,,0,0,0,0,0,,0,0,0,0,0,0,0,0,0,0,0,0,0,0,0,0,0,0,0,0,,,0,0,0,,0,0,0,0,0,,0,0,0,0,5,0,3,0,0,0,0,0
B,Unid_Pirellulaceae470,0,0,0,0,0,0,0,0,0,0,0,0,0,0,0,0,0,0,0,0,0,0,0,0,0,0,0,0,0,0,0,0,9,0,0,0,0,0,0,0,0,0,0,0,0,0,0,0,0,0,0,,0,0,0,0,0,,0,0,0,0,0,0,0,0,0,0,0,0,0,0,0,0,0,0,0,0,,,0,0,0,,0,0,0,0,0,,0,0,0,0,0,0,0,0,0,0,0,0
B,Unid_Pirellulaceae471,0,0,0,0,0,0,0,0,0,0,0,0,0,0,0,0,0,0,0,0,0,0,0,0,0,0,0,0,0,0,0,0,0,0,0,0,0,0,0,0,0,0,0,0,0,0,0,0,0,0,0,,0,0,0,0,0,,0,0,0,0,0,0,0,0,0,0,0,0,0,0,0,0,0,0,0,0,,,0,0,0,,0,0,0,0,0,,2,0,0,0,0,0,0,0,0,0,0,0
B,Unid_Pirellulaceae472,0,0,13,0,0,0,57,0,0,0,0,0,0,0,0,0,0,0,44,0,0,0,0,0,50,0,0,0,0,0,0,0,0,0,0,0,0,0,0,0,0,0,0,0,0,0,0,0,0,0,0,,0,0,0,0,0,,0,0,0,0,0,0,0,0,0,0,0,0,0,0,0,0,0,0,0,0,,,0,0,0,,0,0,0,0,0,,0,0,0,0,0,0,0,0,0,0,0,0
B,Unid_Pirellulaceae473,52,0,73,0,61,0,0,0,69,0,0,0,0,0,0,0,0,0,0,37,34,0,32,0,0,0,0,80,0,0,72,0,72,34,0,0,0,19,0,59,61,2,0,0,0,0,0,0,0,0,0,,0,0,0,0,0,,0,0,0,0,0,0,0,0,0,0,0,0,0,0,0,0,0,0,0,0,,,0,0,0,,0,0,0,0,0,,0,1,0,0,0,0,0,0,73,15,35,0
B,Unid_Pirellulaceae474,0,0,0,0,0,0,0,0,0,0,0,0,0,0,0,0,0,0,0,0,0,0,8,0,0,0,0,0,0,10,0,0,0,4,0,0,0,0,0,0,0,0,0,0,0,0,0,0,0,0,0,,0,0,0,0,0,,0,0,0,0,0,0,0,0,0,0,0,0,0,0,0,0,0,0,0,0,,,0,0,0,,0,0,0,0,0,,0,0,0,0,0,0,0,0,0,0,0,0
B,Pirellula_sp,28,40,38,27,0,0,40,50,55,30,0,0,22,111,31,0,0,0,0,100,43,26,19,47,32,38,22,37,58,34,33,34,48,0,18,22,0,33,30,40,21,39,0,0,0,0,0,0,0,0,0,,0,0,0,0,0,,0,0,0,0,0,0,0,0,0,0,0,0,0,0,0,0,0,0,0,0,,,0,0,0,,32,0,0,0,0,,89,53,14,105,72,8,36,74,63,6,33,59
B,Pirellula_sp475,0,0,0,0,0,0,0,0,0,0,0,0,0,0,0,0,0,0,0,0,0,0,0,11,0,0,0,0,0,0,0,0,0,0,0,0,0,0,9,0,0,11,0,0,0,0,0,0,0,0,0,,0,0,0,0,0,,0,0,0,0,0,0,0,0,0,0,0,0,0,0,0,0,0,0,0,0,,,0,0,0,,0,0,0,0,0,,0,0,0,0,0,0,13,0,0,0,0,0
B,Pirellula_sp476,24,35,2,25,33,26,28,37,33,24,32,28,46,51,10,0,32,0,4,33,44,43,38,40,0,16,0,27,28,29,7,21,13,0,32,0,20,29,23,64,19,0,0,0,0,0,0,0,0,0,0,,0,0,0,0,0,,0,0,0,0,0,0,0,0,0,0,0,0,0,0,0,0,0,0,0,0,,,0,0,0,,0,0,0,0,0,,34,0,23,30,16,0,1,46,52,39,31,0
B,Pirellula_sp477,0,0,0,0,59,51,0,0,0,75,67,56,65,51,41,0,77,0,0,0,66,50,84,79,0,0,0,48,0,69,0,7,0,0,79,61,0,0,67,91,0,0,0,0,0,0,0,0,0,0,0,,0,0,0,0,0,,0,0,0,0,0,0,0,0,0,0,0,0,0,0,0,0,0,0,0,0,,,0,0,0,,0,0,0,0,0,,0,0,0,0,0,56,0,0,9,103,47,0
B,Pirellula_sp478,0,0,0,0,0,0,0,0,0,0,0,0,0,0,0,0,0,0,0,0,0,0,0,0,0,0,0,0,0,0,0,0,0,0,0,0,28,0,0,0,0,0,0,0,0,0,0,0,0,0,0,,0,0,0,0,0,,0,0,0,0,0,0,0,0,0,0,0,0,0,0,0,0,0,0,0,0,,,0,0,0,,0,0,0,0,0,,0,0,0,0,0,49,0,0,0,0,0,20
B,Pirellula_sp479,7,13,25,0,0,0,0,0,0,0,0,0,0,0,0,0,0,0,0,0,0,23,0,0,0,0,18,0,0,0,0,0,0,0,0,0,0,0,0,0,0,0,0,0,0,0,0,0,0,0,0,,0,0,0,0,0,,0,0,0,0,0,0,0,0,0,0,0,0,0,0,0,0,0,0,0,0,,,0,84,0,,0,0,0,0,0,,0,0,0,0,16,0,0,0,0,0,0,0
B,Pirellula_sp480,42,0,37,0,0,0,52,0,0,0,0,0,0,0,0,0,0,40,55,0,0,26,0,0,0,0,0,0,0,0,0,0,0,0,0,0,0,0,0,0,0,0,0,0,0,0,0,0,0,0,0,,0,0,0,0,0,,0,0,0,0,0,0,0,0,0,0,0,0,0,0,0,0,0,0,0,0,,,0,0,0,,0,0,0,0,0,,0,0,71,0,0,0,0,0,0,0,0,0
B,Rhodopirellula_sp,0,0,0,0,0,0,0,0,0,0,0,0,0,0,0,0,0,0,0,0,0,0,0,0,0,0,0,0,0,0,0,0,0,0,0,0,0,0,0,0,0,0,0,0,0,0,0,0,0,0,0,,0,0,0,0,0,,0,0,0,0,0,0,0,0,0,0,0,0,0,0,0,0,0,0,0,0,,,0,0,0,,0,0,0,0,6,,0,0,0,0,0,0,0,0,14,0,3,0
B,Rhodopirellula_sp481,0,0,0,0,0,0,0,0,0,0,0,0,0,0,0,0,0,16,0,0,0,0,0,0,0,0,0,0,0,0,0,0,0,0,0,0,0,0,0,0,0,0,0,0,0,0,0,0,0,0,0,,0,0,0,0,0,,0,0,0,0,0,0,0,0,0,0,0,0,0,0,0,0,0,0,0,0,,,0,0,0,,0,0,0,0,0,,0,0,0,0,0,0,0,0,0,0,0,0
B,Unid_Pirellulaceae482,0,0,0,0,0,0,0,0,0,0,0,0,0,0,0,0,0,0,0,0,0,9,0,0,0,0,0,0,0,0,0,31,0,0,0,0,0,0,0,0,0,0,0,0,0,0,0,0,0,0,0,,0,0,0,0,0,,0,0,0,0,0,0,0,0,0,0,0,0,0,0,0,0,0,0,0,0,,,0,0,0,,33,0,0,0,0,,0,3,0,2,2,1,32,7,0,0,0,0
B,Unid_Pirellulaceae483,0,0,0,0,0,0,0,0,0,0,0,0,0,0,0,0,0,0,0,17,0,19,0,0,0,0,0,0,0,0,0,0,0,0,0,0,0,0,0,0,0,0,0,0,0,0,0,0,0,0,0,,0,0,0,0,0,,0,0,0,0,0,0,0,0,0,0,0,0,0,0,0,0,0,0,0,0,,,0,0,0,,0,0,0,0,0,,0,3,0,0,0,0,0,0,0,0,0,0
B,Unid_Pirellulaceae484,40,5,57,20,27,3,43,2,38,0,6,27,26,24,34,0,0,0,54,0,2,21,25,0,31,23,51,44,55,0,32,0,52,31,19,36,0,29,0,40,35,1,0,0,0,0,0,0,0,0,0,,0,0,0,0,0,,0,0,0,0,0,0,0,0,0,0,0,0,0,0,0,0,0,0,0,3,,,0,0,0,,0,0,0,0,0,,20,39,42,0,5,33,56,17,0,0,0,0
B,Unid_Pirellulaceae485,0,0,0,0,0,11,0,0,0,0,0,0,11,0,0,11,0,0,0,0,0,0,0,0,0,0,0,0,0,0,0,0,0,0,0,0,0,0,15,38,0,13,0,0,0,0,0,0,0,0,0,,0,0,0,0,0,,0,0,0,0,0,0,0,0,0,0,0,0,0,0,0,0,0,0,0,0,,,0,0,0,,0,0,0,0,0,,0,0,14,0,0,30,0,12,16,0,0,19
B,Unid_Rubinisphaeraceae,0,0,0,0,0,0,0,0,0,0,0,0,0,0,0,0,0,0,0,0,0,0,0,0,0,0,0,0,0,0,0,0,0,0,0,0,0,0,0,0,0,0,0,0,0,0,0,0,0,0,0,,0,0,0,0,0,,0,0,0,0,0,0,0,0,0,0,0,0,0,0,0,0,0,0,0,0,,,0,0,0,,0,0,0,0,0,,0,0,4,0,0,0,0,0,0,0,0,0
B,Planctomicrobium_sp,12,0,0,0,0,0,0,5,0,0,0,0,0,0,0,0,0,0,0,0,0,0,0,0,0,0,0,0,0,7,6,0,0,3,0,0,0,0,0,0,0,0,0,0,0,0,0,0,0,0,0,,0,0,0,0,0,,0,0,0,0,0,0,0,0,0,0,0,0,0,0,0,0,0,0,0,0,,,0,0,0,,0,0,0,0,0,,0,2,0,0,0,0,0,0,0,0,0,0
B,Unid_Rubinisphaeraceae486,0,0,0,0,0,0,0,0,2,0,0,0,0,0,0,0,0,0,0,0,0,0,0,0,0,0,0,0,0,0,0,0,0,0,0,0,0,0,0,0,0,0,0,0,0,0,0,0,0,0,0,,0,0,0,0,0,,0,0,0,0,0,0,0,0,0,0,0,0,0,0,0,0,0,0,0,0,,,0,0,0,,0,0,0,0,0,,0,0,0,0,0,0,0,0,0,0,0,0
B,Unid_Rubinisphaeraceae487,0,0,0,0,0,0,0,0,0,0,0,0,0,0,0,0,0,0,0,0,0,0,0,0,0,0,0,0,0,0,0,0,0,0,0,0,0,0,0,0,10,0,0,0,0,0,0,0,0,0,0,,0,0,0,0,0,,0,0,0,0,0,0,0,0,0,0,0,0,0,0,0,0,0,0,0,0,,,0,0,0,,0,0,0,0,0,,0,0,0,0,0,0,0,0,0,0,0,0
B,Unid_Rubinisphaeraceae488,0,0,0,0,7,0,0,0,0,0,0,0,0,0,0,0,0,0,0,0,0,0,0,0,0,0,0,0,0,0,0,0,0,0,0,0,0,0,0,0,0,0,0,0,0,0,0,0,0,0,0,,0,0,0,0,0,,0,0,0,0,0,0,0,0,0,0,0,0,0,0,0,0,0,0,0,0,,,0,0,0,,0,0,0,0,0,,0,0,0,0,0,0,0,0,0,0,0,0
B,Unid_Rubinisphaeraceae489,0,0,0,0,0,0,0,0,0,0,0,0,0,41,0,28,0,0,0,0,0,0,0,0,0,0,0,0,0,0,0,0,0,8,0,0,0,0,0,0,0,0,0,0,0,0,0,0,0,0,0,,0,0,0,0,0,,0,0,0,0,0,0,0,0,0,0,0,0,0,0,0,0,0,0,0,0,,,0,0,0,,0,0,0,0,0,,0,0,0,0,0,0,0,0,0,0,0,0
B,Unid_Schlesneriaceae,0,0,0,0,0,0,0,0,0,0,0,0,0,0,0,0,0,0,0,0,0,0,0,0,0,0,0,0,0,5,0,0,0,0,0,0,0,0,0,0,0,0,0,0,0,0,0,0,0,0,0,,0,0,0,0,0,,0,0,0,0,0,0,0,0,0,0,0,0,0,0,0,0,0,0,0,0,,,0,0,0,,0,0,0,0,0,,0,0,0,0,0,0,0,0,0,0,0,0
B,Planctopirus_sp,0,5,0,0,0,0,0,0,0,0,0,0,0,0,0,0,0,0,0,0,0,0,0,5,0,0,0,0,0,0,0,0,0,0,0,0,0,0,0,0,0,0,0,0,0,0,0,0,0,0,0,,0,0,0,0,0,,0,0,0,0,0,0,0,0,0,0,0,0,0,0,0,0,0,0,0,0,,,0,0,0,,0,0,0,0,0,,0,0,11,0,0,0,0,0,0,0,0,0
B,Planctopirus_sp490,0,0,0,0,0,0,0,0,0,0,0,0,0,0,0,0,0,0,0,0,0,0,6,0,0,0,0,0,0,0,0,0,0,0,0,0,0,0,0,0,0,0,0,0,0,0,0,0,0,0,0,,0,0,0,0,0,,0,0,0,0,0,0,0,0,0,0,0,0,0,0,0,0,0,0,0,0,,,0,0,0,,0,0,0,0,0,,0,0,0,0,0,0,0,0,0,0,0,0
B,Unid_Planctomycetales,11,0,40,0,0,0,20,0,0,0,20,0,24,18,0,0,0,0,0,14,0,16,12,14,0,0,6,0,19,37,0,21,0,3,14,15,28,6,0,22,2,49,0,0,0,0,0,0,0,0,0,,0,0,0,0,0,,0,0,0,0,0,0,0,0,0,0,0,0,0,0,0,0,0,0,0,0,,,0,0,0,,0,0,0,0,0,,0,0,0,0,15,0,0,0,31,3,0,75
B,agricultural_soil,0,0,0,0,0,0,0,0,0,0,0,0,0,0,0,0,0,0,0,0,0,0,0,0,0,0,0,0,0,0,0,0,0,0,0,0,0,0,0,0,0,0,0,0,0,0,0,0,0,0,0,,0,0,0,0,0,,0,0,0,0,0,0,0,0,0,0,0,0,0,0,0,0,0,0,0,0,,,0,0,0,,39,0,0,0,0,,0,0,0,0,0,0,0,0,0,0,0,0
B,Unid_Planctomycetales491,0,6,0,15,0,8,8,28,24,0,0,16,1,11,17,0,0,0,45,0,0,41,30,4,11,0,52,9,40,1,23,8,0,0,6,0,1,1,17,35,22,27,0,0,0,0,0,0,0,0,0,,0,0,0,0,0,,0,0,0,0,0,0,0,0,0,0,0,0,0,0,0,0,0,0,0,0,,,0,0,0,,0,0,0,0,0,,0,0,17,0,0,5,24,30,7,9,12,7
B,Unid_Planctomycetales492,0,40,17,5,0,30,0,72,41,0,43,38,28,0,0,0,0,0,0,37,0,67,33,9,1,0,63,52,16,0,47,28,38,0,0,0,0,24,0,16,33,0,0,0,0,0,0,0,0,0,0,,0,0,0,0,0,,0,0,0,0,0,0,0,0,0,0,0,0,0,0,0,0,0,0,0,0,,,0,0,0,,0,0,0,0,0,,0,48,59,37,17,42,43,11,8,53,49,0
B,Unid_Planctomycetales493,0,0,0,0,0,0,0,0,15,0,0,0,0,0,0,0,0,0,0,0,0,0,0,0,0,0,0,0,0,0,0,0,0,0,0,0,0,0,0,2,20,0,0,0,0,0,0,0,0,0,0,,0,0,0,0,0,,0,0,0,0,0,0,0,0,0,0,0,0,0,0,0,0,0,0,0,0,,,0,0,0,,0,0,0,0,0,,0,0,0,0,30,0,0,0,36,10,10,0
B,Unid_Planctomycetota494,0,0,0,0,0,0,0,0,0,0,0,0,0,0,0,0,0,0,0,0,0,0,0,0,0,0,7,0,0,0,0,0,0,0,0,0,0,0,0,0,0,0,0,0,0,0,0,0,0,0,0,,0,0,0,0,0,,0,0,0,0,0,0,0,0,0,0,0,0,0,0,0,0,0,0,0,0,,,0,0,0,,0,0,0,0,0,,0,0,0,0,0,0,0,0,0,0,0,0
B,Unid_Planctomycetota495,0,0,0,0,0,0,0,0,5,0,0,0,0,0,0,0,0,0,0,0,0,0,0,0,0,0,0,0,0,0,0,0,0,0,0,0,0,0,0,0,0,0,0,0,0,0,0,0,0,0,0,,0,0,0,0,0,,0,0,0,0,0,0,0,0,0,0,0,0,0,0,0,0,0,0,0,0,,,0,0,0,,0,0,0,0,0,,0,0,0,0,0,0,0,0,0,0,0,0
B,Unid_Planctomycetota496,0,0,0,0,14,0,0,0,15,0,0,0,0,0,0,0,0,0,0,0,0,25,0,0,0,0,0,0,0,15,10,0,0,0,12,0,1,0,0,0,0,0,0,0,0,0,0,0,0,0,0,,0,0,0,0,0,,0,0,0,0,0,0,0,0,0,0,0,0,0,0,0,0,0,0,0,0,,,0,0,0,,0,0,0,0,0,,0,10,0,0,0,0,0,0,0,0,0,0
B,Unid_Planctomycetota497,0,0,0,0,9,0,0,0,0,0,0,0,0,0,0,0,0,0,0,0,0,0,0,0,0,0,0,0,0,0,0,0,0,0,0,0,0,0,0,0,0,0,0,0,0,0,0,0,0,0,0,,0,0,0,0,0,,0,0,0,0,0,0,0,0,0,0,0,0,0,0,0,0,0,0,0,0,,,0,0,0,,0,0,0,0,0,,0,0,0,0,0,0,0,0,0,0,0,0
B,Unid_Planctomycetota498,0,0,0,0,0,0,0,0,0,0,0,0,0,0,0,0,0,0,0,0,0,0,0,0,0,0,0,0,0,0,0,0,0,0,0,0,0,0,0,0,0,0,0,0,0,0,0,0,0,0,0,,0,0,0,0,0,,0,0,0,0,0,0,0,0,0,0,0,0,0,0,0,0,0,0,0,0,,,0,0,0,,0,0,0,0,0,,0,0,0,0,0,0,0,0,22,0,0,0
B,Acetobacter_sp,0,0,0,0,0,0,0,0,0,0,0,0,0,0,0,0,0,0,0,0,0,0,0,0,0,0,0,0,0,0,0,0,0,0,0,0,0,0,0,0,0,0,0,0,0,0,0,0,0,0,0,,19,0,0,0,0,,0,0,0,0,0,0,0,0,0,0,0,0,0,0,0,0,0,0,0,0,,,0,0,0,,0,0,0,0,0,,0,0,0,0,0,0,0,0,0,0,0,0
B,Roseomonas_sp,0,0,0,0,0,0,0,0,0,0,0,0,0,0,0,0,0,0,0,0,0,0,0,0,0,0,0,0,0,0,0,0,0,0,0,0,0,0,0,0,0,0,0,0,0,0,0,0,0,0,0,,0,0,0,0,0,,0,0,0,0,0,0,0,0,0,0,0,0,0,0,0,0,0,0,0,0,,,0,0,0,,0,0,0,0,0,,0,0,0,0,0,38,0,0,0,0,0,0
B,Unid_Acetobacteraceae,0,0,0,0,0,0,0,0,0,0,0,0,0,0,0,0,0,0,0,0,0,0,0,0,0,0,0,0,0,0,0,0,0,0,0,0,0,0,0,0,0,0,0,0,0,0,0,0,0,0,0,,0,0,0,0,0,,0,0,0,0,0,0,0,0,0,0,0,0,0,0,0,0,0,0,0,0,,,0,0,0,,45,0,0,0,0,,0,0,0,0,0,0,0,0,0,0,0,0
B,Unid_Azospirillaceae,0,0,0,0,0,0,0,0,0,0,0,0,0,0,0,0,0,0,0,0,0,0,0,0,0,0,0,0,0,0,0,0,0,0,0,0,0,0,0,0,0,0,0,0,0,0,0,0,0,0,0,,0,0,0,0,0,,0,0,0,0,0,0,0,0,0,0,0,0,0,0,0,0,0,0,0,0,,,0,0,0,,0,0,0,0,0,,0,0,0,0,0,0,0,0,9,0,0,0
B,Skermanella_sp,0,0,112,0,59,0,121,0,0,0,0,0,0,1,0,0,0,0,0,1,0,0,0,0,0,95,159,133,0,0,0,95,0,0,0,0,0,0,0,96,0,119,0,0,0,0,0,0,0,0,0,,0,0,0,0,0,,0,0,0,0,0,0,0,0,0,0,0,0,0,0,0,0,0,0,0,0,,,0,0,0,,0,0,0,0,0,,66,0,0,121,166,0,123,0,167,0,0,0
B,Unid_Azospirillales,0,50,45,81,0,112,83,137,70,68,55,54,102,72,0,0,71,0,74,89,0,153,101,0,0,0,75,104,84,0,145,0,130,0,77,85,0,107,142,81,74,0,0,0,0,0,0,0,0,0,0,,0,0,0,0,0,,0,0,0,0,0,0,0,0,0,0,0,0,0,0,0,0,0,0,0,0,,,0,0,0,,0,0,0,0,0,,0,72,57,76,0,0,0,72,0,0,106,65
B,Unid_Azospirillales499,0,0,0,0,90,0,0,0,0,0,0,0,0,0,45,0,0,0,0,0,125,0,0,135,0,0,0,0,0,125,0,0,0,0,0,0,0,0,0,0,0,0,0,0,0,0,0,0,0,0,0,,0,0,0,0,0,,0,0,0,0,0,0,0,0,0,0,0,0,0,0,0,0,0,0,0,0,,,0,0,0,,0,0,0,0,0,,0,0,0,0,0,0,0,0,0,83,0,0
B,Unid_Azospirillales500,0,0,0,0,0,0,0,0,0,0,0,0,0,0,0,0,0,0,0,0,0,0,0,0,0,0,0,0,0,0,0,0,0,0,0,0,0,0,0,0,0,0,0,0,0,0,0,0,0,0,0,,0,0,0,0,0,,0,0,0,0,0,0,0,0,0,0,0,0,0,0,0,0,0,0,0,0,,,0,0,0,,0,0,0,0,0,,0,0,0,0,1,0,0,0,0,0,0,0
B,Caulobacter_mirabilis,0,1,0,0,0,0,0,0,0,0,0,0,0,0,0,0,0,0,0,0,0,0,0,0,0,0,0,0,0,0,0,0,0,0,0,0,0,0,0,0,0,0,0,0,0,0,0,0,0,0,0,,0,0,0,0,0,,0,0,0,0,0,0,0,0,0,0,0,0,0,0,0,0,0,0,0,0,,,0,0,0,,0,0,0,0,0,,0,0,0,0,0,0,0,0,0,0,0,0
B,Phenylobacterium_sp,0,0,69,0,0,0,81,0,62,15,0,0,29,0,0,0,0,0,0,0,0,0,0,0,0,0,65,0,0,0,0,56,74,0,0,0,49,54,0,0,0,53,0,0,0,0,0,0,0,0,0,,0,0,0,0,0,,0,0,0,0,0,0,0,0,0,0,0,0,0,0,0,0,0,0,0,39,,,0,0,0,,0,0,0,0,0,,0,61,42,0,52,0,74,0,0,0,0,0
B,Phenylobacterium_muchangponense,0,0,0,0,0,0,0,0,0,0,0,0,0,0,0,0,0,0,0,0,0,0,0,0,0,0,0,0,0,0,0,0,0,0,0,51,0,0,45,0,0,0,0,0,0,0,0,0,0,0,0,,0,0,0,0,0,,0,0,0,0,0,0,0,0,0,0,0,0,0,0,0,0,0,0,0,0,,,0,0,0,,0,0,0,0,0,,0,0,0,25,0,0,0,0,0,0,0,0
B,Hirschia_sp,0,0,0,0,0,0,0,0,0,0,0,0,0,1,0,0,0,0,0,0,0,0,0,0,0,0,0,0,0,0,0,0,0,0,0,0,0,0,0,0,0,0,0,0,0,0,0,0,0,0,0,,0,0,0,0,0,,0,0,0,0,0,0,0,0,0,0,0,0,0,0,0,0,0,0,0,0,,,0,0,0,,0,0,0,0,0,,0,0,0,0,0,0,0,0,0,0,27,0
B,alpha_proteobacterium,0,0,43,0,0,0,0,0,0,0,0,0,0,0,0,0,0,0,0,0,0,0,0,0,0,0,0,0,0,0,0,0,0,0,0,0,0,0,0,0,0,0,0,0,0,0,0,0,0,0,0,,0,0,0,0,0,,0,0,0,0,0,0,0,0,0,0,0,0,0,0,0,0,0,0,0,0,,,0,0,0,,0,0,0,0,0,,0,0,0,0,0,0,0,0,0,0,0,0
B,Unid_Hyphomonadaceae,31,63,0,102,79,61,58,48,38,74,63,93,64,52,48,84,89,38,25,76,56,56,89,47,0,0,38,61,40,82,0,38,51,33,64,61,0,65,62,110,71,88,0,0,0,0,0,0,0,0,0,,0,0,0,0,0,,0,0,0,0,0,0,0,0,0,0,0,0,0,0,0,0,0,0,0,0,,,0,0,0,,0,0,0,0,0,,65,54,116,98,81,89,33,56,48,88,77,57
B,Defluviicoccus_sp,0,0,0,0,0,0,0,0,0,0,0,0,0,0,0,0,0,0,0,0,0,0,0,0,0,0,0,0,0,5,0,0,0,0,0,0,0,0,0,0,0,0,0,0,0,0,0,0,0,0,0,,0,0,0,0,0,,0,0,0,0,0,0,0,0,0,0,0,0,0,0,0,0,0,0,0,0,,,0,0,0,,0,0,0,0,0,,0,0,0,0,0,0,0,0,0,0,0,0
B,Dongia_sp,66,95,53,0,85,63,99,0,146,59,91,63,86,92,74,100,106,43,92,57,67,58,126,106,0,72,68,74,78,66,57,86,80,29,62,66,42,65,98,119,88,102,0,0,0,0,0,0,0,0,0,,0,0,0,0,0,,0,0,0,0,0,0,0,0,0,0,0,0,0,0,0,0,0,0,0,68,,,0,0,0,,0,0,0,0,0,,0,77,98,62,113,107,93,135,86,84,148,91
B,Dongia_sp501,0,0,0,0,0,0,0,0,0,0,0,0,0,0,0,0,0,0,0,0,0,0,0,0,94,0,0,0,0,0,0,0,0,0,0,0,0,0,0,0,0,0,0,0,0,0,0,0,0,0,0,,0,0,0,0,0,,0,0,0,0,0,0,0,0,0,0,0,0,0,0,0,0,0,0,0,0,,,0,0,0,,0,0,0,0,0,,0,0,0,0,0,0,0,0,0,0,0,0
B,Ferrovibrio_sp,0,0,0,0,0,0,0,0,38,0,0,0,0,0,0,0,0,0,0,0,0,0,0,0,0,0,0,0,0,0,0,0,0,0,0,0,0,0,0,0,0,0,0,0,0,0,0,0,0,0,0,,0,0,0,0,0,,0,0,0,0,0,0,0,0,0,0,0,0,0,0,0,0,0,0,0,39,,,0,0,0,,0,0,0,0,0,,0,0,0,0,0,0,0,0,0,0,0,0
B,Micavibrio_aeruginosavorus,0,0,0,0,0,0,0,0,0,0,0,0,0,0,0,0,0,0,0,6,0,0,0,0,0,0,0,0,0,0,0,0,0,0,0,0,0,0,0,0,0,0,0,0,0,0,0,0,0,0,0,,0,0,0,0,0,,0,0,0,0,0,0,0,0,0,0,0,0,0,0,0,0,0,0,0,0,,,0,0,0,,0,0,0,0,0,,0,0,0,0,0,0,0,0,0,0,0,0
B,Unid_Micavibrionaceae,0,0,0,0,0,0,0,0,0,0,0,0,0,0,0,0,0,0,0,0,0,0,0,0,0,0,0,0,0,0,0,0,0,0,0,0,0,0,0,0,0,0,0,0,0,0,0,0,0,0,0,,0,0,0,0,0,,0,0,0,0,0,0,0,0,0,0,0,0,0,0,0,0,0,0,0,0,,,0,0,0,,0,0,0,0,0,,19,0,0,0,0,0,0,0,0,0,0,0
B,Unid_Micavibrionaceae502,0,0,18,0,0,0,24,0,24,0,0,0,0,0,0,0,0,0,0,0,0,0,0,0,0,0,0,0,0,0,0,0,12,0,0,0,37,0,0,0,0,0,0,0,0,0,0,0,0,0,0,,0,0,0,0,0,,0,0,0,0,0,0,0,0,0,0,0,0,0,0,0,0,0,0,0,0,,,0,0,0,,0,0,0,0,0,,0,0,0,0,0,0,29,0,0,0,0,0
B,Unid_Micavibrionales,0,0,17,0,0,0,0,0,0,0,0,0,0,0,0,0,0,0,0,0,0,0,11,0,0,0,0,0,0,0,0,0,0,0,0,0,6,24,0,11,0,25,0,0,0,0,0,0,0,0,0,,0,0,0,0,0,,0,0,0,0,0,0,0,0,0,0,0,0,0,0,0,0,0,0,0,0,,,0,0,0,,0,0,0,0,0,,0,0,0,0,0,0,0,0,0,19,0,8
B,Micropepsaceae_sp,0,0,0,0,0,0,0,0,0,0,0,0,0,0,0,0,0,0,0,0,0,0,0,0,0,0,0,0,0,0,0,0,0,0,0,0,0,0,0,0,0,0,0,0,0,0,0,0,0,0,0,,0,0,0,0,0,,0,0,0,0,0,0,0,0,0,0,0,0,0,0,0,0,0,0,0,0,,,0,0,0,,25,0,0,0,0,,0,0,0,0,0,0,0,0,0,0,0,0
B,Reyranella_sp,0,0,0,0,0,0,0,0,0,0,56,0,0,0,0,0,0,0,0,0,0,0,0,0,0,0,0,0,0,0,0,0,0,0,0,0,0,0,0,0,0,0,0,0,0,0,0,0,0,0,0,,0,0,0,0,0,,0,0,0,0,0,0,0,0,0,0,0,0,0,0,0,0,0,0,0,0,,,0,0,0,,0,0,0,0,0,,0,0,32,0,45,0,0,0,0,0,0,0
B,alpha_proteobacterium503,0,0,0,0,0,0,0,0,0,0,0,0,0,0,0,0,0,0,0,0,0,0,0,0,0,0,0,0,0,0,32,0,0,0,0,0,0,0,0,0,0,0,0,0,0,0,0,0,0,0,0,,0,0,0,0,0,,0,0,0,0,0,0,0,0,0,0,0,0,0,0,0,0,0,0,0,0,,,0,0,0,,0,0,0,0,0,,0,0,0,0,0,0,0,0,0,0,0,0
B,Reyranella_massiliensis,0,0,0,0,0,0,0,0,0,0,0,0,0,0,0,0,0,0,0,0,1,0,0,0,0,0,0,0,0,0,0,0,0,0,0,0,0,0,0,0,0,0,0,0,0,0,0,0,0,0,0,,0,0,0,0,0,,0,0,0,0,0,0,0,0,0,0,0,0,0,0,0,0,0,0,0,0,,,0,0,0,,0,0,0,0,0,,0,0,0,0,0,0,0,0,0,0,0,0
B,Reyranella_soli,0,35,0,0,0,0,0,33,34,0,0,44,0,30,0,0,0,0,0,45,0,0,42,50,32,0,0,0,0,48,0,0,0,0,40,50,0,0,0,0,0,57,0,0,0,0,0,0,0,0,0,,0,0,0,0,0,,0,0,0,0,0,0,0,0,0,0,0,0,0,0,0,0,0,0,0,0,,,0,0,0,,0,0,0,0,0,,0,39,0,0,0,0,24,0,0,45,0,0
B,Reyranella_sp504,0,0,0,0,0,0,48,0,0,0,0,0,0,0,0,0,0,0,0,0,0,0,0,0,0,0,0,0,0,0,0,0,0,0,0,0,0,0,0,0,0,0,0,0,0,0,0,0,0,0,0,,0,0,0,0,0,,0,0,0,0,0,0,0,0,0,0,0,0,0,0,0,0,0,0,0,0,,,0,0,0,,0,0,0,0,0,,0,0,0,0,0,0,0,0,0,0,0,0
B,Unid_Rhizobiales,38,0,44,0,0,0,0,0,0,0,0,0,0,0,0,0,0,0,0,0,0,0,0,30,0,0,0,0,0,27,0,0,31,0,0,0,0,0,19,0,0,27,0,0,0,0,0,0,0,0,0,,0,0,0,0,0,,0,0,0,0,0,0,0,0,0,0,0,0,0,0,0,0,0,0,0,62,,,0,0,0,,0,0,0,0,0,,0,0,0,0,35,0,86,0,0,0,0,0
B,Unid_Beijerinckiaceae,0,0,0,0,0,0,0,0,0,0,0,0,0,0,0,0,0,0,0,0,0,0,0,0,0,0,0,0,0,0,0,0,0,0,0,0,0,0,0,0,0,0,0,0,0,0,0,0,0,0,0,,0,0,0,0,0,,0,0,0,0,0,0,0,0,0,0,0,0,0,0,0,0,0,0,0,0,,,0,0,0,,32,0,0,0,0,,0,0,0,0,0,0,0,0,0,0,0,0
B,Microvirga_sp,81,0,189,53,0,0,79,0,0,0,0,0,0,0,0,0,0,0,0,0,61,117,0,0,113,80,159,0,105,0,1,0,0,57,0,0,0,0,1,85,0,0,0,0,0,0,0,0,0,0,0,,0,0,0,0,0,,0,0,0,0,0,0,0,0,0,0,0,0,0,0,0,0,0,0,0,0,,,0,0,0,,0,0,0,0,0,,0,0,0,0,97,0,140,0,93,85,0,0
B,Roseiarcus_sp,0,0,0,0,0,0,0,0,0,0,0,0,0,0,0,0,0,0,0,0,0,0,0,0,0,0,0,0,0,0,0,0,0,0,0,0,0,0,0,0,0,0,0,0,0,0,0,0,0,0,0,,0,0,0,0,0,,0,0,0,0,0,0,0,0,0,0,0,0,0,0,0,0,0,0,0,0,,,0,0,0,,27,0,0,0,0,,0,0,0,0,0,0,0,0,0,0,0,0
B,Unid_Devosiaceae,0,0,0,0,0,0,0,0,62,0,0,0,0,0,0,0,0,0,0,0,0,0,0,0,0,0,0,0,0,0,0,0,0,0,0,0,0,0,0,0,0,0,0,0,0,0,0,0,0,0,0,,0,0,0,0,0,,0,0,0,0,0,0,0,0,0,0,0,0,0,0,0,0,0,0,0,0,,,0,0,0,,30,0,0,0,0,,0,0,0,0,0,0,0,0,0,0,0,0
B,Hyphomicrobium_sp,0,0,0,0,0,0,0,0,0,0,0,0,0,0,0,0,0,0,0,0,0,0,0,0,35,0,0,0,0,0,0,0,0,0,0,0,0,0,0,0,0,0,0,0,0,0,0,0,0,0,0,,0,0,0,0,0,,0,0,0,0,0,0,0,0,0,0,0,0,0,0,0,0,0,0,0,0,,,0,0,0,,0,0,0,0,0,,0,0,0,0,0,0,0,0,0,0,0,0
B,Hyphomicrobium_sp505,0,0,0,0,0,0,0,0,0,0,0,0,0,0,0,0,0,0,0,0,0,0,0,0,0,0,0,0,0,0,0,0,31,0,0,0,0,0,0,0,0,0,0,0,0,0,0,0,0,0,0,,0,0,0,0,0,,0,0,0,0,0,0,0,0,0,0,0,0,0,0,0,0,0,0,0,0,,,0,0,0,,0,0,0,0,0,,0,0,0,0,0,0,0,0,0,0,0,0
B,Pedomicrobium_sp,0,0,46,0,0,0,0,0,0,0,0,39,0,0,0,0,0,52,0,0,0,0,0,85,0,0,0,0,0,0,25,0,0,0,0,0,0,0,0,0,0,0,0,0,0,0,0,0,0,0,0,,0,0,0,0,0,,0,0,0,0,0,0,0,0,0,0,0,0,0,0,0,0,0,0,0,0,,,0,0,0,,0,0,0,0,0,,0,43,87,0,0,0,0,30,0,22,0,0
B,Unid_Rhizobiales506,27,0,0,64,24,22,43,36,0,34,52,48,0,26,0,56,44,0,0,0,44,30,23,42,0,0,0,0,44,40,51,41,0,42,41,0,0,36,0,0,48,49,0,0,0,0,0,0,0,0,0,,0,0,0,0,0,,0,0,0,0,0,0,0,0,0,0,0,0,0,0,0,0,0,0,0,0,,,0,0,0,,0,0,0,0,0,,50,55,24,42,49,49,0,49,28,45,37,33
B,Labrys_sp,0,0,0,0,0,0,0,0,0,0,0,0,0,0,0,0,0,0,0,0,0,0,0,0,0,0,0,0,0,0,0,0,0,0,0,0,0,0,0,0,0,0,0,0,0,0,0,0,0,0,0,,0,0,0,0,0,,0,0,0,0,0,0,0,0,0,0,0,0,0,0,0,0,0,0,0,0,,,0,0,0,,0,0,0,0,0,,0,0,0,0,0,0,0,0,18,0,0,0
B,Unid_Methyloligellaceae,0,0,0,0,0,0,0,0,0,0,0,0,0,0,0,0,0,0,1,0,0,0,0,0,0,0,0,0,0,0,0,0,0,0,0,0,0,0,0,0,0,0,0,0,0,0,0,0,0,0,0,,0,0,0,0,0,,0,0,0,0,0,0,0,0,0,0,0,0,0,0,0,0,0,0,0,0,,,0,0,0,,0,0,0,0,0,,0,0,0,0,0,0,0,0,0,0,0,0
B,Unid_Methyloligellaceae507,0,0,0,0,0,0,0,0,0,0,0,0,0,0,0,31,0,0,0,0,0,0,0,0,0,0,0,0,0,28,33,0,0,0,0,0,0,0,0,0,0,0,0,0,0,0,0,9,0,0,0,,0,0,0,0,0,,0,0,0,0,0,0,0,0,0,0,0,0,0,0,0,0,0,0,0,0,,,0,0,0,,0,0,0,0,0,,0,0,0,0,0,0,0,0,0,0,0,0
B,Unid_Methyloligellaceae508,0,0,0,0,0,0,0,0,0,0,0,0,0,0,0,0,0,0,0,0,0,0,0,0,0,0,0,0,0,0,0,0,0,0,0,0,0,0,0,0,0,0,0,0,0,0,0,0,0,0,0,,0,0,0,0,0,,0,0,0,0,0,0,0,0,0,0,0,0,0,0,0,0,0,0,0,0,,,0,0,0,,0,0,0,0,0,,0,0,0,0,0,0,0,0,0,15,0,0
B,Unid_Rhizobiaceae,0,1,0,0,0,0,0,0,122,0,21,0,0,0,0,0,0,0,0,0,0,16,0,0,0,0,0,0,1,68,115,0,39,0,0,0,0,37,0,0,0,61,64,0,0,0,0,0,0,0,0,,0,0,0,0,0,,0,0,0,0,0,0,0,0,0,0,0,0,0,0,0,0,0,0,0,83,,,0,0,0,,1,0,0,0,0,,0,0,0,14,98,0,0,0,0,1,0,2
B,Unid_Rhizobiaceae509,0,68,91,0,0,0,0,0,0,0,0,0,0,0,0,0,0,0,0,0,0,0,0,0,0,0,0,0,0,0,0,0,0,0,0,0,72,0,0,0,0,0,0,0,0,0,0,0,0,0,28,,0,0,0,13,0,,0,0,0,0,0,0,0,0,0,0,68,0,0,0,0,0,0,0,0,121,,,0,0,0,,0,0,0,0,0,,0,0,0,0,0,0,0,0,118,0,0,80
B,Aminobacter_sp,0,0,0,0,0,0,0,0,0,0,0,0,0,0,0,0,0,0,0,0,0,0,0,0,0,0,0,0,31,0,0,0,0,0,0,0,0,0,0,0,0,0,0,0,0,0,0,0,0,0,0,,0,0,0,0,0,,0,0,0,0,0,0,0,0,0,0,0,0,0,0,0,0,0,0,0,0,,,0,0,0,,0,0,0,0,0,,0,0,0,0,0,0,0,0,0,0,0,0
B,Ensifer_sp,92,0,0,69,0,0,86,0,0,0,0,87,0,0,0,0,0,0,0,0,0,0,0,0,0,0,0,0,47,0,0,0,0,0,0,0,59,44,0,91,0,0,0,0,0,0,0,0,0,0,0,,0,119,0,0,0,,65,0,0,0,0,43,0,0,0,0,0,0,0,0,0,0,0,0,0,0,,,0,0,0,,0,0,0,0,0,,0,94,0,63,99,105,128,78,0,0,0,98
B,Mesorhizobium_sp,0,0,0,0,0,0,0,0,0,0,0,0,0,0,0,0,0,0,0,0,0,0,0,0,0,0,0,0,0,0,0,0,0,0,0,0,0,0,0,0,0,0,0,0,0,0,0,0,0,0,0,,0,0,0,0,0,,0,0,0,0,0,0,0,0,0,0,0,0,0,0,0,0,0,0,0,0,,,0,0,0,,36,0,0,0,0,,0,0,0,0,0,0,0,0,0,0,0,0
B,Pseudorhizobium_sp,0,0,0,0,0,0,0,0,0,0,0,0,0,0,0,0,0,0,0,0,0,0,0,0,0,0,0,0,0,0,0,0,0,0,0,0,0,0,0,0,0,0,0,0,0,0,0,0,0,0,0,,0,0,0,0,0,,0,0,0,0,0,0,0,0,0,0,0,0,0,0,0,0,0,0,0,0,,,0,0,0,,0,0,0,0,0,,0,0,0,0,0,0,0,0,0,0,0,1
B,Unid_Rhizobiales510,0,0,0,0,0,0,0,0,0,0,0,0,0,0,0,0,0,0,0,0,0,0,0,0,0,0,0,0,0,0,0,0,0,0,0,0,0,0,0,0,0,0,0,0,0,0,0,0,0,0,0,,0,0,0,0,0,,0,0,0,0,0,0,0,0,0,0,0,0,0,0,0,0,0,0,0,0,,,0,0,0,,41,0,0,0,0,,0,0,0,0,0,0,0,0,0,0,0,0
B,Unid_Rhizobiales511,0,0,0,0,0,0,0,0,0,0,0,0,0,0,0,0,0,0,0,0,0,0,0,0,0,0,0,0,0,0,0,0,0,0,0,0,0,0,0,0,0,0,0,0,0,0,0,0,0,0,0,,0,0,0,0,0,,0,0,0,0,0,0,0,0,0,0,0,0,0,0,0,0,0,0,0,0,,,0,0,0,,1,0,0,0,0,,0,0,0,0,0,0,0,0,0,0,0,0
B,Rhodomicrobium_sp,0,0,0,0,0,0,0,0,0,0,0,0,0,0,0,0,0,0,0,0,0,0,0,0,0,0,0,0,0,0,0,0,0,0,0,0,0,0,0,0,0,0,0,0,0,0,0,0,0,0,0,,0,0,0,0,0,,0,0,0,0,22,0,0,0,0,0,0,0,0,0,0,0,0,0,0,0,,,0,0,0,,0,0,0,0,0,,0,0,0,0,0,0,0,0,0,0,0,0
B,Unid_Rhizobiales512,0,0,0,0,0,0,0,0,0,0,0,0,0,0,0,0,0,0,0,0,0,0,0,0,0,0,0,0,0,0,0,0,0,0,0,0,0,0,0,0,0,0,0,0,0,0,0,0,0,0,0,,0,0,0,0,0,,0,0,0,0,0,0,0,0,0,0,0,0,0,0,0,0,0,0,0,0,,,0,0,0,,15,0,0,0,0,,0,0,0,0,0,0,0,0,0,0,0,0
B,Unid_Xanthobacteraceae,0,0,0,0,0,0,0,0,0,0,0,0,0,0,0,0,0,0,233,136,0,0,0,0,0,0,0,285,0,0,0,0,0,0,0,0,0,0,0,0,0,0,0,0,0,0,0,0,0,0,0,,14,0,0,0,0,,0,0,0,0,0,0,0,0,0,0,0,0,24,18,0,0,0,0,0,130,,,0,0,0,,96,0,0,0,0,,0,0,0,0,0,0,0,0,0,0,0,0
B,Rhodoplanes_sp,0,0,0,0,0,0,0,0,0,0,0,0,84,0,0,0,0,0,0,0,0,0,0,0,0,0,0,0,0,0,0,0,0,0,178,0,0,0,0,0,0,0,0,0,0,0,0,0,0,0,0,,0,0,0,0,0,,0,0,0,0,0,0,0,0,0,0,0,0,0,0,0,0,0,0,0,0,,,0,0,0,,0,0,0,0,0,,0,0,0,0,0,0,0,0,0,0,0,0
B,Unid_Xanthobacteraceae513,0,0,0,0,0,0,0,231,0,194,0,0,0,0,280,0,187,0,0,0,0,0,0,0,0,0,0,0,225,154,0,0,0,0,0,0,0,0,0,0,224,0,0,0,0,0,0,0,0,0,0,,0,0,0,0,0,,0,0,0,0,0,0,0,0,0,0,0,0,0,0,0,0,0,0,0,0,,,0,0,0,,36,0,0,0,0,,0,248,0,174,0,195,0,203,199,228,0,0
B,Unid_Xanthobacteraceae514,0,0,0,0,0,0,0,0,0,0,0,0,0,0,0,0,0,0,0,0,0,0,0,0,0,0,0,0,0,0,25,0,0,0,0,0,0,0,0,0,0,0,0,0,0,0,0,0,0,0,0,,0,0,0,0,0,,0,0,0,0,0,0,0,0,0,0,0,0,0,0,0,0,0,0,0,0,,,0,0,0,,0,0,0,0,0,,0,0,0,0,0,0,0,0,0,0,0,0
B,Unid_Rhodobacteraceae,0,0,0,0,0,0,0,0,0,0,0,0,0,0,0,0,0,0,0,0,0,0,0,0,0,0,1,0,0,0,0,0,0,0,0,0,0,0,0,0,0,0,0,0,0,0,0,0,0,0,0,,0,0,0,0,0,,0,0,0,0,0,0,0,0,0,0,0,0,0,0,0,0,0,0,0,0,,,0,0,0,,0,0,0,0,0,,0,0,0,0,0,0,0,0,0,0,0,0
B,Amaricoccus_sp,0,0,0,0,0,0,0,0,0,0,0,0,0,0,0,0,0,0,0,49,0,0,0,0,0,0,0,0,0,0,0,0,0,0,0,0,0,0,0,0,0,0,0,0,0,0,0,0,0,0,0,,0,0,0,0,0,,0,0,0,0,0,0,0,0,0,0,0,0,0,0,0,0,0,0,0,0,,,0,0,0,,0,0,0,0,0,,0,0,0,0,0,0,0,0,0,0,0,0
B,Amaricoccus_sp515,0,0,0,0,0,0,0,0,0,0,0,0,0,0,0,0,0,0,0,0,0,64,0,0,0,0,0,0,0,0,0,0,0,0,0,0,0,0,0,0,0,0,0,0,0,0,0,0,0,0,0,,0,0,0,0,0,,0,0,0,0,0,0,0,0,0,0,0,0,0,0,0,0,0,0,0,0,,,0,0,0,,0,0,0,0,0,,0,0,0,0,0,0,0,0,0,0,0,0
B,Limibaculum_sp,0,0,0,0,0,0,0,0,0,0,32,0,0,0,0,0,0,0,0,0,0,0,0,0,0,0,0,0,0,0,0,0,0,0,0,0,0,0,0,38,0,0,0,0,0,0,0,0,0,0,0,,0,0,0,0,0,,0,0,0,0,0,0,0,0,0,0,0,0,0,0,0,0,0,0,0,0,,,0,0,0,,0,0,0,0,0,,0,0,49,0,0,0,0,0,0,0,0,0
B,Paracoccus_sp,0,44,0,0,0,0,0,0,0,0,0,0,0,0,0,0,0,0,0,0,0,0,0,0,0,0,0,0,0,0,0,0,0,0,0,0,0,0,0,0,0,0,0,0,0,0,0,0,4,0,0,,0,0,0,0,0,,0,0,0,0,0,0,0,0,0,0,0,0,0,0,0,0,0,0,0,0,,,0,0,0,,0,0,0,0,0,,0,0,0,0,0,0,0,0,0,0,0,0
B,Rubellimicrobium_sp,0,0,0,0,0,0,0,0,0,0,0,0,0,0,0,0,0,0,0,0,0,0,0,0,0,0,0,0,0,0,0,0,0,0,0,0,0,0,0,0,0,0,0,0,0,0,0,0,0,0,0,,0,0,0,0,0,,0,0,0,0,0,0,0,0,0,0,0,0,0,0,0,0,0,0,0,0,,,0,0,0,,0,0,0,0,0,,0,0,0,0,0,0,0,0,0,0,0,16
B,Unid_Rhodospirillaceae,0,0,0,0,0,0,0,0,0,0,0,0,0,0,0,0,0,0,0,0,0,0,0,0,0,1,0,0,0,0,0,0,0,0,0,0,0,0,0,0,0,0,0,0,0,0,0,0,0,0,0,,0,0,0,0,0,,0,0,0,0,0,0,0,0,0,0,0,0,0,0,0,0,0,0,0,0,,,0,0,0,,0,0,0,0,0,,0,0,0,0,0,0,0,0,0,0,0,0
B,Unid_Rhodospirillales,0,0,0,0,0,0,0,0,0,0,0,0,0,0,0,0,0,0,0,0,0,0,0,0,0,0,0,0,0,0,0,0,0,0,0,0,0,0,0,0,0,0,0,0,0,0,0,0,0,0,0,,0,0,0,0,0,,5,0,0,0,0,0,0,0,0,0,0,0,0,0,0,0,0,0,0,0,,,0,0,0,,0,0,0,0,0,,0,0,0,0,0,0,0,0,0,0,0,0
B,Unid_Rickettsiales,0,0,0,0,0,0,0,0,0,0,0,0,0,0,0,0,0,0,0,0,0,0,0,0,0,0,0,0,0,0,0,0,0,0,0,0,0,0,0,0,0,0,0,0,0,0,0,0,0,0,0,,0,0,0,0,0,,0,0,0,0,0,0,0,0,0,0,0,0,0,0,0,0,0,0,0,0,,,0,0,0,,0,0,0,0,0,,0,0,0,0,0,0,0,0,0,0,13,0
B,Unid_Rickettsiales516,0,0,0,0,0,0,0,0,0,0,0,0,0,0,0,0,0,0,0,0,0,0,0,0,20,0,0,0,0,0,0,0,0,0,0,0,0,0,0,0,0,0,0,0,0,0,0,0,0,0,0,,0,0,0,0,0,,0,0,0,0,0,0,0,0,0,0,0,0,0,0,0,0,0,0,0,0,,,0,0,0,,0,0,0,0,0,,0,0,0,0,0,0,0,0,0,0,0,45
B,Unid_Sphingomonadaceae,0,0,0,108,0,0,0,0,0,0,0,0,0,1,0,0,0,0,0,0,137,0,86,0,0,0,0,141,0,0,0,160,129,0,45,0,119,0,0,0,0,0,0,0,0,0,0,0,0,0,0,,0,0,0,0,0,,0,0,0,0,0,0,0,0,0,0,0,0,0,0,0,0,0,0,0,0,,,0,0,0,,0,0,0,0,0,,0,0,0,104,0,101,0,0,0,107,0,89
B,Altererythrobacter_sp,0,0,137,0,0,0,0,0,106,0,0,0,0,0,35,0,0,0,125,0,0,0,0,0,149,0,165,0,0,0,0,0,0,0,0,0,0,0,56,0,0,0,0,0,0,0,0,0,0,0,0,,0,0,0,0,0,,0,0,0,0,0,0,0,0,0,0,0,0,0,0,0,0,0,0,0,0,,,0,0,0,,0,0,0,0,0,,0,0,0,0,93,0,0,0,0,0,0,0
B,Altererythrobacter_sp517,0,0,0,0,0,0,0,0,0,0,0,0,0,0,0,0,0,0,0,0,0,0,0,0,0,0,0,0,0,0,0,0,0,0,0,0,0,124,0,0,0,0,0,0,0,0,0,0,0,0,0,,0,0,0,0,0,,0,0,0,0,0,0,0,0,0,0,0,0,0,0,0,0,0,0,0,0,,,0,0,0,,0,0,0,0,0,,0,0,0,0,0,0,0,0,0,0,0,0
B,Unid_Sphingomonadaceae518,0,0,0,0,0,0,56,123,0,0,0,0,0,0,0,0,0,0,0,0,0,0,0,0,0,0,77,0,0,0,0,0,0,0,0,0,0,0,0,0,0,0,0,0,0,0,0,0,0,0,0,,0,0,0,0,0,,0,0,0,0,0,0,0,0,0,0,0,0,0,0,0,0,0,0,0,0,,,0,0,0,,0,0,0,0,0,,0,0,0,0,0,0,0,1,2,0,0,0
B,Sphingobium_sp,43,0,0,0,0,0,36,0,55,0,0,0,0,0,0,0,0,0,0,0,0,0,0,0,0,0,0,0,0,0,0,2,0,0,66,116,0,58,0,0,0,0,0,0,0,0,0,0,0,0,0,,0,0,0,0,0,,0,0,0,0,0,0,0,0,0,0,0,0,0,0,0,0,16,0,0,168,,,0,0,0,,49,0,12,0,6,,0,0,0,0,0,0,0,99,0,0,0,0
B,Sphingobium_chungbukense,0,0,0,0,0,0,0,0,0,0,0,0,0,0,0,0,0,0,0,0,0,0,0,0,0,0,0,0,0,0,0,0,0,0,0,0,0,0,0,0,0,0,0,0,0,0,0,0,0,0,0,,0,0,0,0,0,,0,0,0,0,0,0,0,0,0,0,0,0,0,0,0,0,0,0,0,0,,,0,0,0,,0,0,0,0,0,,0,0,0,0,0,0,0,0,0,0,0,1
B,Sphingobium_herbicidovorans,0,0,0,0,0,0,0,0,0,0,0,0,0,0,0,0,0,0,0,0,0,0,0,0,0,0,0,0,0,0,0,0,0,0,0,43,0,0,0,0,0,0,0,0,0,0,0,0,0,0,0,,0,0,0,0,0,,0,0,0,0,0,0,0,0,0,0,0,0,0,0,0,0,0,0,0,0,,,0,0,0,,0,0,0,0,0,,0,0,0,0,0,0,0,0,0,0,0,0
B,Sphingomonas_sp,0,0,64,143,145,0,199,0,213,160,72,0,0,0,0,146,0,0,51,0,218,128,104,80,174,97,154,0,0,151,238,221,134,0,137,0,181,51,0,117,0,217,0,0,0,0,0,0,0,0,0,,0,0,0,0,0,,0,0,0,0,0,0,0,0,0,0,0,0,0,0,0,0,0,0,0,0,,,0,53,0,,0,0,0,0,0,,91,322,240,0,245,132,79,0,154,178,193,172
B,Sphingomonas_daechungensis,0,262,41,0,152,128,0,0,0,0,0,43,0,0,0,0,0,0,0,230,0,137,80,0,0,0,45,126,0,140,0,0,0,0,0,0,0,0,40,144,185,0,0,0,0,0,0,0,0,0,0,,0,0,0,0,0,,0,0,0,0,0,0,0,0,0,0,0,0,0,0,0,0,0,0,0,0,,,0,0,0,,0,0,0,0,0,,118,0,0,87,0,0,45,0,0,0,0,0
B,Sphingomonas_jaspsi,0,0,90,0,0,0,0,0,0,0,0,0,0,217,0,0,0,0,0,0,0,0,0,0,0,0,0,0,0,0,0,0,0,0,0,0,0,138,0,0,0,0,0,0,0,0,0,0,0,0,0,,0,0,0,0,0,,0,0,0,0,0,0,0,0,0,0,0,0,0,0,0,0,0,0,0,0,,,0,0,0,,0,0,0,0,0,,0,0,0,0,0,0,0,0,0,0,0,0
B,Sphingomonas_rhizophila,0,0,0,0,0,0,0,0,0,0,0,0,0,0,0,0,0,0,1,0,0,0,0,0,0,0,0,0,0,0,0,0,0,0,0,0,0,0,0,0,0,0,0,0,0,0,0,0,0,0,0,,0,0,0,0,0,,0,0,0,0,0,0,0,0,0,0,0,0,0,0,0,0,0,0,0,0,,,0,0,0,,0,0,0,0,0,,0,0,0,0,0,0,0,0,0,0,0,0
B,Sphingopyxis_sp,0,0,0,0,0,0,0,0,0,0,0,0,0,0,0,0,0,0,0,0,0,0,0,0,0,0,0,0,0,0,0,0,0,0,0,49,0,0,0,0,0,0,0,0,0,0,0,0,0,0,0,,0,0,0,0,0,,0,0,0,0,0,0,0,0,0,0,0,0,0,0,0,0,0,0,0,0,,,0,0,0,,0,0,0,0,0,,0,0,0,0,0,0,0,0,0,0,0,0
B,Geminicoccus_sp,0,0,29,0,0,0,0,0,0,0,0,0,0,0,0,0,0,0,0,0,0,0,0,0,0,0,0,0,0,0,0,0,0,0,0,0,0,0,0,0,0,0,0,0,0,0,0,0,0,0,0,,0,0,0,0,0,,0,0,0,0,0,0,0,0,0,0,0,0,0,0,0,0,0,0,0,0,,,0,0,0,,0,0,0,0,0,,0,0,0,0,0,0,0,0,0,0,0,0
B,Unid_Geminicoccaceae,273,238,269,328,217,126,331,0,322,0,0,277,247,151,320,219,0,139,237,352,324,139,250,209,0,316,113,220,71,0,26,285,45,0,0,219,210,338,251,284,295,340,0,0,0,0,0,0,0,0,0,,0,0,0,0,0,,0,0,0,0,0,0,0,0,0,0,0,0,0,0,0,0,0,0,0,34,,,0,0,0,,0,0,0,0,0,,0,0,0,36,415,79,216,309,111,54,452,158
B,Unid_Geminicoccaceae519,0,0,0,0,0,0,0,0,0,0,0,0,0,0,40,0,0,0,0,0,0,0,0,0,0,0,0,0,0,0,0,0,25,0,0,0,0,0,0,0,0,0,0,0,0,0,0,0,0,0,0,,0,0,0,0,0,,0,0,0,0,0,0,0,0,0,0,0,0,0,0,0,0,0,0,0,0,,,0,0,0,,0,0,0,0,0,,0,0,0,0,0,0,26,0,33,0,0,0
B,Unid_Geminicoccaceae520,0,0,0,0,66,0,198,299,106,0,54,96,0,139,87,57,75,76,228,229,113,81,0,143,195,0,117,67,186,131,174,221,186,0,0,0,78,99,55,87,257,114,0,20,0,0,0,0,0,0,0,,0,0,0,0,0,,0,0,0,0,0,0,0,0,0,0,0,0,0,0,0,0,0,0,0,0,,,0,0,0,,0,0,0,0,0,,47,81,333,188,109,42,139,0,165,31,118,89
B,Unid_Gammaproteobacteria,0,0,22,0,0,0,0,0,0,0,0,0,0,0,0,0,0,0,0,0,0,0,0,0,0,0,0,0,0,0,0,0,0,0,0,0,0,0,0,0,0,0,0,0,0,0,0,0,0,0,0,,0,0,0,0,0,,0,0,0,0,0,0,0,0,0,0,0,0,0,0,0,0,0,0,0,0,,,0,0,0,,0,0,0,0,0,,0,0,0,0,0,2,0,0,0,0,0,0
B,Unid_Gammaproteobacteria521,22,10,0,0,0,0,0,0,0,0,0,4,7,0,0,0,0,0,0,0,0,0,0,0,0,16,0,0,2,0,0,7,0,0,0,0,27,12,0,0,32,26,0,0,0,0,0,0,0,0,0,,0,0,0,0,0,,0,0,0,0,0,0,0,0,0,0,0,0,0,0,0,0,0,0,0,0,,,0,0,0,,0,0,0,0,0,,0,0,0,0,0,0,0,0,0,16,0,0
B,Sulfurifustis_sp,0,0,0,0,0,0,0,0,0,0,0,0,0,0,0,0,0,0,0,15,0,0,0,0,0,0,0,8,4,0,0,0,0,0,0,0,0,0,0,0,0,0,0,0,0,0,0,0,0,0,0,,0,0,0,0,0,,0,0,0,0,0,0,0,0,0,0,0,0,0,0,0,0,0,0,0,0,,,0,0,0,,0,0,0,0,0,,0,0,0,0,17,0,0,0,0,3,0,0
B,Sulfurifustis_sp522,0,0,45,0,0,0,0,0,0,0,0,0,0,0,0,0,0,0,0,0,0,0,0,0,0,0,0,0,0,0,0,0,0,0,0,0,0,0,0,0,33,0,0,0,0,0,0,0,0,0,0,,0,0,0,0,0,,0,0,0,0,0,0,0,0,0,0,0,0,0,0,0,0,0,0,0,0,,,0,0,0,,0,0,0,0,0,,0,0,0,0,0,0,0,0,0,0,0,0
B,Aeromonas_sp,0,0,0,0,0,0,0,0,0,0,0,0,0,13,0,0,0,0,0,0,0,0,0,0,0,0,0,0,0,0,0,0,0,0,0,0,0,0,0,0,0,0,0,0,0,0,0,0,0,0,0,,0,0,0,0,0,,0,0,0,0,0,0,0,0,0,0,0,0,0,0,0,0,0,0,0,0,,,0,0,0,,0,0,0,0,0,,0,0,0,0,0,0,0,0,0,0,0,0
B,Aeromonas_sp523,0,0,0,0,0,0,0,0,0,0,0,0,0,0,0,0,0,0,0,0,0,0,2,0,0,0,0,7,0,0,0,0,0,0,0,0,0,0,0,0,0,0,0,0,0,0,0,0,0,0,0,,0,0,0,0,0,,0,0,0,0,0,0,0,0,0,0,0,0,0,0,0,0,0,0,0,0,,,0,0,0,,0,0,0,0,0,,0,0,0,0,0,0,0,0,0,0,0,0
B,Rheinheimera_sp,0,0,0,0,0,0,0,0,0,0,0,0,0,9,0,0,0,0,0,0,0,0,0,0,0,0,0,0,0,0,0,0,0,0,0,0,1,0,0,0,0,0,0,0,0,0,0,0,0,0,0,,0,0,0,0,0,,0,0,0,0,0,0,0,0,0,0,0,0,0,0,0,0,0,0,0,50,,,0,0,0,,0,0,0,0,0,,0,0,0,0,0,0,0,0,0,0,0,0
B,Idiomarina_sp,0,0,0,0,0,0,0,0,0,0,0,0,0,0,0,0,0,0,0,0,0,0,0,0,0,0,0,0,0,0,0,0,0,0,0,0,0,0,0,0,0,0,0,0,0,0,0,0,0,0,0,,0,0,0,0,0,,0,0,0,0,0,0,0,0,0,0,0,0,0,0,0,0,0,0,0,0,,,0,0,0,,0,0,0,0,0,,0,0,0,0,0,0,0,0,0,0,0,80
B,Pseudoalteromonas_sp,0,0,0,0,0,0,0,0,0,0,0,0,0,0,0,0,0,0,0,0,0,0,0,0,0,0,0,0,0,15,0,0,0,0,0,0,0,0,0,0,0,0,0,0,0,0,0,0,0,0,0,,0,0,0,0,0,,0,0,0,0,0,0,0,0,0,0,0,0,0,0,0,0,0,0,0,0,,,0,0,0,,0,0,0,0,0,,0,0,0,0,0,0,0,0,0,0,0,0
B,Shewanella_sp,0,0,0,0,0,0,0,0,0,0,0,0,0,0,0,0,0,0,0,0,0,0,0,0,0,0,0,0,0,0,0,0,0,0,4,0,0,0,0,0,0,0,0,0,0,0,0,0,0,0,0,,0,0,0,0,0,,0,0,0,0,0,0,0,0,0,0,0,0,0,0,0,0,0,0,0,0,,,0,0,0,,0,0,0,0,0,,0,0,0,0,0,0,0,0,0,0,0,0
B,Unid_Burkholderiales,0,0,0,0,0,0,0,0,0,0,0,0,0,0,0,0,0,0,0,0,0,0,0,0,0,0,0,0,0,0,0,0,0,0,0,0,0,0,0,0,0,0,0,0,0,0,0,0,0,0,0,,0,0,0,0,0,,0,0,0,0,0,0,0,0,0,0,0,0,0,0,0,0,0,0,0,0,,,0,0,0,,22,0,0,0,0,,0,0,0,0,0,0,0,0,0,0,0,0
B,Unid_Alcaligenaceae,0,16,0,0,0,0,0,0,0,0,0,0,0,0,0,0,0,0,0,0,0,4,0,0,0,8,0,8,0,5,0,14,19,0,5,2,6,0,0,0,0,3,0,0,0,0,0,0,0,0,0,,0,0,0,0,0,,0,0,0,0,0,0,0,0,0,0,0,0,0,0,0,0,0,0,0,0,,,0,0,0,,0,0,0,0,0,,0,0,0,0,1,0,4,0,1,0,4,0
B,Achromobacter_sp,0,0,0,0,0,0,0,0,0,0,0,0,0,0,0,0,0,0,0,0,0,0,0,0,0,0,0,0,0,0,0,0,0,0,0,0,0,0,0,0,0,0,0,0,0,0,0,0,0,0,0,,0,22,0,0,0,,0,0,0,0,0,0,0,0,0,0,0,0,0,0,0,0,0,0,0,0,,,0,0,0,,0,0,0,0,0,,0,0,0,0,0,0,0,0,0,0,0,0
B,Unid_Burkholderiaceae,0,0,0,0,0,0,0,0,0,0,0,0,0,0,0,11,0,0,0,0,0,0,0,0,0,0,0,0,0,0,0,0,0,0,0,0,0,0,0,0,0,0,0,0,0,0,0,0,0,0,0,,0,0,0,0,0,,0,0,0,0,0,0,0,0,0,0,0,0,0,0,0,0,0,0,0,0,,,0,0,0,,0,0,0,0,0,,0,0,0,0,0,0,0,0,0,0,0,0
B,Unid_Burkholderiaceae524,0,0,0,0,0,0,0,0,0,0,0,0,0,0,0,0,0,0,0,0,0,0,0,0,0,0,0,0,0,0,0,0,0,0,0,0,0,0,0,0,0,0,0,0,0,0,0,0,0,0,34,,0,0,0,0,0,,0,0,0,0,0,0,0,0,0,0,0,0,0,0,0,0,0,0,0,0,,,0,0,0,,8,0,0,0,0,,0,0,0,0,0,0,0,0,0,0,0,0
B,Cupriavidus_sp,0,0,0,0,0,0,0,0,0,0,0,0,0,0,0,0,0,0,0,0,0,0,0,0,0,0,0,0,0,0,0,8,0,0,0,0,0,0,0,0,0,0,0,0,0,0,0,0,0,0,0,,0,0,0,0,0,,0,0,0,0,0,0,0,0,0,0,0,0,0,0,0,0,0,0,0,0,,,0,0,0,,0,0,0,0,0,,0,0,0,0,0,0,0,0,0,0,0,0
B,Limnobacter_sp,0,0,0,0,0,0,0,0,0,0,0,0,0,0,0,0,0,0,77,0,0,0,0,0,0,0,0,0,0,0,0,0,0,0,0,0,0,0,0,0,0,0,0,0,0,0,0,0,0,0,0,,0,0,0,0,0,,0,0,0,0,0,0,0,0,0,0,0,0,0,0,0,0,0,0,0,0,,,0,0,0,,0,0,0,0,0,,0,0,0,0,0,0,0,0,0,0,0,27
B,Limnobacter_sp525,0,0,0,0,0,0,0,0,0,0,0,0,0,0,0,0,0,0,10,0,0,0,0,0,0,0,0,0,0,0,0,0,0,0,0,0,0,0,0,0,0,0,0,0,0,0,0,0,0,0,0,,0,0,0,0,0,,0,0,0,0,0,0,0,0,0,0,0,0,0,0,0,0,0,0,0,0,,,0,0,0,,0,0,0,0,0,,0,0,0,0,0,0,0,0,0,0,0,0
B,Ralstonia_sp,0,0,0,0,0,0,0,0,0,0,34,0,0,0,0,0,0,0,0,0,0,0,0,0,0,0,0,0,0,0,0,0,0,7,0,0,0,0,0,35,0,0,0,0,0,0,0,0,0,0,0,,0,0,5,0,0,,0,0,0,0,0,0,0,0,0,0,0,0,0,0,0,0,0,0,0,0,,,0,0,0,,0,0,0,0,0,,0,0,0,0,0,0,0,0,0,0,0,0
B,Unid_Chromobacteriaceae,35,0,0,0,0,0,0,0,0,0,0,0,0,0,0,0,0,0,0,0,0,0,0,0,0,0,0,0,0,0,0,0,0,0,0,0,0,0,0,0,0,0,0,0,0,0,0,0,0,0,0,,0,0,0,0,0,,0,0,0,0,0,0,0,0,0,0,0,0,0,0,0,0,0,0,0,0,,,0,0,0,,0,0,0,0,0,,0,0,0,0,0,0,0,0,0,0,0,0
B,Unid_Comamonadaceae,0,190,0,25,71,0,61,0,80,15,83,29,0,89,43,30,17,8,0,96,126,13,192,130,70,0,71,83,0,76,125,34,44,0,61,0,85,17,142,42,0,36,0,3,0,0,0,0,0,0,0,,0,0,0,0,0,,0,0,0,0,0,0,0,0,0,0,0,0,0,0,0,0,0,0,4,71,,,0,0,0,,41,0,0,0,0,,0,39,120,44,131,4,74,105,66,44,33,28
B,Acidovorax_sp,0,0,0,0,0,0,0,0,0,0,0,0,0,35,0,0,0,0,0,0,0,0,0,0,0,0,0,0,0,0,0,0,0,0,0,0,0,0,0,0,0,0,0,0,0,0,0,0,0,0,0,,0,0,0,0,0,,0,0,0,0,0,0,0,0,0,0,0,0,0,0,0,0,0,0,0,0,,,0,0,0,,0,0,0,0,0,,0,0,0,0,0,0,0,0,0,0,0,0
B,Aquabacterium_sp,0,0,0,0,0,0,0,0,0,0,0,0,0,0,0,0,0,0,0,0,0,0,0,0,0,0,0,0,0,0,0,0,0,0,0,0,0,0,0,0,0,0,0,0,0,0,0,0,0,0,0,,0,0,0,0,0,,0,0,0,0,0,0,0,0,0,0,0,0,0,0,0,0,0,0,0,0,,,0,0,0,,0,0,0,0,0,,0,0,0,0,0,0,0,0,190,0,0,0
B,Caenimonas_sp,0,0,0,0,0,0,0,0,0,0,0,0,0,0,0,0,0,0,0,0,0,0,0,0,43,0,0,0,0,0,0,0,0,0,0,0,0,0,0,0,0,0,0,0,0,0,0,0,0,0,0,,0,0,0,0,0,,0,0,0,0,0,0,0,0,0,0,0,0,0,0,0,0,0,0,0,0,,,0,0,0,,0,0,0,0,0,,0,0,0,0,0,0,0,0,0,0,0,0
B,Caenimonas_sp526,0,0,146,0,0,0,0,0,0,0,0,0,0,0,0,0,0,0,0,0,0,0,0,0,0,0,0,0,0,0,0,0,0,0,0,0,0,0,0,0,0,0,0,0,0,0,0,0,0,0,0,,0,0,0,0,0,,0,0,0,0,0,0,0,0,0,0,0,0,0,0,0,0,0,0,0,0,,,0,0,0,,0,0,0,0,0,,0,0,0,0,0,0,0,0,0,0,0,0
B,Comamonas_sp,0,0,0,0,0,45,0,0,0,0,0,0,48,0,0,0,0,0,0,0,0,0,0,0,0,0,0,0,0,0,0,0,0,0,0,0,0,0,0,5,0,0,0,0,0,0,0,0,0,0,0,,0,0,0,0,0,,0,0,0,0,0,0,0,0,0,0,0,0,0,0,0,0,0,0,0,81,,,0,0,0,,0,0,0,0,0,,112,78,0,0,0,0,0,0,0,0,0,0
B,Comamonas_sp527,0,0,0,0,0,0,0,0,0,0,0,0,0,0,0,0,0,0,0,0,0,0,0,0,0,0,0,0,0,0,0,0,0,0,0,0,47,0,0,0,0,0,0,0,0,0,0,0,0,0,0,,0,0,0,0,0,,0,0,0,0,0,0,0,0,0,0,0,0,0,0,0,0,0,0,0,0,,,0,0,0,,0,0,0,0,0,,0,0,0,0,0,0,0,0,0,0,0,0
B,Hydrogenophaga_pseudoflava,0,0,0,0,0,0,0,0,0,0,0,0,0,87,0,0,0,0,0,0,0,0,0,0,0,0,0,0,0,0,0,0,0,0,0,0,0,0,0,0,0,0,0,0,0,0,0,0,0,0,0,,0,0,0,0,0,,0,0,0,0,0,0,0,0,0,0,0,0,0,0,0,0,0,0,0,0,,,0,0,0,,0,0,0,0,0,,0,0,0,0,0,0,0,0,0,0,0,0
B,Ramlibacter_tataouinensis,0,0,0,0,0,0,0,0,66,0,0,0,0,0,0,0,0,0,0,0,0,0,0,0,0,0,0,0,0,0,0,0,0,0,0,0,0,80,0,0,0,0,0,0,0,0,0,0,0,0,0,,0,0,0,0,0,,0,0,0,0,0,0,0,0,0,0,0,0,0,0,0,0,0,0,0,0,,,0,0,0,,0,0,0,0,0,,0,0,0,0,0,0,0,0,0,0,0,0
B,Rhizobacter_sp,0,0,0,0,0,0,0,0,0,0,0,0,0,0,0,0,0,0,0,0,0,0,0,0,0,0,0,0,0,0,0,0,0,0,0,0,0,0,0,0,0,0,0,0,0,0,0,0,0,0,0,,0,0,0,0,0,,0,0,0,0,0,0,0,0,0,0,0,0,0,0,0,0,0,0,0,0,,,0,0,0,,0,0,0,0,0,,0,0,0,0,0,0,0,35,19,0,0,152
B,Rhodoferax_sp,0,0,0,0,0,0,0,0,0,0,0,0,0,0,0,0,0,0,0,0,0,0,0,0,0,0,0,0,0,0,0,0,0,0,0,0,0,0,0,0,0,0,0,0,0,0,0,0,0,0,0,,0,0,0,0,0,,0,0,0,0,0,0,0,0,0,0,0,0,0,0,0,0,0,0,0,0,,,0,0,0,,47,0,0,0,0,,0,0,0,0,0,0,0,0,0,0,0,0
B,Unid_Comamonadaceae528,0,0,0,0,0,0,0,0,0,0,0,0,0,0,0,0,0,0,0,0,0,0,0,0,0,0,0,0,0,0,0,0,0,0,0,0,0,0,0,0,0,0,0,0,0,0,0,0,0,0,0,,0,0,0,0,0,,0,0,0,0,0,0,0,0,0,0,0,0,0,0,0,0,0,0,0,0,,,0,0,0,,0,0,0,0,0,,0,0,0,0,24,85,0,0,0,0,0,0
B,Sideroxydans_sp,0,3,0,0,0,0,0,0,0,0,0,0,0,0,0,0,0,0,0,0,0,0,0,0,0,0,0,0,0,0,0,0,0,0,0,0,0,0,0,0,0,0,0,0,0,0,0,0,0,0,0,,0,0,0,0,0,,0,0,0,0,0,0,0,0,0,0,0,0,0,0,0,0,0,0,0,0,,,0,0,0,,0,0,0,0,0,,0,0,0,0,0,0,0,0,0,0,0,0
B,Unid_Methylophilaceae,0,0,0,0,0,0,0,0,0,0,0,18,0,0,0,17,0,0,0,0,0,0,0,0,0,0,0,0,0,16,0,0,0,0,0,0,0,47,0,0,0,0,0,0,0,0,0,0,0,0,0,,0,0,0,0,0,,0,0,0,0,0,0,0,0,0,0,0,0,0,0,0,0,0,0,0,0,,,0,0,0,,0,0,0,0,0,,0,6,44,0,0,0,0,21,8,31,11,0
B,Methylobacillus_sp,0,0,0,0,0,0,0,0,0,0,0,0,0,0,0,0,0,0,0,0,0,0,0,0,0,0,0,0,0,0,0,0,0,0,0,0,0,0,0,0,0,0,0,0,0,0,0,0,0,0,0,,0,0,0,0,0,,0,0,0,0,0,0,0,0,0,0,0,0,0,0,0,0,0,0,0,0,,,0,0,0,,0,0,0,0,0,,0,0,0,0,0,0,38,0,0,0,0,0
B,Unid_Methylophilaceae529,0,0,0,0,0,0,0,34,0,0,0,0,0,0,0,0,0,0,0,0,0,0,0,0,0,0,0,0,0,0,0,0,0,0,0,0,0,0,0,0,0,0,0,0,0,0,0,0,0,0,0,,0,0,0,0,0,,0,0,0,0,0,0,0,0,0,0,0,0,0,0,0,0,0,0,0,0,,,0,0,0,,0,0,0,0,0,,0,0,0,0,0,0,0,0,0,0,43,0
B,Unid_Methylophilaceae530,0,0,0,0,0,0,0,0,21,0,0,0,0,0,0,0,0,0,0,0,0,0,0,0,0,0,0,0,0,0,0,0,0,0,0,19,0,0,0,0,0,0,0,0,0,0,0,0,0,0,0,,0,0,0,0,0,,0,0,0,0,0,0,0,0,0,0,0,0,0,0,0,0,0,0,0,0,,,0,0,0,,0,0,0,0,0,,15,0,0,0,0,0,0,0,0,0,0,106
B,Unid_Nitrosomonadaceae,2,101,230,79,59,43,3,2,0,61,0,63,146,133,58,131,0,16,0,0,7,0,103,0,142,139,0,89,100,102,141,141,130,38,153,44,105,2,0,0,84,0,0,0,0,0,0,0,0,0,0,,0,0,0,0,0,,0,0,0,0,0,0,0,0,0,0,0,0,0,0,0,0,0,0,0,0,,,0,0,0,,0,0,0,0,0,,140,190,152,110,70,88,0,207,158,145,178,87
B,Unid_Nitrosomonadaceae531,0,0,0,0,0,0,0,0,0,0,0,0,0,0,0,0,0,0,0,0,0,0,0,0,0,0,0,0,0,0,0,0,0,0,0,0,0,0,0,1,0,0,0,0,0,0,0,0,0,0,0,,0,0,0,0,0,,0,0,0,0,0,0,0,0,0,0,0,0,0,0,0,0,0,0,0,0,,,0,0,0,,0,0,0,0,0,,0,0,0,0,0,0,0,0,0,0,0,0
B,Unid_Nitrosomonadaceae532,0,0,0,0,0,0,0,0,0,0,0,0,0,0,0,0,0,0,0,0,0,0,0,0,0,0,0,0,0,0,0,0,0,0,0,0,0,0,0,0,0,0,0,0,0,0,0,0,0,0,0,,0,0,0,0,0,,0,0,0,0,0,0,0,0,0,0,0,0,0,0,0,0,0,0,0,0,,,0,0,0,,30,0,0,0,0,,0,0,0,0,0,0,0,0,0,0,0,0
B,Unid_Nitrosomonadaceae533,0,0,0,0,0,0,0,0,0,0,0,0,0,0,0,0,62,0,108,116,0,111,0,187,0,0,104,0,0,0,0,0,0,0,0,0,0,0,195,107,0,104,0,0,0,0,0,0,0,0,0,,0,0,0,0,0,,0,0,0,0,0,0,0,0,0,0,0,0,0,0,0,0,0,0,0,0,,,0,0,0,,0,0,0,0,0,,0,41,0,0,0,0,154,0,0,0,0,0
B,Unid_Nitrosomonadaceae534,0,0,0,0,0,0,0,0,0,0,21,0,0,0,0,0,0,0,0,0,0,0,0,0,0,0,0,0,0,0,0,0,0,0,0,0,0,0,0,0,0,0,0,0,0,0,0,0,0,0,0,,0,0,0,0,0,,0,0,0,0,0,0,0,0,0,0,0,0,0,0,0,0,0,0,0,0,,,0,0,0,,0,0,0,0,0,,0,0,0,0,0,0,0,0,0,0,0,0
B,Unid_Nitrosomonadaceae535,0,0,0,0,0,0,0,0,0,0,0,0,0,0,0,0,0,0,0,0,0,0,0,0,0,0,0,0,0,0,0,0,0,0,0,0,0,0,0,0,0,0,0,0,0,0,0,0,0,0,0,,0,0,0,0,0,,0,0,0,0,0,0,0,0,0,0,0,0,0,0,0,0,0,0,0,0,,,0,0,0,,25,0,0,0,0,,0,0,0,0,0,0,0,0,0,0,0,0
B,Unid_Nitrosomonadaceae536,140,98,396,62,112,132,324,150,405,195,126,81,331,235,126,114,117,113,0,166,436,342,83,335,0,301,283,88,258,318,305,58,206,37,161,235,233,186,159,302,345,157,0,0,0,0,0,0,0,0,0,,0,0,0,0,0,,0,0,0,0,0,0,0,0,0,0,0,0,0,0,0,0,0,0,0,1,,,0,0,0,,0,0,0,0,0,,129,267,92,223,217,73,0,210,185,254,0,129
B,Unid_Nitrosomonadaceae537,0,0,0,0,0,0,0,0,0,0,0,0,0,0,0,0,0,0,0,0,0,0,0,0,29,0,0,27,0,0,0,0,0,0,0,0,0,0,0,0,0,0,0,0,0,0,0,0,0,0,0,,0,0,0,0,0,,0,0,0,0,0,0,0,0,0,0,0,0,0,0,0,0,0,0,0,0,,,0,0,0,,0,0,0,0,0,,0,0,0,0,0,0,0,0,0,0,14,0
B,Unid_Nitrosomonadaceae538,60,0,85,51,121,128,40,136,0,0,57,94,213,175,212,73,84,217,115,151,199,181,138,143,43,0,0,59,172,0,0,174,127,0,95,0,96,144,145,160,0,121,0,0,0,0,0,0,0,0,0,,0,0,0,0,0,,0,0,0,0,0,0,0,0,0,0,0,0,0,0,0,0,0,0,0,0,,,0,0,0,,0,0,0,0,0,,0,25,219,101,0,139,259,172,3,97,58,56
B,Unid_Nitrosomonadaceae539,0,0,0,0,0,0,0,0,0,0,0,0,0,0,0,0,0,0,0,0,0,0,0,0,0,0,0,0,0,0,0,1,0,0,0,0,0,0,0,0,0,0,0,0,0,0,0,0,0,0,0,,0,0,0,0,0,,0,0,0,0,0,0,0,0,0,0,0,0,0,0,0,0,0,0,0,0,,,0,0,0,,0,0,0,0,0,,0,0,0,0,0,0,0,0,0,0,0,0
B,Unid_Nitrosomonadaceae540,0,0,0,0,0,0,0,0,0,0,0,0,0,0,0,0,74,0,0,0,0,0,0,0,0,0,0,0,0,0,0,0,0,0,0,0,0,0,0,0,0,0,0,0,0,0,0,0,0,0,0,,0,0,0,0,0,,0,0,0,0,0,0,0,0,0,0,0,0,0,0,0,0,0,0,0,0,,,0,0,0,,0,0,0,0,0,,0,0,0,0,0,0,0,0,0,0,0,0
B,Unid_Oxalobacteraceae,0,0,0,0,0,0,21,0,0,0,45,0,10,0,0,0,0,0,0,0,0,0,56,0,0,0,0,0,0,0,0,0,0,0,21,0,0,0,0,0,0,0,0,0,0,0,0,0,0,0,0,,0,0,0,0,0,,0,0,0,0,0,0,0,0,0,0,0,0,0,0,0,0,0,0,0,0,,,0,0,0,,0,0,0,0,0,,0,36,0,0,0,0,0,0,0,0,0,0
B,Massilia_sp,27,17,0,0,0,18,0,0,0,29,0,0,0,54,0,0,0,0,49,22,37,0,0,0,0,0,0,0,0,19,12,0,0,15,0,0,29,72,20,0,0,0,0,0,0,0,0,0,0,0,0,,0,0,0,0,0,,0,0,0,0,0,0,0,0,0,0,0,0,0,0,0,0,0,0,0,0,,,0,0,0,,0,0,0,0,0,,10,0,0,22,0,0,0,0,72,0,0,0
B,Noviherbaspirillum_sp,0,0,0,0,0,0,0,0,0,53,0,0,0,0,0,0,10,0,0,0,0,0,0,8,21,0,0,0,0,0,0,0,0,0,0,0,0,0,0,0,0,0,0,0,0,0,0,0,0,0,0,,0,0,0,0,0,,0,0,0,0,0,0,0,0,0,0,0,0,0,0,0,0,0,0,0,0,,,0,0,0,,0,0,0,0,0,,0,0,0,0,0,0,0,0,0,0,0,0
B,Noviherbaspirillum_massiliense,0,0,0,0,0,0,71,0,0,0,0,0,0,0,0,0,0,0,0,0,0,0,0,0,0,0,0,0,0,0,0,0,0,0,0,0,0,0,0,0,0,0,0,0,0,0,0,0,0,0,0,,0,0,0,0,0,,0,0,0,0,0,0,0,0,0,0,0,0,0,0,0,0,0,0,0,0,,,0,0,0,,0,0,0,0,0,,0,0,0,0,0,0,0,0,0,0,0,0
B,Pseudoduganella_sp,0,0,0,0,0,0,0,0,0,0,19,0,0,0,0,0,0,0,0,0,0,0,0,0,0,0,0,0,0,0,0,0,0,0,0,0,0,0,0,0,0,0,0,0,0,0,0,0,0,0,0,,0,0,0,0,0,,0,0,0,0,0,0,0,0,0,0,0,0,0,0,0,0,0,0,0,0,,,0,0,0,,0,0,0,0,0,,0,0,0,0,0,0,0,0,24,0,0,0
B,Unid_Rhodocyclaceae,0,0,0,0,0,0,0,0,0,0,0,0,0,0,0,0,0,0,0,0,0,0,0,0,0,0,0,0,0,0,0,0,0,0,0,0,14,0,0,0,0,0,0,0,0,0,0,0,0,0,0,,0,0,0,0,0,,0,0,0,0,0,0,0,0,0,0,0,0,0,0,0,0,0,0,0,0,,,0,0,0,,29,0,0,0,0,,0,0,0,0,0,0,0,0,0,0,0,0
B,Unid_Rhodocyclaceae541,0,0,0,0,0,0,0,0,0,0,0,0,0,0,0,0,0,0,0,0,0,0,0,0,0,0,0,0,0,0,0,0,48,0,0,0,0,0,0,0,0,0,0,0,0,0,0,0,0,0,0,,0,0,0,0,0,,0,0,0,0,0,0,0,0,0,0,0,0,0,0,0,0,0,0,0,0,,,0,0,0,,0,0,0,0,0,,0,0,0,0,0,0,0,0,57,0,0,0
B,Unid_Burkholderiales542,0,44,0,0,0,0,0,0,0,0,0,0,0,0,0,0,0,0,5,0,0,0,0,0,0,18,0,0,0,0,0,0,47,3,0,0,0,16,0,0,0,0,0,0,0,0,0,0,0,0,0,,0,0,0,0,0,,0,0,0,0,0,0,0,0,0,0,0,0,0,0,0,0,0,0,0,0,,,0,0,0,,20,0,0,0,0,,0,8,0,0,0,0,0,0,0,0,0,0
B,Unid_Burkholderiales543,0,0,0,0,0,0,52,0,0,0,0,0,0,0,0,0,0,0,0,0,0,0,0,56,19,0,0,0,0,0,0,73,0,0,72,0,0,0,0,0,0,47,0,0,0,0,0,0,0,0,0,,0,0,0,0,0,,0,0,0,0,0,0,0,0,0,0,0,0,0,0,0,0,0,0,0,0,,,0,0,0,,0,0,0,0,0,,54,0,40,0,0,0,0,0,0,0,0,0
B,Unid_Burkholderiales544,0,0,0,0,0,0,0,0,0,0,0,0,0,0,0,0,0,0,0,0,25,0,0,0,0,0,0,0,0,0,0,0,0,0,0,0,0,0,0,0,0,0,0,0,0,0,0,0,0,0,0,,0,0,0,0,0,,0,0,0,0,0,0,0,0,0,0,0,0,0,0,0,0,0,0,0,0,,,0,0,0,,0,0,0,0,0,,0,0,0,0,0,0,0,0,0,0,0,0
B,Unid_Sutterellaceae,0,0,0,0,0,0,0,0,0,0,11,0,0,0,0,0,0,0,0,0,0,0,0,0,0,0,0,0,0,0,0,0,0,0,0,0,0,0,0,0,19,17,0,0,0,0,0,0,0,0,0,,0,0,0,0,0,,0,0,0,0,0,0,0,0,0,0,0,0,0,0,0,0,0,0,0,0,,,0,0,0,,0,0,0,0,0,,0,0,0,0,0,0,0,0,0,0,0,0
B,Unid_Sutterellaceae545,0,0,0,16,19,0,0,0,0,0,0,0,0,0,0,0,0,0,0,0,0,0,0,0,0,0,0,0,0,0,0,0,0,0,0,0,0,0,0,0,18,35,0,0,0,0,0,0,0,0,0,,0,0,0,0,0,,0,0,0,0,0,0,0,0,0,0,0,0,0,0,0,0,0,0,0,0,,,0,0,0,,0,0,0,0,0,,0,0,0,0,0,0,0,0,0,0,0,0
B,Unid_Burkholderiales546,49,143,71,77,61,80,157,123,28,0,70,111,173,137,56,67,70,31,83,95,222,0,112,170,71,79,0,42,125,77,62,59,192,23,55,116,132,177,124,131,95,0,0,0,0,0,0,0,0,0,0,,0,0,0,0,0,,0,0,0,0,0,0,0,0,0,0,0,0,0,0,0,0,0,0,0,0,,,0,0,0,,0,0,0,0,0,,64,14,99,90,177,25,20,115,105,124,69,46
B,bacterium_enrichment,0,0,0,0,0,0,0,5,0,0,0,0,0,0,0,0,0,0,0,0,0,0,0,0,0,0,0,0,0,0,0,0,0,0,0,0,0,0,0,0,0,39,0,0,0,0,0,0,0,0,0,,0,0,0,0,0,,0,0,0,0,0,0,0,0,0,0,0,0,0,0,0,0,0,0,0,0,,,0,0,0,,0,0,0,0,0,,0,0,0,0,0,0,0,0,0,0,0,0
B,Unid_Burkholderiales547,0,0,0,10,0,0,0,0,0,0,0,0,0,0,0,0,0,0,0,0,0,12,0,17,0,0,0,0,0,0,0,28,0,0,0,0,22,0,0,0,0,0,0,0,0,0,0,0,0,0,0,,0,0,0,0,0,,0,0,0,0,0,0,0,0,0,0,0,0,0,0,0,0,0,0,0,0,,,0,0,0,,0,0,0,0,0,,0,0,0,0,0,0,0,0,0,0,0,0
B,Unid_Burkholderiales548,0,0,0,0,0,0,0,0,0,0,0,0,0,0,0,0,0,0,0,0,0,0,0,0,0,0,6,16,0,0,0,0,0,0,0,0,0,0,0,0,0,1,0,0,0,0,0,0,0,0,0,,0,0,0,0,0,,0,0,0,0,0,0,0,0,0,0,0,0,0,0,0,0,0,0,0,0,,,0,0,0,,0,0,0,0,0,,0,0,1,0,0,0,0,0,0,0,0,0
B,Unid_Burkholderiales549,0,0,0,0,2,0,0,0,0,0,0,0,0,0,0,0,0,0,0,0,0,0,0,0,0,0,0,0,0,0,0,34,0,0,0,0,0,0,0,0,0,0,0,0,0,0,0,0,0,0,0,,0,0,0,0,0,,0,0,0,0,0,0,0,0,0,0,0,0,0,0,0,0,0,0,0,0,,,0,0,0,,0,0,0,0,0,,0,0,0,0,0,0,0,0,0,0,0,0
B,Unid_Burkholderiales550,0,0,0,0,45,0,0,0,0,44,62,102,0,0,0,54,61,35,0,0,0,0,0,0,0,0,0,72,0,57,67,0,0,67,0,0,0,0,0,0,87,0,0,0,0,0,0,0,0,0,0,,0,0,0,0,0,,0,0,0,0,0,0,0,0,0,0,0,0,0,0,0,0,0,0,0,0,,,0,0,0,,0,0,0,0,0,,0,82,0,0,0,63,0,81,0,0,0,79
B,Unid_Burkholderiales551,9,0,1,0,0,0,0,0,7,0,0,0,0,0,0,0,0,0,0,0,0,9,0,0,0,0,6,0,0,0,0,0,0,0,0,0,0,0,0,0,0,1,0,0,0,0,0,0,0,0,0,,0,0,0,0,0,,0,0,0,0,0,0,0,0,0,0,0,0,0,0,0,0,0,0,0,0,,,0,0,0,,0,0,0,0,0,,0,13,0,0,0,0,12,0,0,0,5,0
B,Unid_Gammaproteobacteria552,132,177,154,0,0,0,182,106,0,164,0,0,363,176,0,146,0,2,0,120,0,279,238,241,110,221,122,180,0,216,144,161,184,0,141,0,111,121,179,241,269,201,0,0,0,0,0,0,0,0,0,,0,0,0,0,0,,0,0,0,0,0,0,0,0,0,0,0,0,0,0,0,0,0,0,0,0,,,0,0,0,,0,0,0,0,0,,154,0,162,131,0,252,129,173,139,254,116,232
B,Unid_Gammaproteobacteria553,0,0,0,0,0,0,0,0,0,0,0,169,0,0,0,0,0,0,0,0,0,0,0,0,0,0,15,0,0,0,0,0,0,0,0,0,0,0,0,0,0,0,0,0,0,0,0,0,0,0,0,,0,0,0,0,0,,0,0,0,0,0,0,0,0,0,0,0,0,0,0,0,0,0,0,0,0,,,0,0,0,,0,0,0,0,0,,0,0,0,0,0,0,0,0,0,0,0,0
B,Unid_Gammaproteobacteria554,0,0,81,173,178,223,0,0,213,0,242,0,0,0,103,0,0,96,92,0,246,0,0,0,0,0,0,0,172,0,0,0,0,0,0,0,0,0,0,0,83,0,0,0,0,0,0,0,0,0,0,,0,0,0,0,0,,0,0,0,0,0,0,0,0,0,0,0,0,0,0,0,0,0,0,0,0,,,0,0,0,,0,0,0,0,0,,0,0,0,0,165,0,0,0,0,0,0,0
B,Unid_Gammaproteobacteria555,0,0,0,0,0,0,0,0,0,0,0,0,0,0,0,0,0,0,0,0,0,0,1,0,0,0,0,0,0,0,0,0,0,0,0,0,0,0,0,0,0,0,0,0,0,0,0,0,0,0,0,,0,0,0,0,0,,0,0,0,0,0,0,0,0,0,0,0,0,0,0,0,0,0,0,0,0,,,0,0,0,,0,0,0,0,0,,0,0,0,0,0,0,0,0,0,0,0,0
B,Unid_Cellvibrionaceae,0,0,0,0,0,0,0,0,0,0,0,0,0,0,0,0,0,0,3,0,0,0,0,0,0,0,0,0,0,0,0,0,0,0,0,0,0,0,0,0,0,0,0,0,0,0,0,0,0,0,0,,0,0,0,0,0,,0,0,0,0,0,0,0,0,0,0,0,0,0,0,0,0,0,0,0,0,,,0,0,0,,0,0,0,0,0,,0,0,0,0,0,0,0,4,0,0,0,0
B,Cellvibrio_sp,67,159,0,34,54,14,54,7,48,0,0,0,1,52,0,8,0,0,0,7,0,0,0,8,0,10,0,17,0,5,1,27,5,2,46,66,171,63,28,0,0,53,0,0,7,0,0,0,0,0,0,,0,0,0,0,0,,0,0,0,0,0,0,0,0,0,0,0,0,0,0,0,0,0,0,0,121,,,0,0,0,,0,0,0,0,0,,0,50,0,6,0,0,0,0,88,65,0,0
B,Cellvibrio_diazotrophicus,0,0,0,0,0,0,0,0,35,0,0,0,0,0,0,0,0,0,0,0,0,0,0,0,0,0,0,0,0,0,0,0,0,0,0,0,0,0,0,0,0,30,0,0,0,0,0,0,0,0,0,,0,15,0,0,0,,0,0,0,0,0,0,0,0,0,0,0,0,0,0,0,0,0,0,0,0,,,0,0,0,,0,0,0,0,0,,0,0,3,0,0,0,13,0,0,0,0,0
B,Cellvibrio_fibrivorans,0,0,0,1,0,0,0,0,0,0,0,0,0,3,0,0,0,0,0,0,0,0,0,0,0,0,0,0,0,0,0,5,0,0,0,1,0,0,0,0,0,0,0,0,0,0,0,0,0,0,0,,0,0,0,0,0,,0,0,0,0,0,0,0,0,0,0,0,0,0,0,0,0,0,0,0,0,,,0,0,0,,0,0,0,0,0,,0,0,0,0,0,0,0,0,0,0,0,0
B,Cellvibrio_sp556,0,0,0,0,0,0,0,0,0,0,0,0,0,28,0,0,0,0,0,0,0,0,0,0,0,0,0,0,0,0,0,0,0,0,0,0,0,0,0,0,0,0,0,0,0,0,0,0,0,0,0,,0,0,0,0,0,,0,0,0,0,0,0,0,0,0,0,0,0,0,0,0,0,0,0,0,0,,,0,0,0,,0,0,0,0,0,,0,0,0,0,0,0,0,27,0,0,0,0
B,Unid_Cellvibrionaceae557,3,0,0,0,0,0,0,5,0,0,0,0,0,0,0,0,0,0,0,0,0,0,4,0,0,0,0,0,0,0,0,0,0,0,0,0,0,0,0,0,0,0,0,0,0,0,0,0,0,0,0,,0,0,0,0,0,,0,0,0,0,0,0,0,0,0,0,0,0,0,0,0,0,0,0,0,0,,,0,0,0,,0,0,0,0,0,,0,0,0,0,0,0,0,0,0,0,0,0
B,Unid_Cellvibrionaceae558,0,0,0,0,0,0,0,0,0,0,0,0,0,0,0,0,0,0,0,0,0,0,0,0,0,0,0,0,0,0,0,0,6,0,0,0,0,0,0,0,0,0,0,0,0,0,0,0,0,0,0,,0,0,0,0,0,,0,0,0,0,0,0,0,0,0,0,0,0,0,0,0,0,0,0,0,0,,,0,0,0,,0,0,0,0,0,,0,0,0,0,0,0,0,0,0,0,0,48
B,Porticoccus_sp,0,0,0,0,0,0,0,0,0,0,0,0,0,0,0,0,0,0,0,0,0,0,0,0,0,0,0,0,0,0,0,0,0,0,0,0,0,0,0,0,0,0,0,0,0,0,0,0,0,0,0,,0,0,0,0,0,,0,0,0,0,0,0,0,0,0,0,0,0,0,0,0,0,0,0,0,0,,,0,0,0,,0,0,0,0,0,,0,0,0,0,0,8,0,0,0,0,0,0
B,Aquicella_sp,0,0,38,0,0,0,0,17,5,0,0,0,1,0,0,0,0,0,0,0,0,0,0,0,0,0,0,0,1,0,0,0,0,0,26,0,0,0,13,0,0,0,0,0,0,0,0,0,0,0,0,,0,0,0,0,0,,0,0,0,0,0,0,0,0,0,0,0,0,0,0,0,0,0,0,0,0,,,0,0,0,,27,0,0,0,0,,0,0,0,0,0,24,23,0,0,2,0,0
B,Aquicella_sp559,0,0,0,0,0,0,0,0,0,0,0,0,0,0,0,0,0,0,0,0,0,0,0,0,0,0,0,0,0,0,0,25,0,0,0,0,75,0,0,0,0,0,0,0,0,0,0,0,0,0,0,,0,0,0,0,0,,0,0,0,0,0,0,0,0,0,0,0,0,0,0,0,0,0,0,0,0,,,0,0,0,,0,0,0,0,0,,0,0,0,0,0,0,0,0,0,0,27,0
B,Aquicella_sp560,0,0,0,0,18,0,55,0,0,0,0,0,0,0,0,0,0,0,31,0,65,0,0,0,0,0,0,0,0,0,61,0,0,0,0,0,0,0,0,0,0,0,0,0,0,0,0,0,0,0,0,,0,0,0,0,0,,0,0,0,0,0,0,0,0,0,0,0,0,0,0,0,0,0,0,0,0,,,0,0,0,,0,0,0,0,0,,66,40,0,0,0,0,0,0,0,0,0,0
B,Aquicella_sp561,0,1,0,0,0,0,0,0,0,0,0,0,0,0,0,0,0,0,0,0,0,0,0,0,0,0,0,0,0,0,0,0,0,0,0,0,0,0,0,0,0,0,0,0,0,0,0,0,0,0,0,,0,0,0,0,0,,0,0,0,0,0,0,0,0,0,0,0,0,0,0,0,0,0,0,0,0,,,0,0,0,,0,0,0,0,0,,0,0,0,0,0,0,0,0,0,0,0,0
B,Unid_Diplorickettsiaceae,0,0,0,0,0,0,0,0,0,0,0,0,0,0,0,0,0,0,0,0,0,0,0,0,16,0,0,0,0,0,0,0,0,0,0,0,0,0,0,0,0,0,0,0,0,0,0,0,0,0,0,,0,0,0,0,0,,0,0,0,0,0,0,0,0,0,0,0,0,0,0,0,0,0,0,0,0,,,0,0,0,,0,0,0,0,0,,0,0,0,0,0,0,0,0,0,0,19,0
B,Unid_Diplorickettsiaceae562,5,0,0,0,0,0,0,0,0,0,0,0,0,0,0,0,0,0,0,0,0,0,0,0,0,0,0,0,0,0,0,0,0,0,0,0,0,0,0,0,5,0,0,0,0,0,0,0,0,0,0,,0,0,0,0,0,,0,0,0,0,0,0,0,0,0,0,0,0,0,0,0,0,0,0,0,0,,,0,0,0,,0,0,0,0,0,,0,0,0,0,0,0,0,0,0,0,0,0
B,Unid_Enterobacteriaceae,0,16,0,0,0,0,0,0,0,0,0,0,0,0,0,0,0,0,0,0,0,0,0,0,0,0,0,0,0,0,0,2,0,0,0,0,0,0,5,0,0,0,0,0,0,0,0,0,0,0,0,,0,0,0,0,0,,0,0,0,0,0,0,0,0,0,0,129,0,0,0,0,0,0,0,0,0,,,0,0,0,,0,0,0,0,0,,0,0,0,0,0,0,0,0,0,0,0,0
B,Enterobacter_sp,0,0,0,0,0,0,0,0,0,0,0,0,0,0,0,0,0,0,0,0,0,0,0,0,0,0,0,0,0,0,0,0,0,0,0,0,0,0,0,0,0,0,0,0,0,0,0,0,0,0,0,,0,0,0,0,0,,0,0,0,0,0,0,0,0,0,0,56,0,0,0,0,0,0,0,0,0,,,0,0,0,,0,0,0,0,0,,0,0,0,0,0,0,0,0,0,0,0,0
B,Klebsiella_sp,0,3,0,0,0,0,0,0,0,0,0,0,0,0,0,0,0,0,0,0,0,0,0,0,0,0,0,0,0,0,0,0,0,0,0,0,0,0,0,0,0,0,0,0,0,0,0,0,0,0,0,,0,0,0,0,0,,0,0,0,0,0,0,0,0,0,0,0,0,0,0,0,0,0,0,0,0,,,0,0,0,,0,0,0,0,0,,0,0,0,0,0,0,0,0,0,0,0,0
B,Kosakonia_sp,0,0,0,0,0,0,0,0,0,0,0,0,0,0,0,0,0,0,0,0,0,0,0,0,0,0,0,0,0,0,0,0,0,0,0,0,0,0,0,0,0,0,0,0,0,0,0,0,0,0,0,,0,0,0,0,0,,0,0,0,0,0,0,0,0,0,0,0,0,0,0,0,0,56,0,0,0,,,0,0,0,,0,0,0,0,0,,0,0,0,0,0,0,0,0,92,0,0,0
B,Unid_Erwiniaceae,0,0,0,0,0,0,0,0,0,0,0,0,0,0,0,0,0,0,0,0,0,0,0,0,0,0,0,0,0,0,0,0,0,0,0,0,0,0,0,0,0,0,0,0,0,0,0,0,0,0,0,,0,0,0,0,0,,0,0,0,0,0,0,0,0,0,0,0,0,0,0,0,0,0,0,0,0,,,0,0,0,,0,0,0,0,0,,0,0,0,0,0,0,0,0,0,0,49,0
B,Unid_Gammaproteobacteria563,0,0,0,0,0,0,0,0,0,0,0,0,0,0,0,0,0,0,0,0,0,0,0,0,0,0,0,0,0,0,0,0,0,0,0,0,11,0,0,0,0,0,0,0,0,0,0,0,0,0,0,,0,0,0,0,0,,0,0,0,0,0,0,0,0,0,0,0,0,0,0,0,0,0,0,0,0,,,0,0,0,,0,0,0,0,0,,0,0,0,0,0,0,0,0,0,0,0,0
B,Acidibacter_sp,0,0,1,43,0,0,0,0,94,0,0,30,6,0,0,0,0,0,71,0,0,2,1,73,62,2,0,0,93,73,0,0,1,0,0,0,70,0,142,0,2,108,0,0,0,0,0,0,0,0,0,,0,0,0,0,0,,0,0,0,0,0,0,0,0,0,0,0,0,0,0,0,0,0,0,0,26,,,0,0,0,,0,0,0,0,0,,0,0,113,0,0,56,134,0,0,3,117,71
B,Punica_granatum,0,0,0,0,0,0,0,0,0,0,0,0,0,0,0,0,0,0,0,0,0,0,0,0,0,0,0,0,0,0,0,0,0,0,0,0,0,0,0,0,0,0,0,0,0,0,0,0,0,0,0,,0,0,0,0,0,,0,0,0,0,0,0,0,0,0,0,0,0,0,0,0,0,0,0,0,0,,,0,0,0,,0,0,0,0,0,,0,0,0,0,0,0,0,0,0,0,1,0
B,Acidibacter_sp564,62,134,0,0,91,0,124,74,0,82,0,30,73,111,42,47,88,0,0,78,81,0,131,47,60,0,60,66,0,96,83,68,94,0,72,62,0,0,0,122,0,0,0,0,0,0,0,0,0,0,0,,0,0,0,0,0,,0,0,0,0,0,0,0,0,0,0,0,0,0,0,0,0,0,0,0,35,,,0,0,0,,0,0,0,0,0,,0,108,0,89,143,0,0,117,98,119,0,0
B,Acidibacter_sp565,0,1,0,0,0,0,0,0,0,0,0,0,0,0,0,0,0,0,0,0,0,0,0,0,0,0,0,0,0,0,0,0,0,0,0,0,0,1,0,0,0,0,0,0,0,0,0,0,0,0,0,,0,0,0,0,0,,0,0,0,0,0,0,0,0,0,0,0,0,0,0,0,0,0,0,0,0,,,0,0,0,,0,0,0,0,0,,0,0,0,0,0,0,0,0,0,0,0,0
B,Unid_Gammaproteobacteria566,0,0,0,0,0,0,0,0,0,0,0,0,0,0,0,0,0,0,0,0,0,0,0,0,0,0,0,0,0,0,0,0,0,0,0,0,0,0,0,0,0,0,0,0,0,0,0,0,0,0,0,,0,0,0,0,0,,0,0,0,0,0,0,0,0,0,0,0,0,0,0,0,0,0,0,0,0,,,0,0,0,,0,0,0,0,0,,0,0,0,0,0,0,0,0,0,0,6,0
B,Unid_Gammaproteobacteria567,0,0,0,0,0,0,0,0,0,0,0,0,0,6,0,0,0,0,0,0,0,0,0,0,0,0,0,0,0,0,0,0,0,0,0,0,0,0,0,0,0,0,0,0,0,0,0,0,0,0,0,,0,0,0,0,0,,0,0,0,0,0,0,0,0,0,0,0,0,0,0,0,0,0,0,0,0,,,0,0,0,,0,0,0,0,0,,0,0,0,10,0,0,0,0,0,0,0,0
B,Unid_Granulosicoccales,0,0,0,0,0,0,0,0,0,0,0,67,0,0,0,0,0,0,0,0,0,0,0,0,0,0,28,0,0,0,0,0,0,0,0,0,0,0,0,0,0,0,0,0,0,0,0,0,0,0,0,,0,0,0,0,0,,0,0,0,0,0,0,0,0,0,0,0,0,0,0,0,0,0,0,0,0,,,0,0,0,,0,0,0,0,0,,0,0,0,0,0,0,0,0,0,0,0,68
B,Unid_Gammaproteobacteria568,0,0,0,0,0,0,0,0,0,0,0,0,0,0,0,0,3,0,0,0,0,0,0,0,0,0,0,3,2,0,0,0,0,0,0,0,0,0,0,0,3,0,0,0,0,0,0,0,0,0,0,,0,0,0,0,0,,0,0,0,0,0,0,0,0,0,0,0,0,0,0,0,0,0,0,0,0,,,0,0,0,,0,0,0,0,0,,0,0,0,0,0,0,0,1,0,1,0,0
B,Unid_Gammaproteobacteria569,12,0,0,0,0,0,0,0,0,32,0,0,44,0,0,0,0,0,0,0,17,28,0,0,0,0,0,0,0,0,0,0,0,0,0,0,0,0,0,46,0,0,0,0,0,0,0,0,0,0,0,,0,0,0,0,0,,0,0,0,0,0,0,0,0,0,0,0,0,0,0,0,0,0,0,0,0,,,0,0,0,,0,0,0,0,0,,0,0,0,0,0,35,0,0,0,0,0,0
B,Legionella_sp,0,6,11,0,0,0,0,6,0,0,0,0,0,0,9,0,0,0,0,0,0,0,0,0,0,0,0,0,0,0,0,0,0,0,0,0,0,3,0,0,0,0,0,0,0,0,0,0,0,0,0,,0,0,0,0,0,,0,0,0,0,0,0,0,0,0,0,0,0,0,0,0,0,0,0,0,0,,,0,0,0,,0,0,0,0,0,,0,0,3,0,7,3,0,0,0,0,0,12
B,Unid_Halorhodospiraceae,0,0,0,0,0,0,0,0,0,0,0,0,0,0,0,0,0,0,0,0,0,0,0,0,0,5,0,0,0,0,0,0,0,0,0,0,0,0,0,0,0,0,0,0,0,0,0,0,0,0,0,,0,0,0,0,0,,0,0,0,0,0,0,0,0,0,0,0,0,0,0,0,0,0,0,0,0,,,0,0,0,,0,0,0,0,0,,0,0,0,0,0,0,0,0,0,0,0,0
B,Methylophaga_sp,0,3,0,0,0,0,0,0,0,0,0,0,0,0,0,0,0,0,0,0,0,0,0,0,0,0,0,0,0,0,0,0,0,0,0,0,0,0,0,0,0,0,0,0,0,0,0,0,0,0,0,,0,0,0,0,0,,0,0,0,0,0,0,0,0,0,0,0,0,0,0,0,0,0,0,0,0,,,0,0,0,,0,0,0,0,0,,0,0,0,0,0,0,0,0,0,0,0,0
B,Methylophaga_sp570,0,0,0,0,0,0,0,0,0,0,0,0,0,0,0,0,0,0,0,0,0,0,0,0,0,0,0,0,0,0,0,0,0,0,0,0,0,0,0,0,0,0,0,0,0,0,0,0,0,0,0,,0,0,0,0,0,,0,0,0,0,0,0,0,0,0,0,0,0,0,0,0,0,0,0,0,0,,,0,0,0,,0,0,0,0,0,,0,0,0,0,0,0,0,0,0,0,0,113
B,Unid_Nitrosococcaceae,0,0,0,0,16,0,0,0,0,0,0,0,0,0,0,0,0,0,0,0,0,0,0,0,0,0,0,10,0,0,0,0,0,0,0,0,0,0,0,0,0,0,0,0,0,0,0,0,0,0,0,,0,0,0,0,0,,0,0,0,0,0,0,0,0,0,0,0,0,0,0,0,0,0,0,0,0,,,0,0,0,,0,0,0,0,0,,0,0,0,0,0,0,0,0,0,0,0,0
B,Ketobacter_sp,0,0,0,0,0,0,0,0,0,0,0,0,0,0,0,0,0,0,0,0,0,0,0,0,0,0,0,0,0,0,0,0,0,0,0,2,0,0,0,0,0,0,0,0,0,0,0,0,0,0,0,,0,0,0,0,0,,0,0,0,0,0,0,0,0,0,0,0,0,0,0,0,0,0,0,0,0,,,0,0,0,,0,0,0,0,0,,0,0,0,0,0,0,0,0,0,0,0,0
B,Escherichia_coli,0,0,0,0,0,0,0,0,0,0,0,0,0,0,0,0,0,0,0,0,0,0,0,0,0,0,0,0,0,0,0,0,0,0,0,0,1,0,0,0,0,0,0,0,0,0,0,0,0,0,0,,0,0,0,0,0,,0,0,0,0,0,0,0,0,0,0,0,0,0,0,0,0,0,0,0,0,,,0,0,0,,0,0,0,0,0,,0,0,0,0,0,0,0,0,0,0,0,0
B,Ketobacter_sp571,0,0,0,0,0,0,0,0,0,0,0,0,0,0,0,0,0,0,0,0,0,0,0,0,48,0,0,0,0,0,0,0,0,0,0,0,0,0,0,0,0,0,0,0,0,0,0,0,0,0,0,,0,0,0,0,0,,0,0,0,0,0,0,0,0,0,0,0,0,0,0,0,0,0,0,0,0,,,0,0,0,,0,0,0,0,0,,0,0,0,0,0,0,0,0,0,0,0,0
B,Unid_Pseudohongiellaceae,0,0,0,0,0,8,0,0,0,0,0,0,0,0,0,0,0,0,0,0,0,0,0,0,2,0,0,0,0,0,0,0,22,0,0,0,0,0,0,0,0,0,0,0,0,0,0,0,0,0,0,,0,0,0,0,0,,0,0,0,0,0,0,0,0,0,0,0,0,0,0,0,0,0,0,0,0,,,0,0,0,,0,0,0,0,0,,0,0,0,0,0,0,0,0,0,0,0,0
B,Unid_Pseudohongiellaceae572,0,0,0,0,0,0,0,0,0,0,0,0,0,0,0,0,0,0,0,0,10,0,0,12,11,0,0,0,0,14,0,0,0,0,1,0,0,0,0,0,0,0,0,0,0,0,0,0,0,0,0,,0,0,0,0,0,,0,0,0,0,0,0,0,0,0,0,0,0,0,0,0,0,0,0,0,0,,,0,0,0,,0,0,0,0,0,,0,0,0,0,0,0,0,0,0,0,0,0
B,Pseudohongiella_sp,0,0,0,0,0,0,0,0,0,0,0,0,0,0,0,0,0,0,0,0,0,0,0,0,0,0,0,0,0,0,0,0,0,0,0,0,0,0,0,0,0,0,0,0,0,0,0,0,0,0,0,,0,0,0,0,0,,0,0,0,0,0,0,0,0,0,0,0,0,0,0,0,0,0,0,0,0,,,0,0,0,,0,0,0,0,0,,0,0,0,0,0,0,0,0,0,0,0,6
B,Pseudohongiella_sp573,0,0,0,0,0,0,0,0,0,0,0,0,0,0,0,0,0,0,0,0,0,0,0,0,0,0,0,0,0,0,0,0,7,0,0,0,0,0,0,0,0,0,0,0,0,0,0,0,0,0,0,,0,0,0,0,0,,0,0,0,0,0,0,0,0,0,0,0,0,0,0,0,0,0,0,0,0,,,0,0,0,,0,0,0,0,0,,0,0,0,0,0,0,0,0,0,0,0,0
B,Unid_Gammaproteobacteria574,0,0,0,0,0,0,0,0,1,0,0,0,0,0,0,0,0,0,0,0,0,0,0,0,0,0,0,0,0,1,0,0,0,0,0,0,0,0,0,0,0,0,0,0,0,0,0,0,0,0,0,,0,0,0,0,0,,0,0,0,0,0,0,0,0,0,0,0,0,0,0,0,0,0,0,0,0,,,0,0,0,,0,0,0,0,0,,0,0,0,0,0,0,0,0,0,0,0,0
B,Unid_Gammaproteobacteria575,0,0,0,0,0,0,0,0,0,0,0,0,0,0,0,0,0,0,0,21,0,0,0,0,23,0,0,0,0,0,0,0,0,0,0,0,0,0,0,0,0,0,0,0,0,0,0,0,0,0,0,,0,0,0,0,0,,0,0,0,0,0,0,0,0,0,0,0,0,0,0,0,0,0,0,0,0,,,0,0,0,,0,0,0,0,0,,0,0,0,0,0,0,17,0,0,0,0,0
B,Unid_Gammaproteobacteria576,111,223,222,0,237,0,230,113,0,87,224,0,85,92,144,199,114,0,144,174,103,247,137,101,0,175,0,221,113,163,0,194,0,160,36,173,150,184,243,233,130,169,0,0,0,0,0,0,0,0,0,,0,0,0,0,0,,0,0,0,0,0,0,0,0,0,0,0,0,0,0,0,0,0,0,0,0,,,0,0,0,,0,0,0,0,0,,167,201,32,175,133,0,120,211,128,119,171,0
B,Unid_Gammaproteobacteria577,0,0,0,0,0,0,0,0,1,0,0,0,0,0,0,0,0,0,0,0,0,0,1,0,0,0,0,0,0,0,0,0,0,0,0,0,0,1,0,0,0,0,0,0,0,0,0,0,0,0,0,,0,0,0,0,0,,0,0,0,0,0,0,0,0,0,0,0,0,0,0,0,0,0,0,0,0,,,0,0,0,,0,0,0,0,0,,0,0,0,0,0,0,0,0,0,0,0,0
B,Acinetobacter_sp,0,0,0,0,0,0,0,0,0,0,0,0,0,0,0,0,0,0,0,0,0,0,0,0,0,0,0,0,0,0,0,0,0,0,0,0,0,0,0,0,0,0,0,0,0,0,0,0,0,0,0,,0,0,0,0,0,,0,0,0,0,0,0,0,0,0,0,0,0,0,0,0,0,0,0,0,0,,,0,0,0,,1,0,0,0,0,,0,0,0,0,0,0,0,0,0,0,0,0
B,Cavicella_sp,0,0,0,0,0,0,0,0,0,0,0,0,0,0,0,0,0,0,0,0,0,0,0,0,0,0,0,4,0,0,0,0,0,0,0,0,0,0,0,0,0,0,0,0,0,0,0,0,0,0,0,,0,0,0,0,0,,0,0,0,0,0,0,0,0,0,0,0,0,0,0,0,0,0,0,0,0,,,0,0,0,,0,0,0,0,0,,0,0,0,0,0,0,0,0,0,0,0,0
B,Permianibacter_sp,0,0,0,0,0,0,0,0,10,0,0,0,0,0,0,0,0,0,0,0,0,0,0,0,0,0,0,0,0,0,0,0,0,0,0,0,0,0,0,0,0,0,0,0,0,0,0,0,0,0,0,,0,0,0,0,0,,0,0,0,0,0,0,0,0,0,0,0,0,0,0,0,0,0,0,0,0,,,0,0,0,,0,0,0,0,0,,0,0,0,0,0,0,0,0,0,0,0,0
B,Permianibacter_sp578,0,0,0,0,3,0,0,0,65,0,0,0,0,54,17,0,0,0,0,0,0,0,75,0,0,0,9,0,0,11,0,0,0,0,0,0,21,22,0,0,9,4,0,0,0,0,0,0,0,0,0,,0,0,0,0,0,,0,0,0,0,0,0,0,0,0,0,0,0,0,0,0,0,0,0,0,0,,,0,0,0,,0,0,0,0,0,,0,3,0,0,6,0,0,6,0,0,0,0
B,Unid_Moraxellaceae,0,0,0,0,0,0,0,0,0,0,0,0,0,0,0,0,0,0,0,0,0,0,0,0,0,0,0,0,0,0,0,0,0,0,0,0,0,0,0,0,0,0,0,0,0,0,0,0,0,0,0,,0,0,0,0,0,,0,0,0,0,0,0,0,0,0,0,0,0,0,0,0,0,0,0,0,0,,,0,0,0,,0,0,0,0,0,,4,0,0,0,0,0,0,0,0,0,0,0
B,gamma_proteobacterium,0,0,0,0,2,0,0,0,0,0,1,0,0,0,0,0,0,0,0,0,0,0,0,0,0,0,0,0,0,0,0,0,0,0,0,0,0,0,1,0,0,0,0,0,0,0,0,0,0,0,0,,0,0,0,0,0,,0,0,0,0,0,0,0,0,0,0,0,0,0,0,0,0,0,0,0,0,,,0,0,0,,0,0,0,0,0,,0,0,0,2,0,0,0,0,0,0,0,0
B,Unid_Moraxellaceae579,37,0,0,0,0,0,0,14,0,0,0,0,0,0,0,0,0,0,0,0,0,0,0,0,0,0,0,0,0,0,0,0,0,0,0,0,0,0,0,0,0,0,0,0,0,0,0,0,0,0,0,,0,0,0,0,0,,0,0,0,0,0,0,0,0,0,0,0,0,0,0,0,0,0,0,0,295,,,0,0,0,,0,0,0,0,0,,0,37,0,0,43,0,0,26,0,0,0,75
B,Unid_Pseudomonadaceae,0,0,0,0,0,0,0,0,0,0,0,0,0,0,0,0,7,0,0,0,0,0,0,0,0,0,0,0,0,0,0,0,0,0,0,0,0,0,0,0,0,0,0,0,0,0,0,0,0,0,0,,0,0,0,0,0,,0,0,0,0,0,0,0,0,0,0,0,0,0,0,0,0,0,0,0,0,,,0,0,0,,0,0,0,0,0,,0,0,0,0,0,0,0,0,0,0,0,0
B,Pseudomonas_sp,180,139,163,148,83,79,2,120,92,43,101,4,13,88,0,68,59,121,79,115,0,36,3,181,0,9,0,195,0,61,67,159,28,0,235,54,69,199,41,106,43,183,0,0,0,0,0,0,0,0,0,,0,40,0,0,0,,7,0,0,0,0,32,75,13,0,0,97,0,211,0,0,13,0,0,0,1,,,0,0,0,,29,0,0,0,0,,57,2,0,24,105,123,73,4,183,64,235,46
B,Pseudomonas_sp580,0,0,0,0,0,0,0,0,0,0,0,0,0,0,0,0,0,0,0,0,0,0,0,0,0,0,0,0,0,0,0,0,0,0,0,0,0,0,0,0,0,1,0,0,0,0,0,0,0,0,0,,0,0,0,0,0,,0,0,0,0,0,0,0,0,0,0,0,0,0,0,0,0,0,0,0,0,,,0,0,0,,0,0,0,0,0,,0,0,0,0,0,0,0,0,0,0,0,0
B,Klebsiella_pneumoniae,0,0,0,0,0,0,0,0,0,0,0,0,0,0,0,0,0,0,0,0,0,0,0,0,0,0,0,4,0,0,0,0,0,0,0,0,0,0,5,0,0,0,0,0,0,0,0,0,0,0,0,,0,0,0,0,0,,0,0,0,0,0,0,0,0,0,0,0,0,0,0,0,0,0,0,0,0,,,0,0,0,,0,0,0,0,0,,0,0,0,0,0,0,0,0,0,0,0,0
B,Pseudomonas_borbori,0,0,0,0,0,0,0,0,0,0,0,132,0,0,0,0,0,0,0,0,0,0,0,0,0,0,0,0,0,0,0,0,0,0,0,0,0,0,0,0,0,0,0,0,0,0,0,0,0,0,0,,0,0,0,0,0,,0,0,0,0,0,0,0,0,0,0,0,0,0,0,0,0,0,0,0,0,,,0,0,0,,0,0,0,0,0,,0,0,0,0,0,0,0,0,0,0,0,0
B,Pseudomonas_furukawaii,0,0,0,0,0,0,0,0,0,0,0,0,0,0,0,0,0,0,0,107,0,0,0,0,0,0,0,0,0,0,0,0,0,0,0,0,0,0,0,0,0,0,0,0,0,0,0,0,0,0,0,,0,0,0,0,0,,0,0,0,0,0,0,0,0,0,0,0,0,0,0,0,0,0,0,0,0,,,0,0,0,,0,0,0,0,0,,0,0,0,0,0,0,0,0,0,0,0,0
B,Unid_Gammaproteobacteria581,0,0,0,0,0,0,0,0,0,0,0,0,0,0,0,0,0,0,0,0,0,0,0,0,0,0,0,0,0,0,0,0,43,0,0,0,0,0,0,0,0,0,0,0,0,0,0,0,0,0,0,,0,0,0,0,0,,0,0,0,0,0,0,0,0,0,0,0,0,0,0,0,0,0,0,0,0,,,0,0,0,,0,0,0,0,0,,0,0,0,0,0,0,0,0,0,0,0,0
B,Algiphilus_sp,0,0,0,0,0,0,0,0,0,0,0,0,0,0,0,0,0,0,0,0,0,0,0,0,0,0,0,0,0,0,0,0,0,0,0,0,0,0,0,0,0,0,0,0,0,0,0,0,0,0,0,,0,0,0,0,0,,0,0,0,0,0,0,0,0,0,0,0,0,0,0,0,0,0,0,0,0,,,0,0,0,,0,0,0,0,0,,0,0,0,0,0,0,0,0,0,0,21,0
B,Unid_Solimonadaceae,0,0,0,0,0,0,0,0,0,0,0,0,0,0,0,0,0,0,0,0,0,0,0,0,0,0,0,0,0,0,0,1,0,0,0,0,0,0,0,0,0,0,0,0,0,0,0,0,0,0,0,,0,0,0,0,0,,0,0,0,0,0,0,0,0,0,0,0,0,0,0,0,0,0,0,0,0,,,0,0,0,,0,0,0,0,0,,0,0,7,0,0,0,0,0,0,0,0,7
B,Alkanibacter_sp,0,0,0,0,0,0,0,0,0,0,0,0,0,0,0,0,0,0,0,0,0,0,0,0,0,0,0,0,0,0,0,0,0,0,0,0,0,0,0,0,0,0,0,0,0,0,0,0,0,0,0,,0,0,0,0,0,,0,0,0,0,0,0,0,0,0,0,0,0,0,0,0,0,0,0,0,0,,,0,0,0,,19,0,0,0,0,,0,0,0,0,0,0,0,0,0,0,0,0
B,Polycyclovorans_sp,70,2,0,68,0,0,0,0,0,2,0,0,0,0,0,0,0,0,0,0,0,0,0,0,0,0,0,0,0,0,0,0,0,0,0,0,0,0,0,0,0,0,0,0,0,0,0,0,0,0,0,,0,0,0,0,0,,0,0,0,0,0,0,0,0,0,0,0,0,0,0,0,0,0,0,0,0,,,0,0,0,,0,0,0,0,0,,0,1,0,38,0,35,0,71,0,0,0,0
B,Polycyclovorans_sp582,0,0,0,0,0,0,0,45,41,14,0,61,75,0,23,0,0,0,0,19,0,25,0,20,0,0,0,0,0,0,0,16,0,0,0,0,0,65,0,0,6,18,0,0,0,0,0,0,0,0,0,,0,0,0,0,0,,0,0,0,0,0,0,0,0,0,0,0,0,0,0,0,0,0,0,0,0,,,0,0,0,,0,0,0,0,0,,0,0,18,0,0,0,27,0,0,0,32,70
B,Polycyclovorans_sp583,0,0,0,0,0,41,44,0,0,0,0,0,0,55,0,0,50,57,0,0,72,0,3,0,0,0,50,0,0,37,44,0,0,0,0,24,0,66,62,45,0,0,0,0,0,0,0,0,0,0,0,,0,0,0,0,0,,0,0,0,0,0,0,0,0,0,0,0,0,0,0,0,0,0,0,0,0,,,0,0,0,,0,0,0,0,0,,5,76,0,0,0,0,0,0,35,0,0,0
B,Unid_Solimonadaceae584,29,0,0,1,0,20,9,3,12,0,7,20,0,0,0,0,0,0,0,0,16,29,0,15,0,0,0,12,0,0,9,28,0,0,0,0,0,0,5,19,25,14,0,0,0,0,0,0,0,0,0,,0,0,0,0,0,,0,0,0,0,0,0,0,0,0,0,0,0,0,0,0,0,0,0,0,0,,,0,0,0,,0,0,0,0,0,,23,0,26,3,10,22,26,30,2,32,73,23
B,Unid_Steroidobacteraceae,0,0,19,0,0,22,2,0,0,130,160,0,0,0,0,31,6,2,0,18,11,0,20,20,0,50,0,0,0,0,0,8,0,0,0,0,0,18,0,0,44,22,0,0,0,0,0,0,0,0,0,,0,0,0,0,0,,0,0,0,0,0,0,0,0,0,0,0,0,0,0,0,0,0,0,0,3,,,0,0,0,,0,0,0,0,0,,13,0,0,7,0,21,0,0,3,13,7,0
B,Povalibacter_sp,0,0,0,0,0,0,0,0,0,0,0,0,0,0,0,0,0,0,0,0,0,0,0,0,0,0,0,0,0,0,0,0,0,0,0,0,0,0,0,0,0,0,0,0,0,0,0,0,0,0,0,,0,0,0,0,0,,0,0,0,0,0,0,0,0,0,0,0,0,0,0,0,0,0,0,0,0,,,0,0,0,,0,0,0,0,0,,0,0,0,0,0,0,0,0,0,0,0,1
B,Steroidobacter_sp,162,169,322,125,246,138,232,141,372,0,0,125,140,117,0,80,76,0,172,143,204,158,256,199,0,111,241,0,146,303,0,0,73,149,135,2,261,147,135,211,145,202,0,0,20,0,0,0,0,0,0,,0,0,31,0,0,,0,0,0,0,26,0,0,0,0,0,0,0,0,0,0,0,0,0,0,339,,,0,0,0,,0,0,0,0,0,,188,181,203,157,237,177,376,231,175,0,180,143
B,Steroidobacter_sp585,0,0,0,0,0,0,0,0,6,0,0,0,0,0,0,0,0,0,0,0,0,0,0,0,0,0,0,0,0,0,0,0,0,0,0,0,0,0,0,0,0,0,0,0,0,0,0,0,0,0,0,,0,0,0,0,0,,0,0,0,0,0,0,0,0,0,0,0,0,0,0,0,0,0,0,0,0,,,0,0,0,,0,0,0,0,0,,0,0,0,0,0,0,0,0,0,0,0,0
B,Steroidobacter_denitrificans,0,0,0,0,0,0,0,0,0,0,0,0,0,0,0,0,0,0,0,0,0,0,0,0,133,0,0,0,0,0,0,0,0,0,0,0,0,0,0,0,0,0,0,0,0,0,0,0,0,0,0,,0,0,0,0,0,,0,0,0,0,0,0,0,0,0,0,0,0,0,0,0,0,0,0,0,0,,,0,0,0,,0,0,0,0,0,,0,0,0,0,0,0,0,0,0,0,0,0
B,Steroidobacter_sp586,0,0,0,0,0,0,0,0,0,0,0,0,30,0,0,0,0,0,0,0,0,0,0,0,0,0,0,0,0,0,0,0,0,0,0,0,0,0,0,0,0,0,0,0,0,0,0,0,0,0,0,,0,0,0,0,0,,0,0,0,0,0,0,0,0,0,0,0,0,0,0,0,0,0,0,0,0,,,0,0,0,,0,0,0,0,0,,17,0,0,0,0,0,0,0,0,0,0,0
B,Steroidobacter_sp587,0,0,0,0,0,0,0,0,0,0,0,0,0,0,0,0,0,0,0,0,0,0,0,0,0,0,28,0,0,0,0,0,0,0,0,0,0,0,0,0,0,0,0,0,0,0,0,0,0,0,0,,0,0,0,0,0,,0,0,0,0,0,0,0,0,0,0,0,0,0,0,0,0,0,0,0,0,,,0,0,0,,0,0,0,0,0,,0,0,0,0,0,0,0,0,0,0,0,0
B,Unid_Steroidobacteraceae588,21,76,42,46,71,42,92,0,35,4,15,55,20,98,75,59,87,0,67,0,1,21,20,0,14,0,67,54,0,13,63,59,81,38,94,0,0,22,34,76,65,0,0,0,0,0,0,0,0,0,0,,0,0,0,0,0,,0,0,0,0,0,0,0,0,0,0,0,0,0,0,0,0,0,0,0,0,,,0,0,0,,0,0,0,0,0,,51,44,68,41,40,0,24,51,23,0,14,0
B,Unid_Steroidobacteraceae589,0,0,0,0,0,0,0,0,0,0,0,0,0,24,0,0,0,0,0,0,10,51,0,0,0,0,0,0,0,0,0,17,0,0,0,0,0,0,0,0,78,26,0,0,0,0,0,0,0,0,0,,0,0,0,0,0,,0,0,0,0,0,0,0,0,0,0,0,0,0,0,0,0,0,0,0,0,,,0,0,0,,0,0,0,0,0,,0,0,35,21,37,0,0,0,0,0,0,0
B,Unid_Steroidobacteraceae590,0,0,0,0,0,0,0,0,28,0,0,0,41,0,0,0,0,0,0,0,36,0,0,70,0,38,0,0,0,0,0,0,0,0,0,0,0,0,0,0,0,0,0,0,0,0,0,0,0,0,0,,0,0,0,0,0,,0,0,0,0,0,0,0,0,0,0,0,0,0,0,0,0,0,0,0,0,,,0,0,0,,0,0,0,0,0,,0,0,0,0,0,0,0,0,0,33,0,0
B,Unid_Steroidobacteraceae591,0,0,0,0,0,0,0,0,0,0,0,0,0,0,0,0,0,0,0,0,0,0,0,0,0,0,0,0,0,0,0,0,1,0,0,0,0,0,0,0,0,0,0,0,0,0,0,0,0,0,0,,0,0,0,0,0,,0,0,0,0,0,0,0,0,0,0,0,0,0,0,0,0,0,0,0,0,,,0,0,0,,0,0,0,0,0,,0,0,0,0,0,0,0,0,0,0,0,0
B,Unid_Steroidobacteraceae592,0,0,0,0,0,0,0,0,0,0,0,0,0,0,0,0,0,0,0,0,0,0,0,0,0,0,0,0,0,0,0,0,0,0,0,0,6,0,0,0,0,0,0,0,0,0,0,0,0,0,0,,0,0,0,0,0,,0,0,0,0,0,0,0,0,0,0,0,0,0,0,0,0,0,0,0,0,,,0,0,0,,0,0,0,0,0,,0,0,0,0,0,0,0,0,0,0,0,0
B,Unid_Steroidobacteraceae593,0,0,0,0,0,0,0,0,0,0,0,0,0,0,0,0,0,0,0,0,0,0,0,0,0,0,0,0,0,0,0,0,0,0,0,0,0,0,0,0,0,0,0,0,0,0,0,0,0,0,0,,0,0,0,0,0,,0,0,0,0,0,0,0,0,0,0,0,0,0,0,0,0,0,0,0,0,,,0,0,0,,0,0,0,0,0,,1,0,0,0,0,0,0,0,0,0,0,0
B,Unid_Steroidobacteraceae594,0,0,0,0,0,0,0,36,0,0,13,0,0,0,8,0,0,0,0,0,11,0,4,0,0,0,0,0,0,3,21,0,0,0,0,0,0,0,0,0,0,0,0,0,0,0,0,0,0,0,0,,0,0,0,0,0,,0,0,0,0,0,0,0,0,0,0,0,0,0,0,0,0,0,0,0,0,,,0,0,0,,0,0,0,0,0,,0,0,0,0,0,28,0,0,0,9,6,0
B,Unid_Woeseiaceae,0,0,0,0,0,0,0,0,0,0,0,0,0,0,0,0,0,0,0,0,0,0,0,0,0,0,25,0,0,0,0,0,0,0,0,0,0,0,0,0,0,0,0,0,0,0,0,0,0,0,0,,0,0,0,0,0,,0,0,0,0,0,0,0,0,0,0,0,0,0,0,0,0,0,0,0,0,,,0,0,0,,0,0,0,0,0,,0,0,0,0,0,0,0,0,0,0,0,0
B,Woeseia_sp,0,0,0,0,0,0,0,0,59,0,0,23,93,0,0,0,0,0,0,0,0,0,0,0,0,22,0,0,0,0,0,0,0,0,0,0,0,0,0,56,0,0,0,0,0,0,0,0,0,0,0,,0,0,0,0,0,,0,0,0,0,0,0,0,0,0,0,0,0,0,0,0,0,0,0,0,0,,,0,0,0,,0,0,0,0,0,,0,0,0,0,0,0,0,0,0,0,0,83
B,Woeseia_sp595,0,0,0,0,0,0,0,0,0,0,0,0,0,0,0,0,0,0,0,0,0,0,0,0,0,0,0,0,0,0,0,0,53,0,0,0,0,0,0,0,0,0,0,0,0,0,0,0,0,0,0,,0,0,0,0,0,,0,0,0,0,0,0,0,0,0,0,0,0,0,0,0,0,0,0,0,0,,,0,0,0,,0,0,0,0,0,,0,0,0,0,0,0,0,0,0,0,0,0
B,Vibrio_sp,0,0,0,0,0,0,0,0,0,0,0,0,0,0,0,0,0,0,0,0,0,0,0,0,0,0,0,0,0,0,0,0,0,0,0,0,0,0,0,0,0,0,0,0,0,0,0,0,0,0,0,,0,0,0,0,0,,0,0,0,0,0,0,0,0,0,0,0,0,0,0,0,0,0,0,0,0,,,0,0,0,,0,0,0,0,0,,0,0,0,0,0,0,0,0,0,0,0,130
B,Unid_Gammaproteobacteria596,0,0,0,0,0,0,0,0,0,0,0,0,0,0,0,0,0,0,0,0,0,0,0,0,0,0,0,0,0,0,0,0,0,0,0,0,0,0,0,0,0,0,0,0,0,0,0,0,0,0,0,,0,0,0,0,0,,0,0,0,0,0,0,0,0,0,0,0,0,0,0,0,0,0,0,0,0,,,0,0,0,,57,0,0,0,0,,0,0,0,0,0,0,0,0,0,0,0,0
B,Unid_Rhodanobacteraceae,0,0,0,0,0,0,0,0,0,0,0,0,0,0,0,0,0,0,0,0,0,0,4,0,0,0,0,0,0,0,0,0,0,0,0,0,0,0,0,0,0,0,0,0,0,0,0,0,0,0,0,,0,0,0,0,0,,0,0,0,0,0,0,0,0,0,0,0,0,0,0,0,0,0,0,0,0,,,0,0,0,,0,0,0,0,0,,0,0,0,0,0,0,0,0,0,0,0,0
B,Ahniella_sp,0,0,0,0,0,0,0,0,0,0,0,0,0,0,0,0,0,0,0,0,0,0,0,0,0,0,0,0,0,0,0,0,0,0,0,0,0,38,0,0,0,0,0,0,0,0,0,0,0,0,0,,0,0,0,0,0,,0,0,0,0,0,0,0,0,0,0,0,0,0,0,0,0,0,0,0,0,,,0,0,0,,0,0,0,0,0,,0,0,0,0,0,0,0,0,0,0,0,0
B,Unid_Rhodanobacteraceae597,0,0,0,0,0,0,39,0,27,0,0,0,0,0,0,34,0,0,0,0,0,38,0,0,0,0,0,0,0,0,53,0,0,0,70,26,0,45,0,0,0,0,0,0,0,0,0,0,0,0,0,,0,0,0,0,0,,0,0,0,0,0,0,0,0,0,0,0,0,0,0,0,0,0,0,0,0,,,0,0,0,,0,0,0,0,0,,0,0,0,0,82,0,35,0,0,28,51,30
B,Unid_Rhodanobacteraceae598,0,0,0,0,0,0,0,0,0,0,0,0,0,0,0,0,0,0,0,0,0,0,0,0,0,31,0,0,0,0,0,0,0,0,0,0,0,0,0,0,0,0,0,0,0,0,0,0,0,0,0,,0,0,0,0,0,,0,0,0,0,0,0,0,0,0,0,0,0,0,0,0,0,0,0,0,1,,,0,0,0,,0,0,0,0,0,,0,0,0,0,0,0,0,0,0,24,0,0
B,Unid_Rhodanobacteraceae599,0,0,0,0,0,0,0,0,0,0,0,0,0,0,0,0,0,0,0,0,0,0,0,0,0,0,0,36,0,0,0,0,0,0,0,0,0,0,0,0,0,0,0,0,0,0,0,0,0,0,0,,0,0,0,0,0,,0,0,0,0,0,0,0,0,0,0,0,0,0,0,0,0,0,0,0,0,,,0,0,0,,0,0,0,0,0,,0,0,0,0,0,0,0,0,0,0,0,0
B,Unid_Xanthomonadales,0,0,0,0,0,0,0,0,0,0,0,0,0,0,0,0,0,0,8,0,0,0,0,0,0,0,0,0,0,0,0,0,0,0,0,0,0,0,0,0,0,0,0,0,0,0,0,0,0,0,0,,0,0,0,0,0,,0,0,0,0,0,0,0,0,0,0,0,0,0,0,0,0,0,0,0,0,,,0,0,0,,0,0,0,0,0,,0,0,0,0,0,0,0,0,0,0,0,0
B,Unid_Xanthomonadaceae,0,0,0,0,0,0,0,22,0,0,0,0,0,0,0,0,0,0,0,0,0,0,0,0,2,40,0,0,0,9,0,45,0,0,0,0,40,33,0,0,0,26,0,0,0,0,0,0,0,0,0,,0,0,0,0,0,,0,0,0,0,0,0,0,0,0,0,0,0,0,0,0,0,0,0,0,0,,,0,0,0,,0,0,0,0,0,,0,0,35,0,0,0,0,0,0,20,23,0
B,Arenimonas_sp,26,32,63,1,34,142,97,0,157,0,37,0,0,80,6,0,39,65,51,51,79,9,93,24,0,48,99,0,102,5,44,76,58,104,0,166,117,114,124,22,33,131,0,0,0,0,0,0,0,0,0,,0,0,0,0,0,,0,0,0,0,0,27,0,0,0,0,0,0,0,0,0,0,0,0,0,0,,,0,0,0,,0,0,0,0,0,,0,0,109,74,82,42,69,43,28,0,65,116
B,Arenimonas_daechungensis,0,0,4,0,0,0,0,0,0,0,0,0,0,0,0,0,0,0,0,0,0,0,0,0,0,0,0,0,0,0,0,0,0,0,0,0,0,0,0,0,0,0,0,0,0,0,0,0,0,0,0,,0,0,0,0,0,,0,0,0,0,0,0,0,0,0,0,0,0,0,0,0,0,0,0,0,0,,,0,0,0,,0,0,0,0,0,,0,0,0,0,0,0,0,0,0,0,0,0
B,Arenimonas_daejeonensis,86,78,84,0,42,0,0,0,0,0,0,0,141,0,0,0,0,0,0,155,0,0,0,68,0,6,0,57,0,0,44,0,73,0,54,0,0,0,0,0,0,0,0,0,0,0,0,0,0,0,0,,0,0,0,0,0,,0,0,0,0,0,0,0,0,0,0,0,0,0,0,0,14,0,0,0,92,,,0,0,0,,0,0,0,0,0,,55,0,0,0,0,46,0,0,0,65,0,0
B,Arenimonas_sp600,0,3,0,0,0,0,0,0,0,0,0,0,0,0,0,0,0,0,0,0,0,0,0,0,0,0,0,0,0,0,0,0,0,0,39,0,0,0,0,0,0,0,0,0,0,0,0,0,0,0,0,,0,0,0,0,0,,0,0,0,0,0,0,0,0,0,0,0,0,0,0,0,0,0,0,0,0,,,0,0,0,,0,0,0,0,0,,0,0,0,0,0,0,0,0,0,0,0,0
B,Arenimonas_sp601,0,0,0,75,0,0,0,0,0,0,0,0,0,0,0,0,58,0,0,0,0,40,34,0,0,0,0,0,0,0,0,33,0,0,0,55,0,0,0,21,0,0,0,0,0,0,0,0,0,0,0,,0,0,0,0,0,,0,0,0,0,0,0,0,0,0,0,0,0,0,0,0,0,0,0,0,0,,,0,0,0,,0,0,0,0,0,,46,41,0,0,0,0,14,47,0,54,89,30
B,Arenimonas_sp602,0,0,0,0,0,0,0,0,0,0,0,0,0,0,0,0,0,0,0,0,0,0,0,0,0,0,0,0,0,0,0,0,0,0,0,0,0,0,0,0,0,0,0,0,0,0,0,0,0,0,0,,0,0,0,0,0,,0,0,0,0,0,0,0,0,0,0,0,0,0,0,0,0,0,0,0,0,,,0,0,0,,0,0,0,0,0,,0,0,0,0,0,0,0,0,27,0,0,0
B,Luteimonas_sp,0,0,0,0,0,0,0,0,0,0,0,0,0,0,0,0,0,0,0,1,0,0,0,0,18,0,0,0,30,0,0,20,0,0,0,0,0,0,0,0,0,25,0,0,0,0,0,0,0,0,0,,0,0,0,0,0,,0,0,0,0,0,0,0,0,0,0,0,0,0,0,0,0,0,0,0,0,,,0,0,0,,0,0,0,0,0,,27,0,0,0,38,0,0,52,0,0,0,0
B,Luteimonas_sp603,0,0,0,0,0,0,0,0,0,0,0,0,0,0,0,0,0,0,0,0,0,0,0,0,0,0,0,0,0,0,0,0,0,0,0,0,0,0,0,0,0,0,0,0,0,0,0,0,0,0,0,,0,0,0,0,0,,0,0,0,0,0,0,0,0,0,0,0,0,0,0,0,0,0,0,0,0,,,0,0,0,,0,0,0,0,0,,0,0,17,0,0,0,0,0,0,0,0,0
B,Lysobacter_sp,88,78,26,67,101,0,47,24,0,148,11,54,76,144,36,0,0,0,79,0,136,0,95,53,96,0,31,64,26,0,83,107,37,0,40,0,35,46,56,55,126,0,0,0,0,0,0,0,0,0,26,,0,44,0,0,0,,0,0,0,0,0,0,0,0,0,0,0,0,0,0,0,0,0,0,0,0,,,0,0,0,,0,0,0,0,0,,83,65,133,0,0,74,43,59,89,148,48,227
B,Lysobacter_antibioticus,0,0,0,0,0,0,0,0,0,0,0,0,0,0,0,0,0,0,0,0,0,0,0,0,0,70,0,0,0,0,0,57,0,0,0,0,0,0,0,0,0,0,0,0,0,0,0,0,0,0,0,,0,0,0,0,0,,0,0,0,0,0,0,0,0,0,0,0,0,0,0,0,0,0,0,0,0,,,0,0,0,,0,0,0,0,0,,0,0,0,0,0,0,0,0,0,0,0,0
B,Lysobacter_fragariae,0,0,0,0,0,0,0,0,0,0,0,0,0,0,0,0,0,0,0,0,0,0,0,0,0,0,0,0,0,0,0,0,0,0,0,0,0,0,0,0,0,0,0,0,0,0,0,0,0,0,0,,0,0,0,0,0,,0,0,0,0,0,0,0,0,0,0,0,0,0,0,0,0,0,0,0,0,,,0,0,0,,0,0,0,0,0,,37,0,0,0,0,0,57,0,0,0,0,0
B,Lysobacter_humi,0,0,0,0,0,0,0,0,0,0,0,0,0,0,0,0,0,0,0,0,0,0,0,0,0,0,0,0,0,0,0,0,0,0,0,0,0,0,0,0,0,0,0,0,0,0,0,0,0,0,0,,0,0,0,0,0,,0,0,0,0,0,0,0,0,0,0,0,0,0,0,0,0,0,0,0,0,,,0,0,0,,0,0,0,0,0,,0,36,0,0,0,0,0,0,0,0,0,0
B,Lysobacter_rhizophilus,0,0,0,0,0,0,0,0,0,0,0,0,0,0,0,0,0,0,0,0,0,0,0,0,0,0,0,0,0,0,0,0,0,0,0,0,0,0,0,0,0,0,0,0,0,0,0,0,0,0,0,,0,0,0,0,0,,0,0,0,0,0,0,0,0,0,0,0,0,0,0,0,0,0,0,0,0,,,0,0,0,,0,0,0,0,0,,0,0,0,0,0,0,13,0,0,0,0,0
B,Lysobacter_soli,0,0,0,0,0,0,0,0,0,0,0,0,0,0,0,0,0,0,0,0,0,0,0,0,0,0,0,0,0,0,0,0,0,0,0,0,0,0,0,0,0,0,0,0,0,0,0,0,0,0,0,,0,0,0,0,0,,23,0,0,0,0,0,0,0,0,0,0,0,0,0,0,0,0,0,0,0,,,0,0,10,,0,0,0,0,0,,0,0,0,0,0,0,0,0,0,0,0,0
B,Lysobacter_terricola,0,62,0,0,0,0,73,0,63,0,0,0,0,0,0,0,0,0,0,0,0,0,0,42,0,0,51,0,0,103,0,0,0,0,0,0,81,0,109,36,0,52,0,0,0,0,0,0,0,0,0,,0,0,0,0,0,,0,0,0,0,0,0,0,0,0,0,0,0,0,0,0,0,0,0,0,0,,,0,0,0,,0,0,0,0,0,,0,73,61,0,0,0,0,0,0,0,48,0
B,Lysobacter_yangpyeongensis,0,0,0,0,0,0,0,0,0,0,49,0,0,0,0,0,0,0,0,0,0,0,0,0,0,0,0,0,0,0,0,0,0,0,0,0,0,0,0,0,0,0,0,0,0,0,0,0,0,0,0,,0,0,0,0,0,,0,0,0,0,0,0,0,0,0,0,0,0,0,0,0,0,0,0,0,0,,,0,0,0,,0,0,0,0,0,,0,0,0,0,0,0,0,0,0,0,0,0
B,Lysobacter_sp604,0,0,56,0,0,0,0,92,58,0,59,0,0,0,0,0,0,0,0,0,0,0,0,0,0,0,124,0,0,0,0,0,55,0,43,0,98,0,0,0,0,97,0,0,0,0,0,0,0,0,0,,0,0,0,0,0,,0,0,0,0,0,0,0,0,0,0,0,0,0,0,0,0,0,0,0,0,,,0,0,0,,0,0,0,0,0,,0,0,0,0,86,0,88,0,0,0,0,0
B,Lysobacter_sp605,0,0,0,0,0,0,0,0,0,0,0,0,0,0,0,0,0,0,54,0,0,0,0,0,0,0,0,0,0,0,0,0,0,0,0,0,0,0,0,0,0,0,0,0,0,0,0,0,0,0,0,,0,0,0,0,0,,0,0,0,0,0,0,0,0,0,0,0,0,0,0,0,0,0,0,0,0,,,0,0,0,,0,0,0,0,0,,0,0,0,0,0,0,0,0,0,0,0,0
B,Pseudoxanthomonas_sp,0,0,0,0,0,0,0,0,0,0,0,0,0,10,0,0,0,0,0,0,0,0,24,0,0,0,0,0,0,0,0,0,0,0,0,0,9,0,0,0,0,0,23,0,0,0,0,0,0,0,0,,0,0,0,0,0,,0,0,0,0,0,0,0,0,0,0,0,0,0,0,0,0,0,0,0,29,,,0,0,0,,0,0,0,0,0,,0,0,0,0,0,0,0,0,0,0,0,0
B,Pseudoxanthomonas_sp606,0,0,0,0,0,0,0,0,0,0,0,0,0,0,0,0,0,0,0,0,0,0,0,0,0,0,0,0,0,0,0,0,0,0,0,0,0,0,0,0,0,0,0,0,0,0,0,0,0,0,0,,0,20,0,0,0,,0,0,0,0,0,0,0,0,0,0,0,0,0,0,0,0,0,0,0,0,,,0,0,0,,0,0,0,0,0,,0,0,0,0,0,0,0,0,0,0,0,0
B,Stenotrophomonas_sp,0,90,0,0,0,0,0,0,0,0,0,0,0,0,0,0,0,0,0,0,0,0,0,0,0,0,0,0,0,0,0,0,0,0,0,0,0,0,0,0,0,0,0,0,0,0,0,0,0,0,0,,0,0,0,0,0,,0,0,0,0,0,0,0,0,0,0,0,0,0,0,0,0,0,0,0,0,,,0,0,0,,0,0,0,0,0,,0,0,0,0,0,0,0,0,0,0,0,0
B,Unid_Xanthomonadaceae607,0,0,0,0,0,0,0,0,0,0,0,0,0,0,0,0,0,0,0,0,0,0,0,0,0,0,0,0,0,0,0,0,0,0,0,0,0,0,0,0,0,0,0,0,0,0,0,0,0,0,0,,0,0,0,0,0,,0,0,0,0,0,0,0,0,0,0,0,0,0,0,0,0,0,0,0,0,,,0,0,0,,13,0,0,0,0,,0,0,0,0,0,0,0,0,0,0,0,0
B,hydrothermal_vent,0,0,0,17,0,0,0,0,0,0,0,0,0,0,0,0,0,0,0,0,0,0,0,0,0,0,0,0,0,0,0,0,0,0,0,0,0,0,0,0,0,0,0,0,0,0,0,0,0,0,0,,0,0,0,0,0,,0,0,0,0,0,0,0,0,0,0,0,0,0,0,0,0,0,0,0,0,,,0,0,0,,0,0,0,0,0,,0,0,0,14,0,0,0,0,0,0,0,0
B,Unid_608,0,0,0,0,0,0,0,0,26,0,0,0,1,0,0,0,0,0,0,0,0,0,0,0,0,0,0,0,0,0,0,0,0,0,0,0,0,0,0,0,0,0,0,0,0,0,0,0,0,0,0,,0,0,0,0,0,,0,0,0,0,0,0,0,0,0,0,0,0,0,0,0,0,0,0,0,0,,,0,0,0,,0,0,0,0,0,,0,0,0,0,0,0,0,0,0,0,0,0
B,Unid_609,0,0,0,0,0,0,0,0,12,0,0,0,0,0,0,0,0,0,0,0,0,0,0,0,0,0,0,0,0,0,0,8,0,0,0,0,0,12,0,0,0,0,0,0,0,0,0,0,0,0,0,,0,0,0,0,0,,0,0,0,0,0,0,0,0,0,0,0,0,0,0,0,0,0,0,0,0,,,0,0,0,,0,0,0,0,0,,0,0,0,0,0,0,0,0,0,8,0,0
B,Unid_610,0,0,0,0,0,0,0,0,0,0,0,0,0,0,0,0,0,0,0,0,0,0,0,0,0,0,0,0,0,0,0,0,0,0,0,0,0,0,0,0,0,0,0,0,0,0,0,0,0,0,0,,0,0,0,0,0,,0,0,0,0,0,0,0,0,0,0,0,0,0,0,0,0,0,0,0,0,,,0,0,0,,0,0,0,0,0,,0,0,0,0,0,0,0,0,0,0,12,0
B,Unid_Spirochaetaceae,0,0,0,0,0,0,0,0,0,0,0,0,7,0,0,0,0,0,0,0,0,0,0,0,0,0,0,0,0,0,0,0,0,0,0,0,0,0,0,0,0,0,0,0,0,0,0,0,0,0,0,,0,0,0,0,0,,0,0,0,0,0,0,0,0,0,0,0,0,0,0,0,0,0,0,0,0,,,0,0,0,,0,0,0,0,0,,0,0,0,0,0,0,0,0,0,0,0,0
B,Sumerlaea_sp,0,0,0,0,0,0,0,0,0,0,0,0,0,0,0,0,0,0,0,0,0,0,0,0,0,0,0,0,0,0,0,0,0,0,0,0,0,0,0,0,0,0,0,0,0,0,0,0,0,0,0,,0,0,0,0,0,,0,0,0,0,0,0,0,0,0,0,0,0,0,0,0,0,0,0,0,0,,,0,0,0,,0,0,0,0,0,,0,0,0,0,0,0,0,0,0,0,5,0
B,Sumerlaea_sp611,0,0,0,0,0,0,0,0,0,0,0,0,0,0,0,0,0,0,0,0,0,0,0,0,0,0,0,0,0,0,0,0,0,0,0,0,0,0,0,0,0,0,0,0,0,0,0,0,0,0,0,,0,0,0,0,0,,0,0,0,0,0,0,0,0,0,0,0,0,0,0,0,0,0,0,0,0,,,0,0,0,,0,0,0,0,0,,0,0,0,0,0,0,0,0,9,0,0,0
B,Sumerlaea_sp612,0,0,20,0,0,0,0,0,0,0,0,0,0,0,0,0,0,0,0,0,0,0,0,0,0,0,0,0,0,0,0,0,0,0,0,0,0,0,0,0,0,0,0,0,0,0,0,0,0,0,0,,0,0,0,0,0,,0,0,0,0,0,0,0,0,0,0,0,0,0,0,0,0,0,0,0,0,,,0,0,0,,0,0,0,0,0,,0,0,0,0,0,0,0,0,0,0,0,24
B,Unid_Criblamydiaceae,0,0,0,0,0,0,0,0,0,0,0,0,0,0,0,0,0,0,0,0,12,0,0,0,0,0,0,0,0,0,0,0,0,0,0,0,0,0,0,0,0,0,0,0,0,0,0,0,0,0,0,,0,0,0,0,0,,0,0,0,0,0,0,0,0,0,0,0,0,0,0,0,0,0,0,0,0,,,0,0,0,,0,0,0,0,0,,0,0,0,0,0,0,0,0,0,0,0,0
B,Unid_Chlamydiales,0,0,0,0,0,0,0,0,0,0,0,0,0,0,0,0,0,0,0,0,0,0,0,0,0,0,0,0,0,0,0,0,0,0,0,0,0,0,0,0,0,0,0,0,0,0,0,0,0,0,0,,0,0,0,0,0,,0,0,0,0,0,0,0,0,0,0,0,0,0,0,0,0,0,0,0,0,,,0,0,0,,34,0,0,0,0,,0,0,0,0,0,0,0,0,0,0,0,0
B,Unid_Chlamydiales613,0,0,0,0,0,0,7,0,0,0,0,0,0,0,0,0,0,0,0,0,0,26,0,0,0,0,0,0,0,12,0,0,0,0,0,0,0,0,0,0,15,0,0,0,0,0,0,0,0,0,0,,0,0,0,0,0,,0,0,0,0,0,0,0,0,0,0,0,0,0,0,0,0,0,0,0,0,,,0,0,0,,0,0,0,0,0,,0,0,0,27,0,0,0,0,0,0,0,0
B,Unid_Parachlamydiaceae,0,0,0,0,0,0,0,0,0,0,0,0,0,0,0,4,0,0,0,0,0,0,0,0,0,0,0,0,0,0,0,0,0,0,0,0,0,0,0,0,0,0,0,0,0,0,0,0,0,0,0,,0,0,0,0,0,,0,0,0,0,0,0,0,0,0,0,0,0,0,0,0,0,0,0,0,0,,,0,0,0,,0,0,0,0,0,,0,0,0,0,0,0,0,0,0,0,0,0
B,Candidatus_Metachlamydia,0,0,0,0,0,0,0,0,0,0,0,0,0,0,0,0,0,0,0,0,0,0,0,0,0,0,0,0,0,0,0,0,0,0,0,0,0,0,0,0,0,0,0,0,0,0,0,0,0,0,0,,0,0,0,0,0,,0,0,0,0,0,0,0,0,0,0,0,0,0,0,0,0,0,0,0,0,,,0,0,0,,32,0,0,0,0,,0,0,0,0,0,0,0,0,0,0,0,0
B,Candidatus_Protochlamydia_sp,0,0,0,0,0,0,0,0,0,0,0,0,0,0,0,0,0,0,0,0,0,0,0,0,0,0,0,0,0,0,0,0,0,0,0,0,0,0,0,0,0,0,0,0,0,0,0,0,0,0,0,,0,0,0,0,0,,0,3,0,0,0,0,0,0,0,0,0,0,0,0,0,0,0,0,0,0,,,0,0,0,,0,0,0,0,0,,0,0,0,0,0,0,0,0,0,0,0,0
B,Candidatus_Protochlamydia_sp614,0,0,21,0,0,0,0,0,0,0,0,0,0,0,0,10,0,0,0,0,0,0,0,0,0,0,0,0,6,0,0,0,0,0,0,0,0,13,0,0,0,0,0,0,0,0,0,0,0,0,0,,0,0,0,0,0,,0,0,0,0,0,0,0,0,0,0,0,0,0,0,0,0,0,0,0,0,,,0,0,0,,0,0,0,0,0,,0,0,0,0,0,0,0,0,0,0,0,0
B,Candidatus_Protochlamydia_sp615,0,0,0,0,0,0,0,0,0,0,0,0,0,0,0,0,0,0,0,0,0,0,0,0,0,0,0,0,0,0,0,0,0,0,0,0,0,0,0,0,0,15,0,0,0,0,0,0,0,0,0,,0,0,0,0,0,,0,0,0,0,0,0,0,0,0,0,0,0,0,0,0,0,0,0,0,0,,,0,0,0,,0,0,0,0,0,,0,0,0,0,0,0,0,0,0,0,0,0
B,Neochlamydia_sp,0,0,0,0,0,0,0,0,0,0,0,0,0,0,0,0,0,0,0,0,0,0,0,0,0,0,0,0,0,0,0,0,0,0,0,0,0,0,0,0,0,0,0,0,0,0,0,0,0,0,0,,0,0,0,0,0,,0,0,0,0,0,0,0,0,0,0,0,0,0,0,0,0,0,0,0,0,,,0,0,0,,0,0,0,0,0,,14,0,0,0,0,0,0,0,0,0,0,0
B,Unid_Simkaniaceae,0,0,0,0,0,0,0,0,0,0,0,0,0,0,0,0,0,0,0,0,0,0,0,0,0,0,0,5,0,0,0,0,0,0,11,0,0,0,0,0,0,0,0,0,0,0,0,0,0,0,0,,0,0,0,0,0,,0,0,0,0,0,0,0,0,0,0,0,0,0,0,0,0,0,0,0,0,,,0,0,0,,0,0,0,0,0,,0,0,0,0,0,0,0,0,0,0,13,0
B,Waddlia_sp,0,0,0,0,0,0,2,0,0,0,0,0,19,0,0,0,0,0,0,0,0,0,0,0,0,0,0,0,0,0,11,0,0,0,0,0,0,0,0,0,0,0,0,0,0,0,0,0,0,0,0,,0,0,0,0,0,,0,0,0,0,0,0,0,0,0,0,0,0,0,0,0,0,0,0,0,0,,,0,0,0,,0,0,0,0,0,,0,0,0,0,0,0,0,0,0,0,0,0
B,Waddlia_sp616,0,0,0,0,0,0,0,0,0,0,0,0,0,0,0,0,0,0,0,0,0,0,0,0,0,0,0,0,0,0,0,0,0,0,0,0,0,48,0,0,0,0,0,0,0,0,0,0,0,0,0,,0,0,0,0,0,,0,0,0,0,0,0,0,0,0,0,0,0,0,0,0,0,0,0,0,0,,,0,0,0,,0,0,0,0,0,,0,0,0,0,0,0,0,0,0,0,0,0
B,Waddlia_sp617,0,0,0,0,0,0,0,0,0,0,0,0,0,0,14,0,0,0,0,0,0,0,0,0,0,0,0,0,0,0,0,0,0,0,0,0,0,0,0,0,0,0,0,0,0,0,0,0,0,0,0,,0,0,0,0,0,,0,0,0,0,0,0,0,0,0,0,0,0,0,0,0,0,0,0,0,0,,,0,0,0,,0,0,0,0,0,,0,0,0,0,0,0,0,0,0,0,0,0
B,Candidatus_Omnitrophus_sp,0,0,0,0,0,0,0,0,0,0,0,0,0,0,0,0,0,0,0,0,0,0,0,0,0,0,0,0,0,0,0,0,0,13,13,0,0,0,0,0,0,0,0,0,0,0,0,0,0,0,0,,0,0,0,0,0,,0,0,0,0,0,0,0,0,0,0,0,0,0,0,0,0,0,0,0,0,,,0,0,0,,0,0,0,0,0,,0,0,0,0,0,0,0,26,15,0,0,0
B,Candidatus_Omnitrophus,0,0,0,0,0,0,0,0,0,0,0,0,0,6,0,0,0,0,0,0,0,0,0,0,0,0,0,0,0,0,0,0,0,0,0,0,0,0,0,0,0,0,0,0,0,0,0,0,0,0,0,,0,0,0,0,0,,0,0,0,0,0,0,0,0,0,0,0,0,0,0,0,0,0,0,0,0,,,0,0,0,,0,0,0,0,0,,0,0,0,0,0,0,0,15,0,0,0,0
B,Omnitrophica_bacterium,0,0,0,0,0,0,0,0,45,0,0,0,0,0,0,19,0,0,0,0,0,0,0,0,0,0,24,0,0,0,0,0,0,0,0,0,0,0,0,0,0,0,0,0,0,0,0,0,0,0,0,,0,0,0,0,0,,0,0,0,0,0,0,0,0,0,0,0,0,0,0,0,0,0,0,0,0,,,0,0,0,,0,0,0,0,0,,0,0,0,0,0,0,0,0,0,0,0,0
B,Candidatus_Omnitrophus_sp618,0,22,0,0,0,0,0,0,0,0,0,0,0,23,0,0,0,0,0,0,0,0,0,15,0,0,0,0,0,0,0,0,0,0,0,0,0,0,0,0,0,0,0,0,0,0,0,0,0,0,0,,0,0,0,0,0,,0,0,0,0,0,0,0,0,0,0,0,0,0,0,0,0,0,0,0,0,,,0,0,0,,0,0,0,0,0,,0,0,0,0,0,0,0,18,0,0,0,0
B,Omnitrophales_sp,0,0,0,0,0,0,0,0,0,0,0,0,0,0,0,0,0,0,0,0,0,0,0,0,0,0,0,0,0,0,0,0,0,0,0,0,0,0,0,0,0,0,0,0,0,0,0,0,0,0,0,,0,0,0,0,0,,0,0,0,0,0,0,0,0,0,0,0,0,0,0,0,0,0,0,0,0,,,0,0,0,,0,0,0,0,0,,0,0,0,0,0,0,0,5,0,0,0,0
B,Candidatus_Udaeobacter_sp,0,0,0,0,0,0,0,0,0,0,0,0,0,0,0,0,0,0,0,0,0,0,0,0,0,0,0,0,0,0,0,0,0,0,0,0,0,0,0,0,0,0,0,0,0,0,0,0,0,0,0,,0,0,0,0,0,,0,0,0,0,0,0,0,0,0,0,0,0,0,0,0,0,0,0,0,0,,,0,0,0,,75,0,0,0,0,,0,0,0,0,0,0,0,0,0,0,0,0
B,Candidatus_Udaeobacter_sp619,0,0,0,0,0,0,0,0,0,0,0,0,0,0,0,0,0,0,0,0,0,0,0,0,0,0,0,0,0,0,0,0,0,0,0,0,0,0,0,0,0,0,0,0,0,0,0,0,0,0,0,,0,0,0,0,0,,0,0,0,0,0,0,0,0,0,0,0,0,0,0,0,0,0,0,0,0,,,0,0,0,,22,0,0,0,0,,0,0,0,0,0,0,0,0,0,0,0,0
B,Chthoniobacter_sp,0,30,0,0,0,4,0,0,24,0,0,0,0,9,0,0,0,0,0,0,0,0,0,0,0,0,0,0,0,0,0,0,0,0,0,0,0,0,0,0,0,0,0,0,0,0,0,0,0,0,0,,0,0,0,0,0,,0,0,0,0,0,0,0,0,0,0,0,0,0,0,0,0,0,0,0,0,,,0,0,0,,18,0,0,0,0,,0,0,0,6,49,0,0,15,0,0,0,0
B,Chthoniobacter_sp620,0,0,68,0,0,0,0,31,0,0,0,0,0,0,0,0,0,0,0,0,0,0,0,0,0,0,0,64,42,0,0,0,0,0,0,0,0,0,0,62,58,0,0,0,0,0,0,0,0,0,0,,0,0,0,0,0,,0,0,0,0,0,0,0,0,0,0,0,0,0,0,0,0,0,0,0,0,,,0,0,0,,2,0,0,0,0,,0,0,0,0,0,0,52,0,63,0,0,0
B,Chthoniobacter_sp621,0,0,0,0,0,0,0,0,0,0,0,0,0,0,0,0,0,0,0,0,27,0,0,0,0,0,0,0,0,0,26,0,33,0,20,0,0,0,0,0,0,0,0,0,0,0,0,0,0,0,0,,0,0,0,0,0,,0,0,0,0,0,0,0,0,0,0,0,0,0,0,0,0,0,0,0,0,,,0,0,0,,0,0,0,0,0,,0,0,0,0,0,0,0,0,0,0,0,0
B,Verrucomicrobia_bacterium,0,0,0,0,0,0,0,0,0,0,0,0,0,0,0,0,0,0,0,0,0,0,0,0,0,0,0,0,0,0,0,0,0,0,0,0,0,0,0,0,0,0,0,0,0,0,0,0,0,0,0,,0,0,0,0,0,,0,0,0,0,0,0,0,0,0,0,0,0,0,0,0,0,0,0,0,0,,,0,0,0,,27,0,0,0,0,,0,0,0,0,0,0,0,0,0,0,0,0
B,Terrimicrobium_sp,0,0,0,0,0,0,0,0,0,0,0,0,0,0,0,0,0,0,0,0,0,0,0,0,0,0,0,0,0,0,0,0,0,0,0,0,0,0,0,0,0,0,0,0,0,0,0,0,0,0,0,,0,0,0,0,0,,0,0,0,0,0,0,0,0,0,0,0,0,0,0,0,0,0,0,0,0,,,0,0,0,,0,0,0,0,0,,0,0,0,0,15,0,0,0,0,0,0,0
B,Candidatus_Xiphinematobacter_sp,0,0,0,0,0,0,0,0,0,0,0,0,0,0,22,0,0,0,0,0,0,0,0,0,0,0,0,0,0,0,0,0,0,0,0,0,0,0,0,0,0,0,0,0,0,0,0,0,0,0,0,,0,0,0,0,0,,0,0,0,0,0,0,0,0,0,0,0,0,0,0,0,0,0,0,0,0,,,0,0,0,,0,0,0,0,0,,0,0,0,0,0,0,0,0,0,0,0,0
B,Unid_Methylacidiphilaceae,0,0,0,0,0,0,0,0,0,0,0,0,0,0,0,0,0,0,0,0,0,0,0,0,0,0,0,0,0,0,0,0,0,0,0,0,0,0,0,0,0,0,0,0,0,0,0,0,0,0,0,,0,0,0,0,0,,0,0,0,0,0,0,0,0,0,0,0,0,0,0,0,0,0,0,0,0,,,0,0,0,,38,0,0,0,0,,0,0,0,0,0,0,0,0,0,0,0,0
B,Unid_Methylacidiphilaceae622,0,0,0,0,0,0,0,0,0,0,0,0,0,0,0,0,0,0,0,0,0,0,0,0,0,0,0,0,0,0,0,0,0,0,0,0,0,0,0,0,0,0,0,0,0,0,0,0,0,0,0,,0,0,0,0,0,,0,0,0,0,0,0,0,0,0,0,0,0,0,0,0,0,0,0,0,0,,,0,0,0,,19,0,0,0,0,,0,0,0,0,0,0,0,0,0,0,0,0
B,Unid_Opitutaceae,79,165,56,0,131,131,84,157,195,91,107,78,115,202,51,93,0,33,0,0,181,265,265,220,14,119,150,182,124,118,176,130,101,111,0,124,158,196,211,166,116,219,0,0,0,0,0,0,0,0,0,,0,0,0,0,0,,0,0,0,0,0,0,0,0,0,0,0,0,0,0,0,0,0,0,0,0,,,0,0,0,,36,0,0,0,0,,0,208,153,128,187,138,23,225,152,111,186,188
B,Alterococcus_sp,0,25,0,0,25,0,0,0,55,0,48,18,0,0,0,0,0,0,0,0,0,0,38,0,2,0,0,0,0,33,0,31,0,27,0,0,45,42,0,32,0,0,0,0,0,0,0,0,0,0,0,,0,0,0,0,0,,0,0,0,0,0,0,0,0,0,0,0,0,0,0,0,0,0,0,0,0,,,0,0,0,,0,0,0,0,0,,0,0,0,0,35,0,0,35,0,0,0,0
B,Cephaloticoccus_sp,0,0,0,0,0,0,0,0,0,0,0,0,0,0,0,0,0,0,0,0,0,0,0,0,0,0,8,0,0,0,0,6,0,0,0,0,0,0,0,0,0,0,0,0,0,0,0,0,0,0,0,,0,0,0,0,0,,0,0,0,0,0,0,0,0,0,0,0,0,0,0,0,0,0,0,0,0,,,0,0,0,,0,0,0,0,0,,0,0,0,0,0,0,0,0,0,0,0,0
B,Ereboglobus_sp,0,0,0,0,0,0,0,0,0,0,0,0,0,0,0,0,0,0,0,0,0,0,0,0,0,0,0,0,0,0,0,0,0,0,0,0,0,0,0,0,0,0,0,0,0,0,0,0,0,0,0,,0,0,0,0,0,,0,0,0,0,0,0,0,0,0,0,0,0,0,0,0,0,0,0,0,0,,,0,0,0,,0,0,0,0,0,,0,0,0,6,0,0,0,0,0,0,0,0
B,Ereboglobus_sp623,0,0,0,0,0,0,0,0,0,0,0,0,39,0,13,0,0,0,0,0,28,19,0,42,0,0,0,0,0,0,19,0,0,0,0,0,0,0,14,0,0,0,0,0,0,0,0,0,0,0,0,,0,0,0,0,0,,0,0,0,0,0,0,0,0,0,0,0,0,0,0,0,0,0,0,0,0,,,0,0,0,,0,0,0,0,0,,0,0,0,0,0,33,0,0,28,0,30,0
B,Lacunisphaera_sp,0,40,0,0,22,32,0,0,29,26,0,0,52,0,0,22,14,0,0,0,43,38,65,0,0,37,29,16,0,0,21,20,45,0,0,13,0,0,0,2,0,0,0,0,0,0,0,0,0,0,0,,0,0,0,0,0,,0,0,0,0,0,0,0,0,0,0,0,0,0,0,0,0,0,0,0,0,,,0,0,0,,0,0,0,0,0,,33,32,0,0,29,29,14,0,0,0,52,39
B,Lacunisphaera_limnophila,0,0,0,0,0,0,0,0,0,0,0,0,0,0,0,0,0,0,0,0,0,0,0,0,0,0,0,0,0,0,0,0,0,0,0,0,0,38,0,0,0,0,0,0,0,0,0,0,0,0,0,,0,0,0,0,0,,0,0,0,0,0,0,0,0,0,0,0,0,0,0,0,0,0,0,0,0,,,0,0,0,,0,0,0,0,0,,0,0,0,0,0,0,0,0,0,0,0,0
B,Lacunisphaera_sp624,0,0,36,0,0,0,12,0,0,0,0,0,0,0,0,0,0,0,0,0,0,0,0,0,0,0,0,0,0,0,0,0,0,0,0,0,0,0,0,0,0,38,0,0,0,0,0,0,0,0,0,,0,0,0,0,0,,0,0,0,0,0,0,0,0,0,0,0,0,0,0,0,0,0,0,0,0,,,0,0,0,,39,0,0,0,0,,0,0,0,0,0,0,0,0,0,44,0,0
B,Opitutus_sp,0,0,3,0,0,0,65,0,0,0,0,0,0,0,0,0,0,0,49,138,0,0,0,0,0,0,0,0,0,0,0,0,0,0,0,0,0,0,0,0,39,0,0,0,0,0,0,0,0,0,0,,0,0,0,0,0,,0,0,0,0,0,0,0,0,0,0,0,0,0,0,0,0,0,0,0,0,,,0,0,0,,0,0,0,0,0,,0,0,0,0,0,0,45,0,0,0,0,0
B,Opitutus_sp625,0,0,98,0,0,0,0,0,0,0,59,35,0,0,0,0,0,0,0,0,41,0,0,0,0,0,0,0,0,0,0,0,0,0,0,0,0,0,0,0,0,0,0,0,0,0,0,0,0,0,0,,0,0,0,0,0,,0,0,0,0,0,0,0,0,0,0,0,0,0,0,0,0,0,0,0,0,,,0,0,0,,0,0,0,0,0,,57,0,0,0,0,0,0,0,0,0,0,0
B,Verrucomicrobia_bacterium626,0,0,0,0,0,0,0,0,0,0,0,0,0,0,0,0,0,0,0,0,0,0,0,0,0,0,0,0,0,0,0,0,0,0,0,0,0,0,0,0,0,0,0,0,0,0,0,0,0,0,0,,0,0,0,0,0,,0,0,0,0,0,0,0,0,0,0,0,0,0,0,0,0,0,0,0,32,,,0,0,0,,0,0,0,0,0,,0,0,0,0,0,0,0,0,0,0,0,0
B,Unid_Opitutaceae627,0,0,0,0,0,0,0,0,0,0,0,13,0,0,0,0,0,0,0,0,0,0,0,0,0,0,0,0,0,0,0,0,0,0,0,0,0,0,0,0,0,0,0,0,0,0,0,0,0,0,0,,0,0,0,0,0,,0,0,0,0,0,0,0,0,0,0,0,0,0,0,0,0,0,0,0,0,,,0,0,0,,0,0,0,0,0,,0,0,0,0,0,0,0,0,43,18,0,0
B,soda_lake,0,0,0,0,0,0,0,0,0,0,0,0,0,0,0,0,0,0,0,0,0,0,0,0,0,0,0,0,0,0,0,0,0,0,0,0,0,0,0,0,0,0,0,0,0,0,0,0,0,0,0,,0,0,0,0,0,,0,0,0,0,0,0,0,0,0,0,0,0,0,0,0,0,0,0,0,0,,,0,0,0,,0,0,0,0,0,,0,0,0,0,0,0,0,0,0,0,0,25
B,Unid_Pedosphaeraceae,0,0,0,70,0,0,0,0,0,0,0,0,4,0,0,6,103,0,0,0,0,0,0,0,0,0,0,38,0,29,0,0,0,0,0,21,0,0,0,0,0,0,0,0,0,0,0,0,0,0,0,,0,0,0,0,0,,0,0,0,0,0,0,0,0,0,0,0,0,0,0,0,0,0,0,0,0,,,0,0,0,,29,0,0,0,0,,0,0,48,0,0,45,0,0,0,0,0,0
B,Unid_Pedosphaeraceae628,0,0,0,0,0,0,0,0,0,0,0,0,0,0,0,0,0,0,0,0,0,0,0,0,0,0,0,0,0,0,0,0,0,0,0,0,0,0,0,0,0,0,0,0,0,0,0,0,0,0,0,,0,0,0,0,0,,0,0,0,0,0,0,0,0,0,0,0,0,0,0,0,0,0,0,0,0,,,0,0,0,,97,0,0,0,0,,0,0,0,0,0,0,0,0,0,0,0,0
B,Unid_Pedosphaeraceae629,0,0,0,0,37,0,0,0,0,0,0,43,0,40,0,21,0,0,0,0,3,26,0,5,0,0,0,0,0,24,0,0,0,0,0,0,0,0,0,29,0,0,0,0,0,0,0,0,0,0,0,,0,0,0,0,0,,0,0,0,0,0,0,0,0,0,0,0,0,0,0,0,0,0,0,0,0,,,0,0,0,,0,0,0,0,0,,0,0,0,0,0,0,0,0,0,0,0,0
B,Unid_Pedosphaeraceae630,0,0,0,0,0,0,0,0,0,0,0,0,0,0,0,0,0,0,0,0,0,0,0,0,0,0,0,0,0,0,0,0,0,0,0,0,0,0,0,1,0,0,0,0,0,0,0,0,0,0,0,,0,0,0,0,0,,0,0,0,0,0,0,0,0,0,0,0,0,0,0,0,0,0,0,0,0,,,0,0,0,,0,0,0,0,0,,0,0,0,0,0,0,0,0,0,0,0,0
B,Unid_Pedosphaeraceae631,0,0,0,26,0,0,0,0,0,0,0,0,0,0,0,0,0,0,37,0,0,0,0,0,0,0,0,0,0,0,0,0,0,0,0,0,0,0,0,0,0,0,0,0,0,0,0,0,0,0,0,,0,0,0,0,0,,0,0,0,0,0,0,0,0,0,0,0,0,0,0,0,0,0,0,0,0,,,0,0,0,,0,0,0,0,0,,0,0,0,28,0,0,0,89,0,0,0,0
B,Unid_Pedosphaeraceae632,0,25,0,0,0,0,0,0,0,21,0,0,0,0,0,0,4,0,0,24,0,0,40,0,0,0,0,35,0,0,0,0,0,0,0,0,0,0,0,0,18,0,0,0,0,0,0,0,0,0,0,,0,0,0,0,0,,0,0,0,0,0,0,0,0,0,0,0,0,0,0,0,0,0,0,0,0,,,0,0,0,,0,0,0,0,0,,50,0,0,0,0,0,0,0,0,0,0,0
B,Pedosphaeraceae_sp,0,0,0,0,23,0,19,15,0,0,44,0,151,0,53,214,0,0,0,0,119,14,0,67,12,0,21,0,36,0,16,17,0,0,16,40,22,35,28,6,106,14,0,0,0,0,0,0,0,0,0,,0,0,0,0,0,,0,0,0,0,0,0,0,0,0,0,0,0,0,0,0,0,0,0,0,0,,,0,0,0,,0,0,0,0,0,,0,0,0,0,0,0,0,0,15,24,0,0
B,Pedosphaeraceae_sp633,12,14,55,33,6,52,21,10,23,45,14,1,52,12,74,33,50,24,7,0,44,0,41,2,0,0,0,0,30,33,18,21,0,0,22,37,0,7,0,0,0,0,0,0,0,0,0,0,0,0,0,,0,0,0,0,0,,0,0,0,0,0,0,0,0,0,0,0,0,0,0,0,0,0,0,0,0,,,0,0,0,,0,0,0,0,0,,0,38,0,23,27,29,23,0,13,43,94,39
B,Pedosphaeraceae_sp634,0,0,0,0,0,0,0,0,0,0,0,0,0,0,0,0,0,0,0,0,0,0,0,0,0,0,0,0,0,0,0,0,0,0,0,0,0,0,0,0,0,0,0,0,0,0,0,0,0,0,0,,0,0,0,0,0,,0,0,0,0,0,0,0,0,0,0,0,0,0,0,0,0,0,0,0,0,,,0,0,0,,0,0,0,0,0,,0,0,0,0,0,0,33,0,0,0,27,0
B,Pedosphaeraceae_sp635,141,224,270,118,147,79,191,192,260,104,160,135,0,154,0,0,0,0,269,127,98,146,156,130,289,185,214,108,194,243,159,312,0,101,158,61,248,245,179,0,0,250,0,0,0,0,0,0,0,0,0,,0,0,0,0,0,,0,0,0,0,0,0,0,0,0,0,0,0,0,0,0,0,0,0,0,0,,,0,0,0,,0,0,0,0,0,,194,260,221,145,202,106,263,238,174,0,147,0
B,Pedosphaeraceae_sp636,0,0,0,0,0,0,0,0,0,0,0,0,0,0,0,1,0,48,0,0,0,0,0,0,0,0,0,15,0,0,0,0,32,0,0,0,0,0,0,0,6,0,0,0,0,0,0,0,0,0,0,,0,0,0,0,0,,0,0,0,0,0,0,0,0,0,0,0,0,0,0,0,0,0,0,0,0,,,0,0,0,,0,0,0,0,0,,0,0,0,0,0,0,0,1,0,0,0,9
B,Unid_Pedosphaeraceae637,85,85,0,0,160,130,0,0,0,149,191,0,32,0,0,145,313,0,50,0,0,0,0,0,0,0,0,116,31,132,57,28,0,33,54,95,0,0,0,210,0,0,0,0,0,0,0,0,0,0,0,,0,0,0,0,0,,0,0,0,0,0,0,0,0,0,0,0,0,0,0,0,0,0,0,0,0,,,0,0,0,,0,0,0,0,0,,145,198,70,156,47,95,1,0,0,0,158,0
B,bacterium_enrichment638,0,0,0,0,0,0,0,0,0,0,0,0,0,0,0,0,0,0,0,0,0,0,0,0,0,0,0,0,0,0,0,0,0,0,0,0,0,0,0,0,0,0,0,0,0,0,0,0,0,0,0,,0,0,0,0,0,,0,0,0,0,0,0,0,0,0,0,0,0,0,0,0,0,0,0,0,0,,,0,0,0,,25,0,0,0,0,,0,0,0,0,0,0,0,0,0,0,0,0
B,Unid_Pedosphaeraceae639,0,0,0,0,15,0,0,0,0,0,0,0,0,0,0,0,0,75,0,0,0,0,0,0,0,0,0,0,0,0,0,0,0,0,0,0,0,0,0,0,0,0,0,0,0,0,0,0,0,0,0,,0,0,0,0,0,,0,0,0,0,0,0,0,0,0,0,0,0,0,0,0,0,0,0,0,0,,,0,0,0,,0,0,0,0,0,,0,0,0,0,0,0,0,0,0,0,0,0
B,Unid_Pedosphaeraceae640,0,0,0,0,0,0,0,0,0,0,0,0,0,14,0,0,0,0,0,0,0,0,0,0,0,0,0,0,0,0,0,0,14,0,0,0,0,0,0,0,0,0,0,0,0,0,0,0,0,0,0,,0,0,0,0,0,,0,0,0,0,0,0,0,0,0,0,0,0,0,0,0,0,0,0,0,0,,,0,0,0,,0,0,0,0,0,,0,0,0,0,0,0,0,0,0,17,0,0
B,Unid_Pedosphaeraceae641,0,0,0,0,0,0,68,0,0,0,0,155,0,0,102,0,0,0,0,88,0,98,168,169,0,0,0,0,0,0,144,104,0,89,0,0,0,0,104,0,119,0,0,0,0,0,0,0,0,0,0,,0,0,0,0,0,,0,0,0,0,0,0,0,0,0,0,0,0,0,0,0,0,0,0,0,6,,,0,0,0,,0,0,0,0,0,,0,0,0,0,0,0,0,0,43,127,0,136
B,Unid_Verrucomicrobiae,0,0,0,0,0,0,0,0,0,0,10,0,0,0,0,0,0,0,0,0,0,0,0,0,0,0,0,0,0,0,0,0,0,0,0,0,0,0,0,0,0,0,0,0,0,0,0,0,0,0,0,,0,0,0,0,0,,0,0,0,0,0,0,0,0,0,0,0,0,0,0,0,0,0,0,0,0,,,0,0,0,,0,0,0,0,0,,0,0,0,0,0,0,0,0,0,0,0,0
B,Unid_Verrucomicrobiae642,0,0,0,0,0,15,0,0,0,0,0,0,0,0,0,0,0,0,0,0,0,0,0,0,0,0,0,0,0,0,0,0,0,0,0,0,0,0,0,0,0,0,0,0,0,0,0,0,0,0,0,,0,0,0,0,0,,0,0,0,0,0,0,0,0,0,0,0,0,0,0,0,0,0,0,0,0,,,0,0,0,,0,0,0,0,0,,0,0,0,0,0,0,0,0,0,0,0,0
B,Luteolibacter_sp,0,0,0,0,0,0,0,0,0,0,0,0,0,0,0,0,0,0,0,0,0,0,0,0,0,14,0,0,0,0,0,0,27,0,0,0,0,0,0,0,0,38,0,0,0,0,0,0,0,0,0,,0,0,0,0,0,,0,0,0,0,0,0,0,0,0,0,0,0,0,0,0,0,0,0,0,0,,,0,0,0,,0,0,0,0,0,,0,0,0,0,0,0,0,0,0,0,0,0
B,Luteolibacter_flavescens,0,0,0,0,0,0,0,0,0,0,0,0,0,0,0,0,0,0,0,0,22,0,0,0,0,0,0,0,0,0,0,40,0,0,54,0,0,0,0,0,0,0,0,0,0,0,0,0,0,0,0,,0,0,0,0,0,,0,0,0,0,0,0,0,0,0,0,0,0,0,0,0,0,0,0,0,0,,,0,0,0,,0,0,0,0,0,,0,0,0,0,0,0,0,0,0,0,0,0
B,Luteolibacter_sp643,0,0,0,0,24,0,0,0,0,0,0,0,0,37,0,0,0,0,0,0,0,0,33,0,0,0,0,0,0,0,0,0,0,0,0,0,0,0,0,0,0,0,0,0,0,0,0,0,0,0,0,,0,0,0,0,0,,0,0,0,0,0,0,0,0,0,0,0,0,0,0,0,0,0,0,0,0,,,0,0,0,,0,0,0,0,0,,0,0,0,0,0,0,0,0,0,0,16,0
B,Luteolibacter_sp644,0,0,0,0,0,0,0,0,0,0,0,0,29,0,0,0,0,0,0,0,0,0,0,0,0,0,0,0,0,0,0,0,0,0,0,0,0,0,0,0,0,0,0,0,0,0,0,0,0,0,0,,0,0,0,0,0,,0,0,0,0,0,0,0,0,0,0,0,0,0,0,0,0,0,0,0,0,,,0,0,0,,0,0,0,0,0,,0,0,0,0,0,0,0,0,0,0,0,0
B,Luteolibacter_sp645,0,0,0,0,0,0,0,0,0,0,0,0,0,0,0,0,0,0,0,0,0,0,0,0,0,0,0,0,0,0,0,0,0,0,0,0,71,0,0,0,0,0,0,0,0,0,0,0,0,0,0,,0,0,0,0,0,,0,0,0,0,0,0,0,0,0,0,0,0,0,0,0,0,0,0,0,0,,,0,0,0,,0,0,0,0,0,,0,0,0,0,0,0,0,0,0,0,0,0
B,Verrucomicrobiaceae_bacterium,0,0,0,0,0,0,0,0,0,0,0,0,0,0,0,0,0,0,0,0,0,0,0,0,0,0,0,0,0,0,0,0,0,0,0,0,0,24,0,0,0,0,0,0,0,0,0,0,0,0,0,,0,0,0,0,0,,0,0,0,0,0,0,0,0,0,0,0,0,0,0,0,0,0,0,0,0,,,0,0,0,,0,0,0,0,0,,0,0,0,0,0,0,0,0,0,0,0,0
B,Prosthecobacter_sp,0,0,0,0,0,0,0,0,0,0,0,0,0,0,0,0,0,0,0,0,0,0,0,0,0,0,0,0,0,0,0,0,0,0,0,0,0,0,0,0,0,0,0,0,0,0,0,0,0,0,0,,0,0,0,0,0,,0,0,0,0,0,0,0,0,0,0,0,0,0,0,0,0,0,0,0,0,,,0,0,0,,0,0,0,0,0,,0,0,0,0,0,0,0,0,0,0,17,0
B,Prosthecobacter_sp646,0,0,0,0,0,0,7,0,0,0,0,0,0,0,0,0,0,0,0,0,0,0,0,0,0,0,0,0,0,0,0,0,0,0,0,0,0,0,0,0,0,0,0,0,0,0,0,0,0,0,0,,0,0,0,0,0,,0,0,0,0,0,0,0,0,0,0,0,0,0,0,0,0,0,0,0,0,,,0,0,0,,0,0,0,0,0,,0,0,0,0,0,0,0,0,0,0,0,0
B,Roseimicrobium_sp,0,0,0,0,0,0,0,0,0,0,0,8,0,0,0,0,0,0,0,0,0,0,0,0,0,0,0,0,0,0,0,0,0,0,0,0,0,0,0,0,0,0,0,0,0,0,0,0,0,0,0,,0,0,0,0,0,,0,0,0,0,0,0,0,0,0,0,0,0,0,0,0,0,0,0,0,0,,,0,0,0,,0,0,0,0,0,,0,0,0,0,0,0,0,0,0,19,0,9
B,Roseimicrobium_sp647,0,0,0,0,0,0,0,0,0,0,0,0,0,0,0,0,0,0,0,0,0,0,0,0,0,0,0,0,0,0,0,0,0,0,0,0,0,0,0,0,0,0,0,0,0,0,0,0,0,0,0,,0,0,0,0,0,,0,0,0,0,0,0,0,0,0,0,0,0,0,0,0,0,0,0,0,0,,,0,0,0,,0,0,0,0,0,,0,0,0,0,0,0,0,0,0,9,0,0
B,Unid_Verrucomicrobiaceae,0,0,0,0,0,0,0,0,0,0,0,0,9,0,0,0,0,0,0,0,0,8,0,0,0,0,0,0,0,9,0,0,0,0,8,0,0,0,0,0,0,0,0,0,0,0,0,0,0,0,0,,0,0,0,0,0,,0,0,0,0,0,0,0,0,0,0,0,0,0,0,0,0,0,0,0,0,,,0,0,0,,0,0,0,0,0,,15,0,0,12,0,0,0,11,7,0,0,0
B,Verrucomicrobium_sp,0,6,0,0,0,0,0,0,0,0,0,0,0,0,0,0,0,0,0,0,0,0,0,0,0,0,0,0,0,0,0,0,0,0,0,0,0,0,0,0,0,0,0,0,0,0,0,0,0,0,0,,0,0,0,0,0,,0,0,0,0,0,0,0,0,0,0,0,0,0,0,0,0,0,0,0,0,,,0,0,0,,0,0,0,0,0,,0,0,0,0,0,0,0,0,0,0,0,0
B,Unid_Bacteria,0,0,0,0,0,0,0,0,0,0,0,0,0,0,0,0,0,0,0,0,0,0,0,0,0,0,0,10,0,0,0,0,0,0,0,0,0,0,0,0,0,0,0,0,0,0,0,0,0,0,0,,0,0,0,0,0,,0,0,0,0,0,0,0,0,0,0,0,0,0,0,0,0,0,0,0,0,,,0,0,0,,0,0,0,0,0,,0,0,0,0,0,0,12,0,0,5,0,0
